Item,SKU,Serial number,Barcode,Brand,Supplier,Quantity sold, Sales (inc. tax) , Sales (Ex. tax) , Order discounts , Discount offers , Total markup value , Purchase cost , Gross profit ,Margin %
LABOUR,LABOUR,,DDC5C932,,,20814,"$34,667.13","$31,529.04","$9,192.12",$0.00,"$2,386.50","$1,896.25","$29,632.79",93.99
LABOUR - WARRANTY,WARRANTY-LABOUR,"FIRST COMPLIMENTARY SERVICE, HUBTIGER 000519, V8S48V61070036, V9S52V6121030053",FFDBA625,,,2061,$135.00,$150.00,"$2,965.50",$0.00,$0.50,$0.00,$150.00,100
"ZERO Inner Tubes E-Scooters / 8 x 2.5"" Bent Valve",ZER-INNER-TUBE-8x2.5-BNT,,11A46167,Zero,Falcon PEV Pte Ltd,715,"$10,769.62","$9,790.55",$92.97,$0.00,$1.05,"$6,177.62","$3,612.93",36.9
"ZERO Inner Tubes E-Scooters / 10 x 2"" Bent Valve",ZER-INNER-TUBE-10x2-BNT,,29126AF8,Zero,Falcon PEV Pte Ltd,393,"$6,674.77","$6,067.97",$160.36,$0.00,$0.00,"$3,684.46","$2,383.51",39.28
ZERO 8 Electric Scooter / 48V 10.4AH,ZERO-8-48V10.4,"F8410210417003, F8410210417026, F8410210417003, F8410210417026, F8410210417012, F8410210417050, F8410210417068, F8410210417042, F8410210417090, F8410210417036, F8410210417072, F8413210417033, F8410210417040, F8410210417073, F8410210417065, F8410210417022, SINC, F84102104052, F8410210417011, F8410210417030, F8410210417084, F8410210417091, F8410210417009, F8410210417098, F8410210417080, F8410210417028, F8410210417067, F8410210417032, F8410210417023, F8410210417062, F8410210417035, F8410210417060, F8410210417016, F8410210417082, F8410210417078, F8410210417061, F8410210417064, F8410210417021, F8410210417017, F8410210417033, F8410210417031, F8410210417076, F8410210417025, F8410210417057, F8410210417087, F8410210417075, taking deposit, F8410210417042, F8410210417041, F8410210805087, F8410210805167, F8410210805071, F8410210805090, F8410210805050, F8410210805044, F8410210805172, F8410210805006, F8410210805007, F8410210805037, F8410210805029, F8410210805176, F8410210805022, F8410210805180, F8410210805085, F8410210805089, F8410210805053, F8410210805068, F8410210805055, F8410210805114, F8410210805074, F8410210805067, F8410210805010, F8410210805016, F8410210805062, F8410210805196, F8410210805048, F8410210805051, F8410210805105, F8410210805137, F8410210805097, F8410210805063, f8410210805041, f8410210805045, F8410210805082, F8410210805106, F8410210805170, F8410210805015, F8410210805100, F8410210805040, F8410210805025, F8410210805011, F8410210805117, F8410210805171, F8410210805120, F8410210805018, F8410210805002, F8410210805161, F8410210805156, F8410210805181, F8410210805124, F8410210805121, F8410210805190, F8410210805178, F8410210805039, F8410210805123, F8410210417049, F8410210417039, F841021085054, F841021085033, F841021085128, F841021085061, F8410210805155, F8410210805054, F8410210805145, F8410210805169, F8410210805086, F8410210805112, F8410210805136, F8410210805193, F8410210805130, F8410210805125, F8410210805141, F8410210805115, F841020805109, F8410210805115, F841020805109, F8410210805179, F8410210805168, F8410210805031, F8410210805154, F8410210805008, F8410210805013, F8410210805046, F8410210805150, F8410210805082, F8410210805005, F8410210805187, F8410210805186, F8410210805047, F8410210805143, F8410210805056, F8410210805177, F8410210805198, F8410210805133, F8410210805021, shopify order 1002, F8410210805151, F8410210805127, F8410210805049, F8410210805146, F8410210805027, F8410210805173, F8410210805043, F84102108050092, F8410210805104, F8410210805163, F8410210805165, F8410210805149, F8410210805065, F8410210805138, F8410210805188, F8410210805014, F8410210805148, F8410210805102, F8410210805080, F8410210805017, f8410210805022, f8410210805128, f8410210805022, F8410210805152, F8410210805200, F8410210805184, F8410210805079, F8410210805139, F8410210805052, F8410210805126, F8410210805066, F8410210805009, F8410210805078, F8410210805195, F8410210805166, F8410210805075, F8410210805070, F8410210805197, F8410210805032, F8410210805119, F8410210805147, F8410210805084, F8410210805076, F8410210805191, F8410210805038, F8410210805108, F8410210805140, F8410210805183, F8410210805094, F8410210805131, F8410210805073, F8410210805096, F8410210805030, F8410210805003, F8410210805162, F8410210805098, SN, preorder, SN., SN, F8410210805110, F8410210805107, F8410210805035, F8410210805088, F8410210805001, F8410210805103, F8410210805145, F8410210805145, Border 7, Border 6, Border 5, F8410210805052, F8410210805004, F8410210805160, F8104, F8410210805200, F8410210805079, CTP2, 4, 3, 2, 1, F8410210805012, F8410210805064, F8410210805079, F8410210805184, F8410210805111, F8410210805189, F8411021080513, F810210805118, F8410210805019, F8410210805129, F8410210805158, F8410210805057, F8410211022004, F841021122026, F841021122009, F841021122008, F841021122011, F841021122007, F8410211022013, F4410211022017, F8410211022023, F8410211022027, F4410211022014, F8410210805134, F8410218005034, TBA, F8410211022030, F8410211022019, F8410211022025, F8410211022001, F8413211022010, F8410211022012, F8410211022021, F8410211022016, F8410210805181, F8410210805139, F8410210805192, F8410210805091, F8410211022029, F8410211022019, F8410210805024, F8410211022018, F8410211022020, F8410210805028, F8410210805060, TO BE ADVISED, F8410220328042, F8410220328028, F8410220328004, F8410220328026, F8410220328031, F8410220328012, F8410220328040, F8410220328032, F8410220328013, F8410220328025, F8410220328039, F8410220328035, F8410220328050, F8410220328044, F8410220328038, F8410220328034, F8410220328049, F8410220328041, F8410220328021, F8410220328022, F8410220328019, F8410220328017, F8410220328036, F8410220328023, F8410220328029, F8410220328037, F8410220328001, F8410220328047, F8410220328011, F8410220328033, F8410220328030, F8410220328008, F8410220328020, F8410220328024, F8410220328006, F8410220328003, F8410220328016, F8410220328014, F8410220328002, F8410220328027, F841022032009, F841022032010, F8410220328015, F8410220328018, F8410220328046, F8410220328048, F8410220328043, F8410220328045, F8410220328007, F8410220630075, F8410220630036",26D43F74,Zero,Falcon PEV Pte Ltd,320,"$249,627.35","$226,933.96","$1,645.15",$0.00,$27.00,"$176,594.72","$50,339.24",22.18
"ZERO Inner Tubes E-Scooters / 10 x 2.5"" Bent Valve",ZER-INNER-TUBE-10x2.5-BNT,,B9354155,Zero,Falcon PEV Pte Ltd,273,"$4,834.26","$4,395.80",$266.31,$0.00,$0.00,"$2,799.75","$1,596.05",36.31
VSETT 9+ Electric Scooter / 48V 19.2 LG,VSETT-9+-19.2-LG,"V9P48V612030046, PRE ORDER 2, PRE ORDER, $200 deposit paid, V9P48V6121070007, PRE ORDER, V9P48V6121070016, V9P48V6121070002, V9P48V6121070003, V9P48V6121070001, V9P48V6121070014, V9P48V6121070004, V9P48V6121070009, V9P48V6121070018, V9P48V6121070008, V9P48V6121070005, V9P48V6121070011, V9P48V6121070017, V9P48V6121070007, V9P48V6121070019, V9P48V6121070015, V9P48V6121070012, V9P48V6121070010, PRE ORDER, V9P48V6121030055, deposit, deposit 250, deposit 2, pre order, ON PRE ORDER, pre order, pre order, V948V6121100030, V948V6121100019, V948V6121100006, V948V6121100004, V948V6121100026, V948V6121100036, pre order, V9P48V6121100023, V9P48V6121100024, V9P48V6121100039, V9P48V6121100029, V9P48V6121100021, V9P48V6121100005, V9P48V6121100003, V9P48V6121100027, V9P48V6121100028, V9P48V6121100017, V9P48V6121100002, VP948V6121100012, VP948V6121100013, VP948V6121100007, VP948V6121100035, VP948V6121100009, VP948V6121100011, VP948V6121100010, VP948V61211000008, VP948V6121100031, VP948V6121100034, V9P48V6121100032, V9P48V6121100037, V9P48V6121100014, V9P48V6121100001, V9P48V6121100022, TBA2, TBA, V9P48V61210040, V9P48V61210038, V9P48V6121100033, Pre -order, V9P48V6121120002, V9P48V6121120041, V9P48V4421070098, V9P48V4421070014, V9P48V6121120036, V9P48V612112019, V9P48V612112014, V9P48V612112015, V9P48V4421070089, V9P48V4421070003, V9P48V4421070020, V9P48V4421070036, V9P48V4421070008, V9P48V6121120005, V9P48V6121120001, V9P48V4421070088, V9P48V4421070028, V9P48V61211120016, V9P48V61211120033, V9P48V61211120025, V9P48V61211120010, V9P48V4421070011, V9P48V4421070027, V9P48V6121120037, V9P48V6121120026, V9P48V612112000042, V9P48V6121120022, V9P48V6121120049, V9P48V6121120023, V9P48V6121120032, V9P48V6121120034, V9P48V6121120038, V9P48V6121120018, V9P48V6121120048, V9P48V6121120023, V9P48V6121120007, V9P48V6121120003, TBA, pre order, v9p48v6121120020, V9P48V4421070088, V9P1, V9P2, V9P3, V9P4, V9P5, V9P48V6121120039, V9P48V6121120043, V9P48V6121120006, V9P48V4421070088, V9P48V612201044, V9P48V612201045, V948V612201067, V948V612201062, V948V612201068, V948V612201041, V9P48V612201051, V9P48V612201066, V9P48V612201072, V9P48V612201058, V9P48V612201064, V9P48V4421070088, V9P48V6121120046, V9P48V6121120050, V9P48V6121120045, V9P48V612201061, V9P48V6121120012, V9P48V6121120029, V9P48V6121120011, V9P48V6121120044, V9P48V6121120031, V9P48V612201071, V9P48V612201047, V9P48V612201059, V9P48V612201048, V9P48V612201078, V9P48V612201053, V9P48V612201073, V9P48V612201077, V9P48V4421070028, V9P48V612201069, V9P48V612201057, V9P48V612201050, V9P48V612202054, V9P48V612202058, V9P48V612202036, V9P48V612201056, V9P48V612201043, V9P48V612201055, V9P48V612202043, V9P48V6121120076, V9P48V612201052, V9P48V612201042, V9P48V612201060, V9P48V612201074, V9P48V612201065, V9P48V612202047, V9P48V612202044, V9P48V612202059, V9P48V612202057, V9P48V612201079, V9P48V612202032, V9P48V612202039, V9P48V612202034, V9P48V612202049, V9P48V612202035, V9P48V612202038, V9P48V612202040, V9P48V612202037, V9P48V612202042, V9P48V612202031, V9P48V612202050, V9P48V612202056, V9P48V612202041, V9P48V612202060, TBC, v9448v612201076, V9P48V612202051, V9P48V612202055, V9P48V612202053, V9P48V612201080, TBA, TBA1, V9P48V612201080, V9P48V612201063, V9P48V612202048, V9P48V612202046, V9P48V6121120009, V9P48V612201070, V9P48V6121120040, V9P48V6121120040",02BBEC66,VSETT,Ningbo Vsett,201,"$345,462.38","$314,056.71","$6,779.12",$0.00,$0.00,"$287,248.49","$26,808.22",8.54
VSETT 10+ Electric Scooter / 60V 25.6 LG,VSETT-10+-25.6-LG,"V10P60V6121030034, V10P60V6121030034, V10P60V6121030034, Vsett 10+, V10P60V6121030024, V10P60V6121070047, V10P60V6121070097, V10P60V6121070084, V10P60V6121070060, V10P60V6121070042, V10P60V6121070092, V10P60V6121070095, V10P60V6121070072, V10P60V6121070041, V10P60V6121070079, V10P60V6121070056, V10P60V6121070080, V10P60V6121070044, V10P60V6121070094, V10P60V6121070099, V10P60V6121070077, V10P60V6121070075, V10P60V6121070048, V10P60V6121070065, V10P60V6121070098, V10P60V6121070066, V10P60V6121070088, V10P60V6121070096, V10P60V6121070090, V10P60V6121070063, V10P60V6121070087, V10P60V6121070086, V10P60V6121070070, V10P60V6121070093, V10P60V6121070082, V10P60V6121070085, V10P60V6121070049, V10P60V6121070071, V10P60V6121070076, V10P60V6121070053, V10P60V6121070052, V10P60V6121070045, V10P60V6121070068, V10P60V6121070059, V10P60V6121070055, V10P60V6121070061, V10P60V6121070066, V10P60V6121070054, V10P60V6121070081, V10P60V6121070069, V10P60V6121070074, V10P60V6121070051, V10P60V6121070067, V10P60V6121070078, V10P60V6121070057, V10P60V6121070073, V10P60V6121070064, V10P60V6121070089, V10P60V6121070058, V10P60V612070100, V10P60V6121070091, V10P60V6121070043, V10P60V6121070062, v10+25.6 per order, V10+preorder25.6, pre porder, V10P60V6121070046, V10P60V612110101, V10P60V612110087, V10P60V6121100112, V10P60V6121100117, V10P60V6121100107, V10P60V6121100128, V10P60V6121100095, V10P60V6121100088, V10P60V6121100067, V10P60V61211000132, V10P60V6121100098, V10P60V61211000102, V10P60V61211000099, V10P60V61211000094, V10P60V61211000086, V10P60V61211000124, V10P60V61211000142, V10P60V61211000143, V10P60V61211000130, V10P60V61211000134, V10P60V61211000131, V10P60V61211000120, V10P60V61211000125, V10P60V61211000121, V10P60V61211000133, V10P60V61211000123, V10P60V61211000126, V10P60V61211000091, V10P60V61211000127, V10P60V61211000093, V10P60V61211000129, V10P60V61211000109, V10P60V61211000053, V10P60V61211000066, V10P60V6121100137, V10P60V6121100055, V10P60V6121100062, V10P60V6121100070, V10P60V6121100145, V10P60V6121100138, V10P60V6121100092, V10P60V6121100112, V10P60V6121100140, V10P60V6121100136, V10P60V6121100135, V10P60V6121100105, V10P60V6121100100, V10P60V6121100103, V10P60V6121100115, V10P60V6121100090, V10P60V6121100108, V10P60V6121100097, V10P60V6121100104, V10P60V6121100085, V10P60V6121100122, V10P60V6121100118, V10P60V6121100111, V10P60V6121100119, pre order, PRE ORDER, V10P60V6121100116, V10P60V6121100096, V10P60V6121100077, V10P60V6121100144, V10P60V6121100072, V10P60V6121100069, V10P60V6121100068, V10P60V6121100089, V10P60V6121100065, V10P60V61211100106, V10P60V61211100113, V10P60V61211100114, V10P60V61211100080, V10P60V6121100141, V10P60V6121100084, V10P60V6121100056, V10P60V6121100063, V10P60V6121100052, V10P60V6121100076, V10P60V6121100060, V10P60V6121100061, V10P60V6121100079, V10P60V6121100071, V10P60V6121120066, V10P60V6121120091, V10P60V6121120093, V10P60V6121120067, V10P60V6121120090, V10P60V6121120078, V10P60V6121120057, V10P60V612201042, V10P60V612201063, V10P60V612201050, TBA, TBA, 19, 18, 17, V10P60V612201053, V10P60V6121100035, V10P60V612110074, V10P60V612110099, V10P60V612110069, V10P60V612110083, V10P60V612110079, V10P60V612110064, TBA, V10P60V6121120084, V10P60V6121120089, V10P60V6121120086, V10P60V6121120067, V10P60V612202026, V10P60V6121120109, V10P60V6121120060, V10P60V612201046, V10P60V6121120104, V10P60V6121120082, V10P60V6121120106, TBA, TBA, TBA, V10P60V6121120107, V10P60V6121120105, V10P60V612202047, V10P60V6121120070, V10P60V6121120100, V10P60V6121120094, V10P60V6121120058, V10P60V6121120065, V10P60V6121120076, V10P60V6121120059, V10P60V6121120075, V10P60V6121120061, V10P60V6121120085, V10P60V",769728F9,VSETT,Ningbo Vsett,200,"$600,873.42","$546,248.56","$17,971.83",$0.00,$0.00,"$451,762.35","$94,486.21",17.3
ZERO 9 Electric Scooter / 48V 13AH,ZERO-9-48V13,"F9413210519068, F9413210519073, F9413210417021, F9413210417026, F9413210519063, F9413210417042, F9413210519077, F9413210417014, F9413210417028, T9413210519062, F9413210519076, F9413210417016, F9413210417018, F9413210417022, F9413210417004, F9413210417031, F9413210519067, F9413210417024, F94132104170254, F9413210417011, F9413210417006, F9413210417020, F9413210417003, F9413210417032, F9413210417035, SINC, Z91, Z92, Z93, Z94, F941320519074, SINC, zero 9, pre order - jennifer Lanzon, F94131210417011, SN, SN, F9413210417016, F9413210417024, pre order 1- janine Forster, pre order 2- janine Forster, PREORDER, F9413210805039, F9413210805028, F9413210805034, F9413210805032, F9413210805008, F9413210805007, F9413210805024, F9413210805013, F9413210805006, F9413210805023, F9413210805037, F9413210805043, F9413210805011, F9413210805040, F9413210805044, F9413210805016, F9413210805041, F9413210805050, F9413210805003, F9413210805042, F9413210805001, F9413210805031, F9413210805033, F9413210805025, F9413210805021, F9413210805036, F9413210805004, F9413210805010, F9413210805012, F9413210805022, F9413210805029, F9413210805045, F9413210805015, F9413210805027, F9413210805035, F9413210805002, F9413211022014, sn, F9413211022025, F9413211022060, F9413211022029, F9413211022061, F9413211022046, F9413211022052, F9413211022038, F9413211022074, F9413211022057, F9413211022027, F9413211022049, F9413211022044, F9413211022002, F9413211022059, F9413211022026, F9413211022008, F9413211022028, F9413211022004, F9413211022055, F9413211022005, F9413211022073, F9413211022050, F9413211022040, F9413211022022, F9413211022048, F9413211022066, F9413211022023, F9413211022072, F9413211022075, F9413211022065, F9413211022051, F9413211033047, F9413211022058, F9413211022034, F9413211022053, F9413211022016, F9413211022035, F9413211022041, F9413211022011, F9413211022013, F9413211022007, F9413211022020, F9413211022069, F9413211022001, F9413211022024, 11, 10, F9413211022006, F9413211022032, F9413211022037, F9413211022039, F9413211022003, F9413211022012, F9413211022036, F9413211022064, F9413211022036, F9413211022064, F9413211022018, F9413211022054, F94132110220062, F94132110220009, F9413211022063, preorder 2, pre order, TBA2, TBA, Pre Order, Pre Order, TBA, F9413220328017, F9413220328030, F9413220328019, F9413220328011, F9413220328007, F9413220328026, F9413220328016, F9413220328010, Pre Order, F9413220328002, F9413220328024, F9413220328009, F9413220328005, F9413220328021, F9413220328012, F9413220328029, F9413220328013, F9413220328018, F9413220328008, F9413220328025, F9413220328023, TBA, F9413220328028, F9413220328004, F9413220328014, F9413211022010",65792BC9,Zero,Falcon PEV Pte Ltd,186,"$198,705.75","$180,051.15","$2,717.50",$0.00,$118.09,"$121,650.13","$58,401.02",32.44
VSETT 8 Electric Scooter / 48V 15.6,VSETT-8-15.6,"V8S48V6121070037, V8S48V6121070034, V8S48V6121070026, V8S48V6121070047, V8S48V6121030020, V8S48V6121070048, V8S48V6121070050, V8S48V6121070010, V8S48V6121070001, V8S48V6121030014, V8S48V6121070013, V8S48V6121070038, V8S48V6121070011, V8S48V6121030018, V8S48V6121030006, V8S48V6121070041, V8S48V6121030010, V8S48V6121070012, V8S48V6121070042, V8S48V6121070039, V8S48V6121030004, V848V6121070002, V848V6121070022, V8S48V6121030025, V8S48V6121030017, V8S48V6121030016, V8S48V6121030012, V8S48V6121070005, V8S48V6121070040, V8S48V6121070015, V8S48V6121070045, V8S48V6121070017, V8S48V6121070043, V8S48V6121070023, V8S48V6121070031, V8S48V6121070031, V8S48V6121070047, V8S48V6121070018, V8S48V6121030007, V8S48V6121030013, V8S48V6121030003, V8S48V6121070028, V8S48V6121070025, V8S48V6121070044, V8S48V6121070014, V8S48V6121070029, V8S48V6121070049, V8S48V6121030005, V8S48V6121070036, V8S48V6121070021, V8S48V6121070007, V8S48V6121070020, V8S48V6121070046, V8S48V6121070004, V8S48V6121070035, V8S48V612107006, V8S48V612130015, V8S48V6121070009, V8S48V6121070003, V8S48V6121070030, V8S48V6121070016, V8S48V6121030002, V8S48V6121070024, V8S48V6121070027, V8S48V6121030022, V8S48V6121030023, V8S48V6121030009, V8S48V6121070033, V8S48V6121070008, V8S48V612070028, 1, V815.6, V8S48V6121030008, Customer to provide, VS48V6121030001, CTP 1, V8S48V6121030011, tba, V8S48V612201016, V8S48V612201014, V8S48V612201017, V8S48V612201034, V8S48V612201020, V8S48V612201002, V8S48V612201007, V8S48V612201038, V8S48V612201035, V8S48V612201040, V8S48V612201030, V8S48V612201021, V8S48V612201018, V8S48V612201003, V8S48V612201022, V8S48V612201009, V8S48V612201008, V8S48V612201037, V8S48V612201028, V8S48V612201023, V8S48V612201011, V8S48V4721120030, V8S48V4721120023, V8S48V6121030052, V8S48V612201039, V8S48V612201019, V8S48V612201001, V8S48V612201019, V8S48V612201012, V8S48V612201031, V8S48V612201032, V8S48V612201036, V8S48V612201004, V8S48V612201006, V8S48V612201029, V8S48V612201026, V8S48V612201027, V8S48V612201025, V8S48V612201024, TBA, V8S48V612201039, V8S48V612202008, V8S48V612202014, V8S48V612202010, V8S48V612202006, V8S48V612202001, V8S48V612202015, V8S48V612202011, V8S48V612202009, V8S48V612202003, V8S48V612202018, V8S48V612202005, V8S48V612202002, V8S48V612202004, V8S48V612202013, V8S48V612202020, V8S48V612202012, V8S48V612202012, V8S48V612202012, V8S48V612202020, v8s48v612201027, V8S48V612202017, V8S48V612201025, V8S48V512202007, PREORDER, PRE ORDER, V8S48V612205026, V8S48V612205074, V8S48V612205061, V8S48V612205064, V8S48V612205018, V8S48V612205011, V8S48V612205093, V8S48V612205054, V8S48V612205076, V8S48V612205035, V8P48V612205038, V8P48V612205046, V8S48V612205039, V8S48V612205055, V8S48V612205043, V8S48V612205073, V8S48V612205031, V8S48V612205029, V8S48V612205048, V8S48V612205085, V8S48V612205094, V8S48V612205087, V8S48V612205030, V8S48V612205077, V8S48V612205014, V8S48V612205051, V8S48V612205016, V8S48V612205010, REQUIRED, V8S48V612205098, V8S48V612205019, V8S48V612205095, V8S48V612205020, V8S48V612205083, V8S48V612205012, V8S48V612205023, V8S48V612205042, V8S48V612205045, t, V8S48V612205004, V8S48V612205030",6024CC6A,VSETT,Ningbo Vsett,184,"$211,714.26","$192,467.52","$2,267.99",$0.00,$0.00,"$150,284.65","$42,182.87",21.92
VSETT 10+ Electric Scooter / 60V 20.8,VSETT-10+-20.8,"V10P60V6121030017, V10P60V6121030011, V10P60V6121070016, V10P60V6121070029, V10P60V6121070033, 20.8AH, V10P60V6121070038, V10P60V6121070008, V10P60V6121070003, V10P60V6121070013, V10P60V6121070030, V10P60V6121070014, V10P60V6121070017, V10P60V6121070040, V10P60V6121070027, V10P60V6121070015, V10P60V6121070031, V10P60V6121070032, V10P60V6121070039, V10P60V6121070002, V10P60V6121070020, V10P60V6121070010, V10960V6121070011, V10P60V6121070025, V10P60V6121070021, V10P60V6121070035, V10P60V6121070007, V10P60V6121070024, V10P60V6121070004, V10P60V6121070026, V10P60V6121070028, V10P60V6121070009, V10P60V6121070018, V10P60V6121070006, V10P60V6121070034, V10P60V6121070001, V10P, V10P60V61221070022, V10P60V61221070038, V10P60V6121070036, V10P60V6121070022, PRE ORDER, tba2, SN, preorder, V10P60V6121100020, V10P60V6121100008, V10P60V612110038, V10P60V6121100009, V10P60V6121100015, V10P60V6121100010, V10P60V6121100014, V10P60V6121100027, V10P60V6121100036, V10P60V6121100016, V10P60V61211000045, V10P60V61211000043, V10P60V6121100021, V10P60V6121100019, V10P60V6121100041, V10P60V6121100044, V10P60V6121100001, V10P60V6121100048, V10P60V6121100017, V10P60V6121100006, V10P60V6121100040, V10P60V6121100032, V10P60V6121100013, V10P60V6121100024, V10P60V6121100034, V10P60V6121100029, V10P60V6121100026, V10P60V6121100049, V10P60V6121100039, V10P60V6121100046, V10P60V6121100042, V10P60V6121100003, V10P60V6121100007, V10P60V6121100002, V10P60V6121100005, V10P60V6121100028, V10P60V6121100004, V10P60V6121100018, SN, V10P60V6121100084, V10P60V6121100031, V10P60V6121100030, V10P60V6121100022, V10P60V6121100037, V10P60V6121100025, V10P60V6121100011, V10P60V6121100016, V10P60V6121100048, V10P60V6121100046, V10P60V6121100003, V10P60V6121100008, V10P60V6121100015, V10P60V6121120012, V10P60V6121120045, V10P60V6121120018, V10P60V6121120049, V10P60V6121100031, V10P60V6121100011, V10P60V6121120133, V10P60V6121100017, V10P60V6121100021CB, V10P60V6121100047, 1, V10P60V61211200021, V10P60V612201002, V10P60V612201009, V10P60V612201008, V10P60V612201029, V10P60V6121120019 DESIGNATED DEMO, TBA, 20.8AH, 16, 15, 14, 13, 12, 11, V10P60V6121120072, V10P60V612110009, V10P60V612110010, V10P60V612110002, V10P60V612110042, V10P60V612110004, V10P60V612110036, V10P60V06121100005, V10P60V6121100037, V10P60V6121100034, V10P60V6121100027, V10P60V6121100001, V10P60V6121100038, V10P60V6121100006, V10P60V6121100014, TBA, V10P60V6121120162, V10P60V612201006, V10P60V612201018, V10P60V6121100047, V10P60V6121100028, V10P60V6121100039, V10P60V612201010, V10P60V6121100022, V10P60V6121100024, V10P60V612201016, V10P60V6121100032, V10P60V612201007, V10P60V612201019, V10P60V6121100030, V10P60V6121100031, V10P60V6121100151, V10P60V612201028, V10P60V6121120019, V10P60V6121100007, TBA, V10P60V612202004, V10P60V612202005, V10P60V612202016, V10P60V6121120122, TBC, TBA, TBA, v10p60v612201017, TBC, V10P60V6121100025, V10P60V6121100020, V10P60V6121100041, V10P60V6121100013, V10P60V612201029, V10P60V6121100040, V10P60V612201021, V10P60V612202006, V10P60V612202012, V10P60V612201022, V10P60V",C8C7B055,VSETT,Ningbo Vsett,179,"$481,861.76","$438,056.14","$7,998.24",$0.00,$0.00,"$370,086.09","$67,970.05",15.52
Smartmotion E20 Step Thru / Red,SMB-E20-ST-RED,"SME20210539, SME20210152, RED, SME20210027, SME20210298, SME20210275, SME20210343, SME20210178, SME20210250, SME20210243, SME20210498, SME20210194, SME20210290, SME20210124, SME20210059, SME2021538, SME20210506, SME20210208, SME20210239, SME2021054, SME20210320, SME202100610, SME20210133, SME20210549, SME20210490, SME20210282, SME20210439, SME20210099, SME20210508, SME20210080, SME20210355, SME20210476, SME20210264, SME20210404, SME20210030, SME20210172, SME20210200, SME20210017, SME20210240, SME20210137, SME20210058, SME20210197, SME20210602, SME20210479, SME20210496, SME20210811, SME20210824, SME20210805, JANUARY 5, JANUARY 4, JANUARY 3, JANUARY 2, JANUARY, DECEMBER 5, DECEMBER 4, DECEMBER 3, DECEMBER 2, DECEMBER, SME20210560, SME20210588, SME20210501, SME20210092, SME202100597, SME20210812, SME202008208, SME20210281, SME202100610, SME202100610, SME20210811, SME20210811, Border 4, Border 3, Border 2, SME20210032, SME20210592, SME20210165, SME20210500, SME20210571, SME20210024, SME20210599, web order, SME20210253, SME20210570, SME20210587, SME20210606, RED, SME20210590, SME20210376, 2, SME20210009, SME20210583, 1, SME20210392, SME20210526, SME20210072, SME20210109, SME20210195, SME20210332, SME20210013, SME20210338, SME20210480, SME20210038, SME20210293, SME20210741, SME20210594, SME20210567, SME20210691, SME20210731, SME20210692, SME20211018, SME20210754, SME20210853, SME20210805, SME20210219, SME20210333, SME20210724, SME20210849, SME20211043, SME20210874, SME2021049, SME20210995, SME20210773, SME20210999, SME20210006, SME20210533, SME20210340, SME20210790, SME20210940, SME20210403, SME20210833, SME20210931, TBC, SME20210900, SMW20210646, SME20211016, SME20210457, SME20210309, SME20210887, SME202108809, SME20210598, TBA, SME20210767, SME20210638, SME20210875, SME2021850, SME202106043, SME20210749, SME20210766, SME20210647, SME20210211, SME20210632, SME20211019, SME20210609, SME20210575, SME20210565, SME202008186, SME20210241, SME20210679, SME20210746, SME20210649, SME20210321, SME20210914, SME202008366",BB642F40,Smartmotion,"Kunshan Cyclisport Co., Ltd",161,"$237,760.18","$216,436.02","$25,757.82",$0.00,$0.00,"$166,637.70","$49,798.32",23.01
ZERO 10X Electric Scooter / 52V 23AH LG,ZERO-10X-52V23-LG,"F10X523L210519039, F10X523L210519004, F10X523L210531048, F10x523l210531047, F10X523L210519020, F10X523L210531032, F10X523L210519038, F10X523L210519017, F10X523L210531039, F10X523L210531026, F10X523L210531013, F10X52L210531016, F10X523L210531026, F10X523L210531013, F10X523L210519019, F10X523L210531014, F10X523L210531019, F10X523L210531043, F10X523L210519016, F10X523L210519010, F10X523L210519012, F10X523L210531045, F10X523L210519009, F10X523L210531040, F10X523L210531038, F10X523L210519013, F10X523L210531022, F10X523L210519040, F1OX523L210519037, F10X523L210531046, F10X523L210519025, F10X523L210531030, F10X518210519022, pre order, just taking deposit, F10X523L210531049, F10X52L210531041, F10X523L210519027, F10X523L210531036, F10X523L210531017, F10X523L210519029, F10X523L201005064, TO BE ADVISED, TBA, F10X5231210531024, F10X523L210805007, F10X523L210805037, F10X523L210805042, F10X523L210805022, F10X523L210805040, F10X523L210805002, F10X523L210805030, F10X523L210805029, F10X523L210805018, F10X523L210805013, F10X523L210805032, F10X523L210805039, F10X523L210805047, F10X523L210805014, F10X523L210805006, F10X523L210805031, F10X523L210805004, F10X523L210805016, F10X523L210805017, F10X523L210805023, F10X, F10X523L210805028, F10X523L201113003, F10X523L210805033, F10X23L210805005, F10X523L210805001, F10X523L210805034, F10X523L210805021, F10X523L210805038, F10X523L210805008, F10X0000000000, SN, F10X523L210805010, F10X518210805024, F10X523L210805019, F10X523L210805050, F10X523L210805009, F10X523L210519012, F10X523L210519012, F10X523L210805036, CUSTOMER, F10X523L210805043, F10X523L210805026, F10X523L210805045, F10X523L210805012, F10X52L210805048, F10X523L210805300, F10X23L211022050, F10X523L211022010, F10X523L211022029, F10X523L211022007, F10X523L211022004, F10X523L211022035, F10X523L211022037, F10X523L211022019, F10X523L211022023, F10X523L211022036, F10X523L211022001, F10X523L211022012, F10X523L211022018, F10X523L211022028, F10X523L211022030, F10X523L211022039, F10X523L211022017, F10X523L211022045, F10X523L211022016, f10x523l21085008, F10X523L211022034, F10X523L211022050, F10X523L211022021, F10X523L211022026, F10X523L211022031, 523L11022009, F10X523L211022032, F10X523L211022042, F10X523L211022002, 1, F10X523L211022011, F10X523L211022025, F10X523L211022040, tb5, tb4, tb3, tb2, tb1, F10X523L211022024, F10X523L211022027, F10X523L211022006, F10X523L21102020, F10X523L211022041, F10X523L211022046, F10X523L211022043, F10X523L211022017, TBA1, TBA, F10X523L211022046, F10X523L211022022, F10X523L211022005, TBA, F10X523L211215035, F10X23L211215034, F10X523L211215004, F10X523L211215005, F10X523L211215026, F10X523L211215012, F10X523L211215010, F10X523L211215014, F10X523L211215031, F10X523L211215011, F10X523L211215003, F10X523L211215001, F10X523L211215009, F10X523L211215049, F10X523L211022022, F10X523L211215033, F10X523L21122013, F10X523l211215017, F10X523L11215018, F10X523l211215038",1FB9F736,Zero,Falcon PEV Pte Ltd,159,"$381,756.35","$347,051.22","$5,115.35",$0.00,$0.70,"$286,399.56","$60,651.66",17.48
ZERO 10 Electric Scooter / 52V 18.2AH,ZERO-10-52V18,"F10518210417014, F10518210417002, F10518201223061, F10518210417026, F10518210417013, F10518210417005, F10518210417004, F10518210417021, f10518210417029, F10518210417006, F10518210417023, F10518210417022, REDUCE FROM $1,999, REDUCED FROM $1,999, F10518210417006, F10518210417023, zero 10, F10518210417006, F10518210417023, F10518201104091, F10518201104115, F10518210417003, F10518210417004, F10518201223070, F10518202003094, F10518210417018, F10518201223037, F10518210417017, F10518201223001, F10518201223005, 18AH, F105182100417016, F105182100417017, F10518201223022, TBA Pre Order 1, F10518210417002, Pre order 2, F10518211022071, F10518211022043, F10518211022055, SN, F10518211022056, F10518211022013, F10518211022002, F10518211022070, F10518211022068, F10518211022005, F10518211022065, F10518211022046, F10518211022019, F10518211022033, F10518211022011, F10518211022029, F10518211022049, F10518211022001, F10518211022012, F10518211022036, F10518211022040, F10518211022061, F10518211022034, F10518211022051, F10518211022073, F10518211022038, F10518211022010, F10518211022017, F10518211022009, F10518211022059, F10518211022054, F10518211022053, F10518211022062, F10518211022015, F10518211022057, F10518211022031, F10518211022020, SN, F10518211022004, F10518211022074, F10518211022026, F10518211022027, F10518211022052, F10518211022044, F10518211022025, F10518211022064, F10518211022048, F10518211022032, F10518211022023, F10518211022075, TBA, F10518211022072, F10518211022045, F10518211022058, F10518211022066, F10518211022016, tba, F10518211022039, F10518211022063, F10518211022047, F10518211022037, F10518211022042, F10518211022008, F10518211022024, F10518211022006, F10518201223037, F10518211022008, F10518211022003, F10518211022028, F10518211022069, F10518211022055, TBA, F105182115051, F105182115052, F105182115036, F105182115056, F10518212215031, F10518212215040, F10518212215079, F10518212215073, F10518212215059, F10518211215042, F10518211215039, F10518211215058, F10518211215084, F10518211215053, F10518211215050, F10518211215080, F10518211215072, F10518211215060, F10518211215032, F10518211215071, F10518211215041, F10518211215026, F10518211215047, F10518211215066, F10518211215081, F10518211215035, F10518211215049, F10518211215082, F10518211215046, F10518211215034, F10518211215037, F10518211215076, F10518211215048, F10518211215085, F10518211215067, F10518211215029, F10518211215062, F10518211215065, F10518211215043, F10518211215077, F10518L211215018, F10518211215074, F10518211215075, F10518211215064, F10518211215045, F10518L211215002, F10518L211215011, F10518211215027, F10518211215028, F10518211215070, F10518211215045, tba, F10518211215068",CB3DB9A5,Zero,Falcon PEV Pte Ltd,158,"$228,478.84","$207,708.03","$3,582.66",$0.00,$450.75,"$151,663.87","$56,044.16",26.98
ZERO Rugged Folding Clamp,ZER-FOL-CLP,,2D92BC25,Zero,Falcon PEV Pte Ltd,147,"$10,351.53","$9,410.50",$222.90,$0.00,$0.00,"$6,258.99","$3,151.51",33.49
ZERO Front Pouch,ZER-POUCH,,E0930F50,Zero,Falcon PEV Pte Ltd,147,"$4,286.78","$3,897.08",$964.71,$0.00,$0.00,"$2,149.50","$1,747.58",44.84
Smartmotion G3 ECity 26 250W 36V / White,SMB-G3-ECITY-26-WH,"j26210286, J26210071, J26210238, J26210179, G3242114, G3242160, G3242162, J26210235, J26210222, J26210171, J26210132, J26210228, J26210212, J26210232, J26210216, J26210173, J26210015, J26210188, J26210185, J26210183, J26210168, G3242151, G3242096, G3242127, G3242136, G3242107, G3242148, G3242104, G3242108, G3242094, G3242115, G3242143, G3242135, J26210084, J26210013, J26210038, G3242086, J26210220, G3242182, J26210082, J26210112, J26210017, G3242183, J26210229, JANUARY 2, JANUARY, DECEMBER 3, DECEMBER 2, DECEMBER, G3242126, JG32621069, G3242178, J26210150, J26210207, G26, J2621127, 1., 2., 3., 4., 5., 1, 2, 3, 4, 5, 6, 7, 8, 9, 10, 11, 12, 13, 14, 15, 16, 3, JG32621055, JG32621005, J26210006, G3242125, JG32621115, JG32621131, JG32621014, JG3261001, G3242177, G3242105, G3242164, TBA, TBA1, TBAS2, TBA3, WJ26210022, WJ26210201, WJ26210081, WJ26210113, WJ26210283, WJ26210060, JG32621105, WJ26210289, WJ26210256, WJ26210210, JG32421056, WJ26210291, WJ26210245, JG32621003, JG32621008, WJ26210194, WJ26210099, WJ26210290, JG32621123, JG32621119, JG32421010, JG3242106, JG32621032, J26210023, JG32421039, JG32621009, JG32621010, JG32621046, WJ26210250, WJ26210236, WJ26210231, WJ26210048, WJ26210167, WJ26210264, 2, WJ26210040, WJ26210292, J26210123, WJ26210327, WJ26210148, WJ26210207, J26210136, JG32421038, WJ26210054, JG32421011, WJ26210030, WJ26210045, G3242103, JG326621013, JG32421032",6FB9B038,Smartmotion,"Kunshan Cyclisport Co., Ltd",143,"$217,209.44","$197,613.03","$28,784.46",$0.00,$0.00,"$172,008.80","$25,604.23",12.96
"ZERO Inner Tubes E-Scooters / 11""-90/65-6.5"" Bent Valve","ZER-INNER-TUBE-11""-BNT",,EC388395,Zero,Falcon PEV Pte Ltd,135,"$2,572.04","$2,338.21",$36.31,$0.00,$5.37,"$1,483.70",$854.51,36.55
ZERO Helmet,ZER-HELMET,,9A6F7012,Zero,Falcon PEV Pte Ltd,133,"$6,275.58","$5,705.07","$3,743.41",$0.00,$0.00,"$5,905.50",-$200.43,-3.51
VSETT 9+ Electric Scooter / 48V 21 LG,VSETT-9+-21-LG,"SN-, SN, preorder, V948V6121100056, V948V6121100073, V948V6121100062, V948V6121100071, V948V6121100065, V948V6121100078, V948V6121100080, V948V6121100075, pre order, V9P48V6121100083, V9P48V6121100055, V9P48V6121100074, V9P48V6121100052, V9P48V6121100088, V9P48V6121100063, V9P48V6121100042, VP948V6121100050, VP948V6121100043, VP948V6121100041, VP948V6121100046, VP948V6121100072, VP948V6121100085, VP948V6121100054, VP948V6121100049, VP948V6121100044, VP948V6121100057, V9P48V6121100047, V9P48V6121100045, V9P48V6121100061, V9P48V6121100067, V9P48V6121100048, V9P48V6121100069, V9P48V61211100051, V9P48V61211100070, V9P48V61211100079, V9P48V61211100060, V9P48V6121100077, V9P48V6121100081, V9P48V6121100059, V9P48V6121100086, V9P48V6121100084, V9P48V6121100082, V9P48V612100068, V9P48V6121100076, V9P48V6121100053, V9P48V6121100066, V9P48V6121120063, V9P48V6121120082, V9P48V6121120062, V9P48V6121120057, V9P48V6121120066, V9P48V6121120055, V9P48V6121120088, V9P48V6121120056, V9P48V6121120065, V9P48V6121120079, V9P48V6121120090, V9P48V6121120060, V9P48V6121120073, V9P48V6121120098, V9P48V6121120090, V9P48V6121120060, V9P48V6121120072, V9P48V6121120054, V9P48V6121120053, V9P48V6121120083, pre order, TBA, V9P48V612201104, V9P48V612201098, V9P48V612201109, V9P48V612201093, V9P48V612201095, V9P48V612201091, V9P48V612201105, V9P48V612201106, V9P48V612201117, 10, 9, 8, 7, V9P48V6121120064, TBA, V9P48V6121120051, V9P48V6121120092, V9P48V6121120093, V9P48V6121120081, V9P48V6121120085, V9P48V6121120075, V9P48V612202065, V9P48V612202081, V9P48V612202070, V9P48V612202069, V9P48V6121100086, TBA, V9P48V6121120100, V9P48V612201102, V9P48V6121120091, V9P48V612201119, V9P48V612202079, V9P48V612201115, V9P48V6122087, V9P48V612201079, V9P48V612202075, V9P48V612202077, V9P48V612202063, V9P48V612202068, V9P48V612202072, V9P48V612202064, V9P48V612202090, V9P48V6121120069, V9P48V612201118, V9P48V612202074, V9P48V612202078, V9P48V612201111, V9P48V612202061, V9P48V612201110, V9p48V612202083, TBA, RIDE10, V9P48V612202061, V9P48V612202066, V9P48V612202085, V9P48V612202085, V9p48V612202066, V9P48V612202062, V9P48V612202080, TBA, V9P48V612201120, TBA",80641CCF,VSETT,Ningbo Vsett,131,"$255,621.21","$232,382.91","$5,725.81",$0.00,$0.00,"$223,574.81","$8,808.11",3.79
"ZERO TYRE 8 Inch Series / 8.5 x 2.5"" Road Tyre","ZER-TYRE-8""-2.5-ROAD",,F51D1541,Zero,Falcon PEV Pte Ltd,125,"$2,979.39","$2,708.55",$99.84,$0.00,$0.00,"$1,993.50",$715.05,26.4
VSETT 9/9+ Pneumatic tyre,VS-9/9+-PNU-TYRE,,E24CADC8,VSETT,Ningbo Vsett,115,"$2,924.27","$2,658.43",$172.83,$0.00,$21.01,"$2,365.75",$292.68,11.01
Smartmotion XCity 27.5 250W 36V / Camo,SMB-XCITY-27.5-CAMO,"SMWX2000198, SMWX2000022, SMWX2000271, SMWX2000002, SMWX200064, SMWX2000178, SMWX2000122, SMWX2000133, SMWX200205, SMWX2008478, SMWX2000218, SMWX2000205, XCITYCAMO27.5, SMWX2000049, SMWX2000097, SMWX2000160, SMWX200076, SMWX2000269, SMWX2000359, xcity, xcity1, SMWX2000176, SMWX2000210, SMWX2000136, SMWX2000280, SMWX2000303, SMWX2000266, SMWX2000369, SMWX2000010, JANUARY 2, JANUARY, DECEMBER 3, DECEMBER 2, DECEMBER, SMWX2000435, SMWX2000369, SMWX2000369, SMWX2000425, SMWX2000576, SMWX2000437, SMWX2000448, SMWX2000513, SMWX2000507, SMWX2000324, SMWX2000516, SMWX2000564, SMWX2000262, SMWX2000401, SMWX2000543, SMWX2000299, SMWX2000309, SMWX2000329, SMWX2000321, SMWX2000230, SMWX2000457, SMWX2000538, SMWX2000317, SMWX2000350, SMWX2000383, SN-, 1, 2, 3, SMWX2000417, SMWX2000411, SMWX2000554, SMWX2000533, THROTTLE TO BE ADDED, SMWX2000578, SMWX208032, CAMO, SMWX, SMWX2000442, SMWX2000520, SMWX2000554, SMWX2000440, SMWX2000377, SMWX2000339, SMWX2000392, SMWX2000566, SMWX2000332, SMWX2000467, SMWX2000243, SMWX2000559, SMWX2000524, SMWX2000439, SMWX2000396, SMWX2000380, SMWX2000398, SMWX2000405, SMWX2000349, SMWX2000568, SMWX2000460, SMWX2000492, SMWX2000451, SMWX2000471, SMWX2000356, SMWX2000337, SMWX2000407, SMWX2000450, SMWX2000348, SMWX2000308, SMWX2000432, SMWX2000334, SMWX200224, SMWX2080409, SMWX2000503, SMWX2000360, SMWX2000091, SMWX2000252, SMWX2000304, SMWX2000354, SMWX2000570, SMWX2000426, SMWX2000305",ABEFDB42,,,113,"$267,196.17","$243,796.52","$19,103.83",$0.00,$0.00,"$188,837.92","$54,958.60",22.54
ZERO Brake Pad Set / NUTT FINNED,ZER-BRK-PAD-NUTT FINNED,,4A822E25,Zero,Falcon PEV Pte Ltd,111,"$2,479.65","$2,254.23",$32.87,$0.00,$0.00,"$1,603.15",$651.08,28.88
ZERO Charging Port,ZERO-CHA-PORT,,8A7C8E5B,,Falcon PEV Pte Ltd,107,"$1,708.07","$1,552.79",$7.98,$0.00,$0.00,$957.89,$594.90,38.31
VSETT 8 Electric Scooter / 48V 19.2 LG,VSETT-8-19.2-LG,"Vsett 8, V8S48V6121070090, V8S48V6121070070, V8S48V6121070080, V8S48V6121070086, V8S48V6121070052, V8S48V6121070094, V8S48V6121070063, V8S48V6121070068, V8S48V6121070072, V8S48V6121070081, V8S48V6121070077, V8S48V6121070055, V8S48V6121070095, V8S48V6121070073, V8S48V6121070099, V8S48V6121070088, V8S48V6121070092, V8S48V6121070069, V8S48V6121070032, V8S48V6121070082, V8S48V6121070061, V8S48V6121070093, V8S48V6121070058, V8S48V6121070054, V8S48V6121070083, V8S48V6121070096, V8S48V6121070084, V8S48V6121070074, V8S48V6121070060, V8S48V6121070080, V8S48V6121070086, V8S48V6121070066, V8S48V61321030044, V8S48V6121070064, V8S48V6121030038, V8S48V6121030042, V8S48V6121030030, V8S48V6121030033, V8S48V6121030026, V8S48V6121030027, V8S48V6121030035, V8S48V6121030040, V8S48V6121030036, V8S48V6121030043, V8S48V6121030045, V8S48V6121070084, V8S48V612103070089, V8S48V6121070059, V8S48V6121030037, V8S48V6121030034, V8S48V6121030029, V8S48V6121070097, V8S48V6121070057, V8S48V6121070071, V8S48V6121070053, V8S48V6121070051, V8S48V6121030041, V8S48V6121030028, V8S48V6121030039, V8S48V6121030032, V8S48V6121030031, V8S48V6121070079, V8S48V6121070078, V8S48V6121070062, v8s48v6121070100, V8S48V6121070091, V8S48V6121070067, V8S48V6121070065, V8S48V6121070076, V8S48V61211030044, V8S48V6121070087, V8S48V4721120024, V8S48V4721120026, V8S48V4721120020, V8S48V612202022, V8S48V612202030, V8S48V612202028, V8S48V612202029, V8S48V612202021, V8S48V612202025, V8S48V4721120023, V8S48V4721120029, V8S48V612202024, V8S48V612202027, V8S48V4721120030, V8S48V4721120027, V8S48V612205119, V8S48V612205102, V8S48V612205126, V8S48V612205111, V8S48V612205104, V8S48V612205107, V8S48V612205122, V8S48V612205137, V8S48V612205108, V8S48V612205106, V8S48V612205117, V8S48V612205134, V8S48V612205120, V8S48V612205116, V8S48V612205147, V8S48V612205121, V8S48V612205113, V8S48V612205123, V8S48V612202026",2D6C8FFD,VSETT,Ningbo Vsett,106,"$140,831.67","$128,028.79","$1,285.83",$0.00,$0.00,"$93,130.28","$34,898.51",27.26
ZERO Throttle LCD / ZERO Throttle LCD,ZER-THR-LCD,,DDB7D269,Zero,Falcon PEV Pte Ltd,104,"$6,096.31","$5,542.08",$696.40,$0.00,$0.00,"$4,100.10","$1,441.98",26.02
Zero Chargers / 54.6V,ZER-CHGR-54.6V,,20FCCE00,Zero,Falcon PEV Pte Ltd,100,"$4,314.00","$3,921.82",$899.00,$0.00,$0.00,"$2,802.00","$1,119.82",28.55
"ZERO TYRE 10 Inch Series / 10 x 3"" Urban Wide","ZER-TYRE-10""-3""-URB-WIDE",,4D8C38EE,Zero,Falcon PEV Pte Ltd,100,"$2,652.00","$2,410.91",$186.50,$0.00,$0.00,"$2,074.80",$336.11,13.94
Smartmotion E20 Step Thru / White,SMB-E20-ST-WH,"SME20210456, SME20210385, white, SME20210468, SME20210350, SME20210044, SME20210506, SME20210463, SME20210039, SME20208237, SME20208115, SM202008106, SME202008583, SME20210389, SME20210021, SN, SME20210489, SME20210510, SME20210199, SME20210033, JANUARY 5, JANUARY 3, JANUARY 2, JANUARY, DECEMBER 5, DECEMBER 4, DECEMBER 3, DECEMBER 2, DECEMBER, SME20210466, SME20210381, SME20210184, SME20210613, SME20210530, SME2021050010, SME20210009, SME20210486, SME20210365, SME202008224, SME202008332, SME202008173, SME20210323, SME20210012, SME202008148, WHITE, SME20210372, SME20210588, SME20210007, SME20210038, 1, SME20210207, SME20210384, SME20210452, SME20210447, SME20210492, SME20210363, SME20210509, SME202008348, SME20210060, SME20210272, SME202111058, SME20210485, SME20210428, SME20210057, SME20210018, SME20210408, SME202008339, SME202008328, SME20210234, SME20210179, SME20210036, SME20210420, SME20210448, SME20210359, SME20210443, SME20210415, SME20210098, SME20210147, SME20210417, SME202008288, SME20210014, SME20210667, SME20210374, G5SN210374, SME20210553, SME20210387, SME20210020, SME20210400, SME20210028, SME20210379, SME2021069, SME20210128, SME20210120, SME20210050, SME202008378, SME20210419, SME20210396, SME20210298, SME20210040, SME202008108",D96B401B,Smartmotion,"Kunshan Cyclisport Co., Ltd",100,"$153,756.82","$139,778.93","$14,799.48",$0.00,$0.00,"$107,996.52","$31,782.41",22.74
"ZERO Inner Tubes E-Scooters / 8 x 2.5"" Straight Valve",ZER-INNER-TUBE-8x2.5-STR,,0A5A50FA,Zero,Falcon PEV Pte Ltd,99,"$1,682.03","$1,529.11",$5.99,$0.00,$0.00,$979.38,$549.73,35.95
VSETT 10+ Electric Scooter / 60V 28 LG,VSETT-10+-28-LG,"V10P60V6121030059, V10P60V6121030059, V10P60V6121030059, PRE ORDER 1, V10P60V6121070103, V10P60V6121070102, V10P60V6121070101, V10+preorder28ah, V10P60V612103051, pre order, V10P60V6121030055, tba, pre order, preorder, V10P60V6121100182, V10P60V6121100155, V10P60V6121100147, V10P60V6121100153, V10P60V6121100148, V10P60V6121100158, V10P60V6121100161, V10P60V6121100173, V10P60V61211000166, V10P60V6121100149, V10P60V6121100176, V10P60V6121100157, V10P60V6121100179, V10P60V6121100175, V10P60V6121100171, V10P60V6121100177, V10P60V6121100180, V10P60V6121100181, V10P60V6121100185, V10P60V6121100174, V10P60V6121100172, V10P60V6121100184, V10P60V6121100183, V10P60V6121100178, V10P60V6121100162, V10P60V6121100156, V10P60V6121100164, V10P60V6121100160, V10P60V6121100152, V10P60V6121100159, V10P60V6121100165, V10P60V61211100163, V10P60V6121100151, V10P60V6121100150, V10P60V6121100169, V10P60V6121100154, V10P60V6121120127, V10P60V6121120117, V10P60V6121120125, V10P60V6121120129, V10P60V6121120132, V10P60V6121120118, V10P60V6121100170, TBA, TBA, V10P60V612201076, V10P60V612201086, V10P60V612201071, V10P60V612201085, V10P60V612201085, V10P60V6121120165, V10P60V6121120136, tba, V10P60V612110147, V10P60V612110171, TBA, V10P60V6121120157, V10P60V6121120158, V10P60V6121120111, V10P60V6121120134, V10P60V6121120145, V10P60V6121120138, TBA, TBA1, V10P60V6121120119, V10P60V6121120116, V10P60V6121120113, V10P60V6121120149, V10P60V6121120121, V10P60V6121120160, V10P60V6121120155, V10P60V6121120172, V10P60V6121120124, V10P60V6121120131, V10P60V6121120126, V10P60V612201074, V10P60V6121120115, TBA, V10P60V612201075, V10P60V6121120111, V10P60V612201079, V10P60V6121120114, V10P60V6121120143, V10P60V612201056",BC3F446C,VSETT,Ningbo Vsett,96,"$337,224.87","$306,568.07","$6,948.63",$0.00,$0.00,"$277,475.30","$29,092.77",9.49
"ZERO TYRE 10 Inch Series / 10 x 3"" Road","ZER-TYRE-10""-3"" ROAD",,76EEA120,,,96,"$2,230.61","$2,027.83",$105.79,$0.00,$0.00,"$1,636.92",$390.91,19.28
ZERO 10X Electric Scooter / 52V 18AH,ZERO-10X-52V18,"F10X518210519006, F10X518210519018, F10X518210516004, F10X5182105190111, F10X518210519029, F10X518210519024, PRE ORDER, F10X518210519014, F10X518210805001, F10X518210805016, F10X518210805049, F10X518210805041, F10X518210805027, F10X518210805034, F10X518210805045, F10X518210805039, F10X518210805006, F10X518210805047, F10X518210805041, F10X518210805042, F10X518210805023, F10X518210805038, F10X518210805040, F10X518210805043, F10X5218210805036, F10X5218210805050, F10X5218210805009, F10X5218210805046, F10X51821080502+9, F10X518210805017, F10X518210805011, F10X518210805019, F10X518210805015, F10X518210805021, F10X518210805020, F10X518210805037, SN, shopify, F10X518210805035, F10X518210805025, F10X518210805014, F10X518210805028, F10X518210805012, F10X518210805008, F10X518210805033, F10X518210805031, F10X518210805044, F10X518210805032, F10X518210805005, F10X518210805017, preorder, F10X518210805020, F10X51821080522, F10X518211022020, F10X518210805011, F10X5182212019, F10X5182212033, F10X5182212006, F10X5182211027, F10X518211022018, F10X518211022030, F10X518211022023, F10X518211022016, F10X518211022014, F10X518211022003, F10X518211022028, F10X518211022015, F10X518211022002, F10X518211022013, F10X518211022024, F10X518211022029, F10X518211022012, F10X518211022025, F10X518211022007, F10X518211022039, F10X518211022038, F10X518211022011, F10X518211022005, F10X518211022010, F10X518211022040, F10X518211022037, F10X518211022017, 1, F10X518211022032, F10X518211022022, F10X518211022032, F10X518211022026, F10X518211022020, F10X518211022034, TBA2, F10X518211022022, F10X5218211215044, F10X518211022031",C7BA4808,Zero,Falcon PEV Pte Ltd,94,"$178,275.97","$162,069.07","$3,148.28",$0.00,$0.00,"$120,318.36","$41,750.71",25.76
Smartmotion G3 ECity 26 250W 36V / Blue,SMB-G3-ECITY-26-BLUE,"J26210172, J26210047, J21080052, J26210142, J26210124, J26210045, J26210128, J26210046, J26210161, J26210116, J26210102, J26210054, J26210154, J26210197, J26210125, J26210144, J26210180, JG32621102, JG32621025, J26210041, JANUARY, DECEMBER, G32621050099, J2620242, J26210221, J26210060, J26210039, TBA, J26210040, J26210029, 5, J26210095, G32621050077, G32621050087, G32621050081, JL262102100, J26210056, J26210177, J26210205, J26210049, J26210140, J26210166, J26210190, J26210127, J26210083, J26210217, WJ26210104, WJ26210106, WJ26210186, WL26210206, WJ26210033, WJ26210124, WJ26210254, WJ26210013, WJ26210299, WJ26210313, WJ26210032, WJ26210269, WJ26210072, WJ26210252, WJ26210112, WJ26210248, WJ26210078, WJ26210222, WJ26210013, WJ26210093, WJ26210190, WJ26210217, WJ26210214, WJ26210114, WJ26210230, G3242129, WJ26210271, WJ26210294, WJ26210146, WJ26210097, WJ26210200, WJ26210094, WJ26210133, WJ26210068, WJ26210121, WJ26210193, WJ26210301, WJ26210079, WJ26210156, WJ26210080, WJ26210047, WJ26210096, WJ26210330, WJ26210182, WJ26210056, WJ26210224, WJ26210041",4F268681,Smartmotion,"Kunshan Cyclisport Co., Ltd",93,"$153,614.60","$139,649.63","$3,133.50",$0.00,$0.00,"$110,013.60","$29,636.03",21.22
ZERO Brake Pad Set / NUTT,ZER-BRK-PAD-NUTT,,A3C8C037,Zero,Falcon PEV Pte Ltd,92,"$1,942.66","$1,766.06",$16.14,$0.00,$0.00,"$1,311.24",$454.82,25.75
motor repair,,,,,,92,$0.00,$0.00,$180.00,$0.00,$0.00,$180.00,-$180.00,0
VSETT 9 Electric Scooter / 52V 16 LG,VSETT-9-16-LG,"V9S52V6121030034, V9S52V6121030031, V9S52V6121030022, V9S52V6121070042, V9S52V6121070027, V9S52V6121070007, V9S52V6121070039, V9S52V6121070043, VPS52V6121070031, V9S52V6121070028, V9S52V6121070023, V9S52V6121070036, V9S52V6121070013, V9S52V6121070035, V9S52V6121070025, V9S52V6121070041, V9S52V6121070010, V9S52V6121070038, V9S52V6121070005, V9S52V6121070050, V9S52V6121070020, V9S52V6121070046, V9S52V6121070037, V9S52V6121070011, V9S52V6121070017, V9S52V6121070018, V9S52V6121070034, V9S52V6121070044, V9S52V6121070047, V9S52V6121070001, V9S52V6121070022, V9S52V6121070021, V9S52V6121070002, V9S52V6121070024, V9S52V6121070004, V9S52V6121070049, V9S52V6121070006, V9S52V6121070030, V9S52V6121070040, V9S52V6121070032, V9S52V6121070015, V9S52V6121070048, V9S52V6121070033, V9S52V6121070029, V9S52V6121030024, V9S52V6121070010, V9S52V6121070041, V9552V6121030023, V9S52V6121070012, V9S52V6121070045, VS9S52V6121030021, V9S526121030028, V9S526121030036, V9S52V6121070026, V9S52V6121070003, v9s52v612107000, V9S52V6121030039, V9S52V6221030033, V952V612202043, V9S52V612202035, V9S48V612202056, V9S48V612202036, V9S52V6121070008, V9S52V612202055, V9S52V612202034, V9S52V612202032, V9S52V612202058, V9S52V612202033, V9S52V612202057, V9S52V612202060, V9S52V612202054, V9S52V612202049, V9S52V612202053, V9S52V612202052, V9S52V612202050, V9S52V612202048, V9S52V612202044, V9S52V612202038, V9S52V612202047, V9S52V612202057, V9S52V612205111, V9S52V612205107, V9S52V612205081, V9S52V612205108, V9S52V612205087, V9S52V612205105, V9S52V612205115, V9S52V612205094, V9S52V612202031, V9S52V612202037",85AF2D88,VSETT,Ningbo Vsett,90,"$133,220.85","$121,109.86","$1,159.65",$0.00,$0.00,"$91,877.08","$29,232.78",24.14
VSETT 9+ Electric Scooter / 48V 15.6,VSETT-9+-15.6,"to be supplied, V9S52V6121070014, V9P48V612201004, V9P48V612201039, V9P48V612201008, V9P48V612201003, V9P48V612201015, V9P48V612201014, V9P48V612201002, V9P48V612201023, V9P48V612201028, V9P48V612201016, V9P48V612201031, V9P48V612201010, V9P48V612201026, V9P48V612201012, V9P48V612201020, V9P48V612201037, 6, 5, 4, 3, V9P48V612201011, V9P48V612201035, V9P48V612201020, V9P48V612201037, V9P48V612201032, V9P48V612201024, V9P48V612201033, V9P48V612201021, V9P48V012201022, V9P48V612201007, TBA, V9P48V612201018, V9P48V612201009, V9P48V612201017, V9P48V612201030, V9P48V612201036, V9P48V612201005, V9P48V612202012, V9P48V612202019, V9P48V612202008, V9P48V612202027, V9P48V612202015, V9P48V612202021, V9P48V612202029, V9P48V612202030, V9P48V612202005, V9P48V612202003, V9P48V612202018, V9P48V612202011, V9P48V612202025, V9P48V612202022, V9P48V612202001, V9P48V612201012, V9P48V612202007, V9P48V612202014, V9P48V612202023, V9P48V612202009, V9P48V612202026, V9P48V612202017, V9P48V612202004, V9P48V612202013, V9P48V612202024, V9P48V612202016, TBA1, TBA, V9P48V612201027, V9P48V612202006, V9P48V612202028, V9P48V612201038, TBA1, V9P48V612202010, V9P48V612205022, V9P48V612205029, V9P48V612205043, V9P48V612205004, V9P48V61220506, V9P48V612205005, V9P48V612205044, V9P48V612205033, V9P48V612205034, V9P48V612205014, V9P48V612205036, V9P48V612205037, V9P48V612205027, V9P48V612205039, V9P48V612205017, b, c",6A04D81C,VSETT,Ningbo Vsett,90,"$135,977.74","$123,616.12",$901.76,$0.00,$0.00,"$119,194.73","$4,421.39",3.58
"ZERO TYRE 10 Inch Series / 10 x 3"" Urban Off-Road","ZER-TYRE-10""-3""-URB-OFF-RD",,F640843C,Zero,Falcon PEV Pte Ltd,89,"$2,609.15","$2,372.74",$120.35,$0.00,$36.22,"$1,902.95",$469.79,19.8
Livall BH51 M Helmet,LIV-BH51M,,65273749,Livall,Zero E-Scooters Australia,88,"$14,914.83","$13,558.94","$1,273.17",$0.00,$30.00,"$4,228.50","$9,330.44",68.81
Smartmotion MidCity 27.5 250W 36V / Black,SMB-CITY-27.5-BLK,"SMWM2000401, SMWM2000242, SMWM2000255, SMWM2000373, SMWM2000285, SMWM2000215, SMWM2000471, SMWM2000376, SMWM2000245, SMWM2000234, SMWM2000385, SMWM2000261, SMWM2000314, SMWM2000452, SMWM2000226, SMWM2000309, SMWM2000322, SMWM2000225, SMWM2000176, SMWM2000458, JANUARY 2, JANUARY, DECMEBR 2, S, SMWM2000314, SMWM2000314, Border1, SMWM2000307, SMWM1, SMWM2000337, SMWMJ210564, SMWM2000250, SMWM2000402, SMWM2000186, TBA1, SMWXJ240035, SMWM2000237, SMWM2000493, SMWMJ210445, SMWMJ210163, SMWMJ210443, SMWMJ210423, SMWM2000267, SMWMJ210382, SMWMJ210377, 1, SMWMJ210362, SMWMJ210396, SMWMJ210369, SMWXJ240002, SMWMJ210497, SMWMJ210421, SMWMJ210399, SMWMJ210268, 1, SMWM2000241, SMWMJ210309, 1, TBA, SMWM2000342, SMWM2000213, SMWM2000323, SMWM2000445, SMWX, SMWM2000009, SMWM2000291, SMWM2000370, SMWM2000318, SMWM2000164, SMWM2000310, SMWM2000173, SMWM2000183, SMWMJ210425, TBA1, TBA2, TBA3, SMWM2000266, SMWM2000128, SMWMJ210456, SMWM2000208, SMWXJ240074, SMWMJ210266, SMWM2000330, SMWMJ210316, SMWM2000196, SMWM2000470, SMWM2000136, SMWMJ210431, SMWM2000141, SMWM2000174",0AB52D80,Smartmotion,"Kunshan Cyclisport Co., Ltd",88,"$187,797.60","$170,725.09","$5,007.60",$0.00,$0.00,"$137,050.29","$33,674.80",19.72
ZERO Disc Rotor / 140mm,ZER-DISC-ROT-140,,C116BE9E,Zero,Falcon PEV Pte Ltd,86,"$1,732.97","$1,575.42",$83.61,$0.00,$7.48,"$1,094.27",$481.15,30.54
SM Battery Charger / 36v 2Ah 2.1mm Single Pin male,SM-BC-36V20A2100,,5B2DD00F,Smartmotion,"Kunshan Cyclisport Co., Ltd",83,"$4,866.90","$4,422.82","$1,456.15",$0.00,$0.00,"$4,337.98",$84.84,1.92
ZERO Brake Pad Set / ZOOM,ZER-BRK-PAD-ZOOM,,2ACD2D3C,Zero,Falcon PEV Pte Ltd,80,"$1,544.89","$1,404.44",$10.95,$0.00,$0.00,"$1,034.96",$369.48,26.31
Smartmotion XCity 27.5 250W 36V / Sienna,SMB-XCITY-27.5-SIENNA,"PRE ORDER, SMWX2000107, SMWX2000013, SMWX2000063, SMWX2000462, SMWX2000560, SMXCRED, SMWX2000159, SMWX2000430, SMWX2000459, SMWX2000069, xcity3, SMWX2000044, SMWX2000482, SMWX2000170, SMWX2000223, SMWX2000220, SMWX2000140, SMWX2000114, SMWX2000119, SMWX2000096, SMWX2000515, SMWX2000362, SMWX2000567, SMWX2000102, SMWX, SMWX2000497, SMWX2000065, SMWX5000126, SMWX2000132, SMWX2000294, SMWX2000327, SMWX2000552, SMWX2000475, SMWX2000561, SMWX2000434, SMWX2000498, SMWX2000481, SMWX2000453, SMWX2000514, SMWX2000509, SMWX2000352, SMWX2000306, SMWX2000461, 1, 1, SMWX200478, SMWX2000454, SMWX2000003, SMWX2000501, SMWX2000166, SMWX2000194, SMWX2000293, SMWX2000488, SMWX207063, SMWX2000532, 3, SMWX2000463, SMWX2000314, SMWX2000062, SMWX2000357, SMWX2000819, SMWX2000156, SMWX2000154, TBA, G5XC210894, SMWX2000571, SMWX2000024, SMWX2000413, SMWX2000325, SMWM2400082, SMWX, SWMX2, SMWX2000500, SMWX200482, SMWX2000518, SMWX2000397, SMWX2000563",5BB917A1,Smartmotion,"Kunshan Cyclisport Co., Ltd",78,"$194,818.26","$177,775.69","$3,631.74",$0.00,$0.00,"$131,014.83","$46,760.86",26.3
VSETT 8+ Electric Scooter,VSETT-8+,"V8S48V6121030011, V8S48V6121070019, V8P48V6121070023, V8P48V6121030016, V8P48V6121030002, V8P48V6121030017, V8P48V6121030004, V8P48V6121030006, V8P48V6121030009, V8P48V6121030005, V8P48V6121030015, V8P48V6121030020, V8P48V6121030019, V8P48V6121030003, V8P48V6121070007, V8P48V6121030018, V8P48V6121070010, V8P48V6121030010, V8P48V6121070023, V8P48V6121070015, V8P48V6121070016, V8P48V6121070009, V8P48V6121070017, V8P48V6121070014, V8P48V6121070029, V8P48V6121070024, V848V6121070008, V8948V6121070020, V8P48V6121070025, V8P48V6121070004, V8P48V6121070003, V8P48V6121070006, V8P48V6121070028, V8P48V6121070030, V8P48V6121070022, V8P48V6121070011, V8P48V6121070013, V8P48V6121070002, V8P48V6121070026, V8P48V6121070014, V8P48V6121070018, V8P48V6121070005, V8P48V6121070027, V8P48V6121070012, V8P48V612070009, V8P48V6121070001, V8P48V6121030007, V8P48V6121030013, V8P48V6121030008, V8P48V6121030012, V8P48V6121070017, V8P48V612201003, V8P48V612201008, V8P48V612201009, V8P48V612201006, V8P48V612201010, V8P48V612201002, V8P48V612201007, V8P, V8P48V612201004, V8P48V6121030014, V8P48V612201005, V8P48V612103001, V8P48V612201002, V8P48V612205008, V8P48V612205005, V8P48V612205007, V8P48V612205006, V8P48V612205010, V8P48V612205004, V8P48V612205019, V8P48V612205017, V8P48V612205014, V8P48V612205020",60DBF4A5,VSETT,Ningbo Vsett,74,"$114,714.50","$104,285.90",$228.00,$0.00,$0.00,"$70,735.11","$33,550.80",32.17
SM Battery - Slimline / 36V 15.6AH Internal Fuse,SM-BTRY-CLS-15.6-SL-IntFuse,,4E6D3D3F,Smartmotion,"Kunshan Cyclisport Co., Ltd",73,"$24,158.38","$21,962.00","$28,939.29",$0.00,$0.00,"$33,256.72","-$11,294.72",-51.43
SM Throttle / LH Thumb / MID-CITY/XCITY,SM-TH-LHA3PM2000,,F8100A66,Smartmotion,"Kunshan Cyclisport Co., Ltd",71,"$1,165.64","$1,059.67",$761.84,$0.00,$0.00,"$1,179.71",-$120.04,-11.33
Smartmotion MidCity 27.5 250W 36V / White,SMB-CITY-27.5-WH,"SMMIDWHT, SMWM2000400, SMWM2000223, SMWM2000192, SMWM190728, SMWM195030, SMWM2000045, SMWM2000133, SMWM2000461, SMWM2000329, SMWM2000286, SMWM2000382, SMWM2000197, SMWM2000331, SMWM2000146, SMWM2000403, SMWM2000312, SMWM2000161, SMWM2000187, SMM1908456, SMWM2000374, SMWM2000013, SMWM2000368, JANUARY, DECEMBER 2, DECEMBER, SMWM2000, SMWM, SMWM2, SMWM2000391, SMWM2000249, SMMW, SMWXJ240015, SMWXJ240171, SMWXJ240050, SMWMJ210457, SMWXJ240034, SMWMJ210318, SMWX, SMWM2000029, 2, SMWM2000264, SMWMJ210402, SMWMJ2100436, SMWM2000476, SMWXJ240003, SMWMJ210313, SMWMJ210281, SMWXJ240007, SMWMJ210376, SMWMJ210294, SMWMJ210422, SMWMJ240030, SMWMJ210458, SMWMJ210295, SME20210026, SMWMJ210440, SMWMJ210308, SMWM2000050, SMWM210392, SWMWM2000284, SMWM2000153, SMWM2000432, SMWM2000351, SMWXJ240001, SMWM2000181, SMWM2000429, SMWM2000243, SMWM2000443, SMWM2000248",570AC496,Smartmotion,"Kunshan Cyclisport Co., Ltd",70,"$142,923.16","$129,930.14","$6,696.45",$0.00,$0.00,"$106,508.97","$23,421.17",18.03
ZERO 8 Electric Scooter / 48V 13AH,ZERO-8-48V13,"F8413210417035, F8413210417025, F8413210417016, F8413210417049, F8413210417047, F8413210417022, F8413210417012, F8413210417028, F8413210417026, F8413210417027, F8413210417018, F8413210417045, F8413210417050, F8413210417031, F8413210417038, F8413210417021, F8413100417007, F8413100417017, F8413100417013, F8413210417002, F8413210417032, F8413210417042, F8410210417092, F84132104170039, SN, F8413210417040, F8413210417044, F8413210417015, F8413210417034, F8413211022010, F8413211022023, F8413211022016, F8413211022024, F8413211022018, F8413211022028, F8413211022007, F8413211022026, F8413211022030, F8413211022013, F8413211022021, F8413211022005, F8413211022002, F8413211022001, F8413211022011, F8413211022004, F8413211022015, F8413211022019, F8413211022009, F8413211022017, F8413211022003, to be provided, F8413211022029, F8413211022006, F8413211022027, F8410211022024, W190624480, W190722065, W190624479, W190624474, W190624462, W190624462, W190624456, LY48V8500W19062448, LY48V8500W190618157, LY48V500W1906244818, TBA, LY48V500W190620212",7B85D3AC,Zero,Falcon PEV Pte Ltd,69,"$62,310.10","$56,645.55","$2,282.15",$0.00,$0.00,"$40,115.25","$16,530.30",29.18
SM E20 Step Thru / Red,SMB-E20-ST-RED,"SME20210168, SME20210312, SME20210145, SME20210182, SME20210113, SME202105205, SME20210131, SME20210045, SME20210267, SME20210006, SME20210164, SME20210238, SME20210011, SME202008214, SME20210004, SME20210440, SME20210105, SME20210318, Suspension Forks, SME20210301, SME20210064, SME20210362, SME20210325, SME20210081, SME20210288, SME20210222, SME20210162, SME20210300, SME20210347, SME20210423, SME20210332, SME20210186, SME2021046, SME20210029, SME20210449, SME202102, SME20210204, SME20210149, SME20210298, SME20210175, SME20210540, SME20210280, SME20210114, SME20210052, SME20210051, SME20210095, SME20210483, 5% DISCOUNT, SME20210074, SME20210550, SME20210183, SME20210563, SME20210522, SME20210111, SME, SME20210245, SME20210317, SME20210294, SME20210001, SME200210101, SME20210255, SME20210227, SME20210135, SME20210012, SME20210254, SME20210085, SME20210537, SME202008223",BB642F40,Smartmotion,"Kunshan Cyclisport Co., Ltd",68,"$106,147.38","$96,497.62","$3,648.02",$0.00,$0.00,"$64,943.10","$31,554.52",32.7
Smartmotion MidCity 27.5 250W 36V / Red,SMB-CITY-27.5-RED,"SMWM2000139, SMWM2000236, SMWM2000419, SMWM2000459, SMWM2000377, MIDRED27.5, SMWM2000338, SMWM2000371, SMWM2000212, SMWM2000148, SMWM2000157, SMWM2000203, SMWM2000394, SMWM2000175, SMWM2000252, SMWX2000217, SMWM2000138, SMWM2000474, DECEMBER, SMWM2000162, SMWM, SMM190890, SMWM2000355, SMWM2000480, SMWM2000327, SMWMJ210303, SMWM2000319, SMWM2000357, SMWMJ210314, SMWM2000306, SMWM2000387, SMWM2000333, 1, SMWM2000477, SMWM2000294, SMWM2000367, SMWM2000301, SMWM2000305, 3, SMWM2000189, SMWM2000303, SMWMJ210444, SMWMJ210481, SMWM2000439, SMWM2000360, SMWXJ240031, SMWM2000185, SMWMJ210373, SMWM2000171, SMWXJ240009, SMWXJ210386, SMWM2000344, SMWM2000308, SMWM2000440, SMWMJ210644, SMWXJ240138, SMWM2000356, SMWMJ210525, SMWMJ210038, TBC, SMWMJ210563, SMWMJ210454, SMWM2000268, SMWMJ210417, SMWM2000136, SMWMJ210122, SMWM2000156",E663C313,Smartmotion,"Kunshan Cyclisport Co., Ltd",67,"$140,237.12","$127,488.29","$2,184.88",$0.00,$0.00,"$101,418.75","$26,069.54",20.45
VSETT 9/9+ Pneumatic inner tube,VS-9/9+-PNU-INR-TUBE,,2D79CB28,VSETT,Ningbo Vsett,66,"$1,118.99","$1,017.27",$72.91,$0.00,$10.96,$509.00,$508.27,49.96
Brooklyn Park Lock,PARK-LOCK,,98D6F1CD,Smartmotion,"Kunshan Cyclisport Co., Ltd",65,"$3,493.54","$3,175.95",$447.70,$0.00,$55.00,"$1,364.84","$1,811.11",57.03
VSETT 9 Electric Scooter / 52V 17.5 LG,VSETT-9-17.5-LG,"V952V6121, V9S52V6121030049, V9S52V6121030054, V9S52V6121030057, Downpayment, V9S52V6121030046, V9S52V6121030048, V9S52V6121030041, V9S52V6121030048, TBA, V9S52V612201026, V9S52V612201018, V9S52V612201001, V9S52V612201024, V9S52V612201003, V9S52V612201009, V9S52V612201008, V9S52V612201006, V9S52V612201010, V9S52V612201022, V9S52V612201004, V9S52V612201014, V9S52V612201029, V9S52V612201011, V9S52V612201002, V9S52V612201015, V9S52V612201021, V9S52V612201020, V9S52V612201025, V9S52V612201007, V9S52V612201012, V9S52V612201028, V9S52V612202067, V9S52V612202061, V9S48V612202063, V9S48V612202069, V9S52V612201027, V9S52V612201030, V9S52V612202064, V9S52V612202083, V9S52V612202086, V9S52V612202087, V9S52V612202081, V9S52V612202080, V9S52V612202066, V9S52V612202068, V9S52V612202090, V9S52V612202089, V9S52V612202070, V9S52V612202055, V9S52V612202071, TBC, V9S52V612201016, V9S52V612202073, V9S52V612202072, V9S52V612202077, V9S52V612202078, V9S52V612205146, V9S52V612205159, V9S52V612205142, V9S52V612205122, V9S52V612205127, V9S52V612205153, V9S52V612205157, V9S52V612201005",2F7F5F7D,VSETT,Ningbo Vsett,65,"$102,341.67","$93,037.88","$4,357.33",$0.00,$0.00,"$90,482.34","$2,555.55",2.75
Warranty,Warranty,,FFDBA625,,,63,$123.75,$112.50,$146.25,$0.00,$0.00,$180.00,-$67.50,-60
"ZERO TYRE 10 Inch Series / 10 x 2.5"" Road","ZER-TYRE-10""-2.5"" ROAD",,82A46CFD,Zero,Falcon PEV Pte Ltd,63,"$1,615.56","$1,468.69",$20.97,$0.00,$5.05,"$1,070.01",$398.68,27.15
Xiaomi Air Pump,XIAOMI-AIR-PUMP,,38DB10F3,Xiaomi,Falcon PEV Pte Ltd,62,"$4,604.50","$4,185.90",$80.50,$0.00,$15.00,"$1,975.00","$2,210.90",52.82
VSETT NFC Display,VS-NFC-DISPLAY,,7DC40FB4,VSETT,Ningbo Vsett,59,"$4,207.68","$3,825.17",$542.84,$0.00,$0.00,"$2,493.57","$1,331.60",34.81
ZERO Throttle LCD / ZERO LCD with Thumb Throttle,ZER-THR-LCD-THB,,26927CCD,Zero,Falcon PEV Pte Ltd,56,"$5,542.29","$5,038.49",$254.21,$0.00,$20.00,"$3,593.83","$1,444.66",28.67
ZERO Disc Rotor / 160mm,ZER-DISC-ROT-160,,0CD2F505,Zero,Falcon PEV Pte Ltd,56,"$1,338.88","$1,217.17",$140.76,$0.00,$0.00,"$1,128.78",$88.39,7.26
"ZERO TYRE 8 Inch Series / 8.5x2"" Honeycomb Solid","ZER-TYRE-8.5""-HONEYCOMB-SOLID",,75A22491,Zero,Falcon PEV Pte Ltd,53,"$1,658.74","$1,507.95",$42.43,$0.00,$5.00,"$1,046.56",$461.39,30.6
Zero Chargers / 58.8V,ZER-CHGR-58.8V,,D451C5E0,Zero,Falcon PEV Pte Ltd,52,"$3,679.00","$3,344.54",$78.00,$0.00,$0.00,"$2,053.10","$1,291.44",38.61
Smartmotion G3 ECity 26 250W 36V / Red,SMB-G3-ECITY-26-RED,"JL17110787, G3242155, JANUARY 2, JANUARY, DECEMBER 3, DECEMBER 2, DECEMBER, J, G3242153, G3262105033, J26210109, G32621050057, G32621050062, G32621050028, G32621050075, J26210201, J26210192, ECITY RED, 4, J26210094, J26210072, J26210215, J26210076, J26210043, J26210026, J26210126, J26210225, J26210238, J26210044, J26210075, J26210028, J26210055, J26210091, J26210140, RED, J26210119, J26210193, J26210011, J26210085, J26210160, G3242185, J26210019, J26210034, J26210194, J26210247, J26210067, J26210208, J26210167, J26210020, J26210007, J26210030, TBA",FCD212CB,Smartmotion,"Kunshan Cyclisport Co., Ltd",52,"$81,368.06","$73,970.97","$5,224.84",$0.00,$0.00,"$60,910.90","$13,060.07",17.66
SM Basket Rear Black,SM-BSK-R,,CC0C4FB8,Smartmotion,"Kunshan Cyclisport Co., Ltd",51,"$3,296.28","$2,996.61",$459.57,$0.00,$0.05,"$1,059.61","$1,937.00",64.64
Smartmotion G3 ECity 24 250W 36V / Red,SMB-G3-ECITY-24-RED,"G32421050042, G32421050041, G32006003, G32421050036, G3 ecity, G3 Ecity 1, G32006239, G32421050016, G32421050045, J26210131, J26210137, G32421050030, G32006304, G32006009, J26210021, G32421050006, J26210043, G32006260, J26210177, G32421050028, G32421050002, G32006245, G3242105, G32421050049, G32421050026, G32421050036, G32421050033, G32421050001, WJ24210047, G32421050044, G32421050027, J26210059, G32421050013, G32006272, G32W2679, G32006185, G32421050008, G32006196, G32006275, G32421050032, G32006271, G320006253, G32421050005, G32421050025, TBA, G32006310, G32421050037, G32421050014, G32006232, G32006231",12364C54,Smartmotion,"Kunshan Cyclisport Co., Ltd",50,"$85,572.49","$77,793.18","$3,673.31",$0.00,$0.00,"$60,949.40","$16,843.78",21.65
24CM BAGS,,,,,,50,$4.50,$4.09,$0.00,$0.00,$0.09,$0.00,$4.09,100
RE HEADER CARDS 24CM,,,,,,50,$7.50,$6.82,$0.00,$0.00,$0.15,$0.00,$6.82,100
9.5CM BAGS,,,,,,50,$3.00,$2.73,$0.00,$0.00,$0.06,$0.00,$2.73,100
RE HEADER CARDS 9.5CM,,,,,,50,$6.00,$5.45,$0.00,$0.00,$0.12,$0.00,$5.45,100
7CM BAGS,,,,,,50,$2.50,$2.27,$0.00,$0.00,$0.05,$0.00,$2.27,100
RE HEADER CARD 7CM,,,,,,50,$5.00,$4.55,$0.00,$0.00,$0.10,$0.00,$4.55,100
SM XCity 27.5 / Camo,SMB-XCITY-27.5-CAMO,"SMWX2000341, SMWX2000239, SMWX2000123, SMWX2000143, SMWX2000213, SMWX2000288, SMWX2000476, SMWX2000274, SMWX2000469, SMWX2000444, SMWX2000267, SMWX2000290, SMWX, SMWX2000249, SMWX2000121, SMWX2000278, SMWX2000556, SMWX2000246, SMWX20000455, CAMO, SMWX2000283, SMWX2000264, SMWX2000489, SMWX2000372, SMWX2000311, SMWX2000268, SMWX2000378, SMWX2000263, SMWX200034, SMWX2000061, SMWX2000139, SMWX2000141, SMWX2000296, SMWX2000256, SMWX2000012, SMWX20001231, SMWX2000366, SMWX2000406, SMWX2000358, SMWX2000335, CAMO, SMWX2000355, SMWX2000009, SMWX2000292, SMWX2000080, SMWX2000134, SMWX2400170, SMWX2000116",ABEFDB42,,,49,"$116,101.85","$105,586.45","$8,142.65",$0.00,$0.00,"$78,582.77","$27,003.68",25.57
"ZERO TYRE 8 Inch Series / 8"" x 3"" Urban Wide","ZER-TYRE-8""-3""-URB-WIDE",,805ABDE7,Zero,Falcon PEV Pte Ltd,48,"$1,313.39","$1,194.00",$20.11,$0.00,$0.00,$771.40,$422.60,35.39
ZERO Key Lock and Volt Meter,ZER-KEY-LOC,,E5936E37,Zero,Falcon PEV Pte Ltd,48,"$2,799.23","$2,544.76",$92.42,$0.00,$0.00,"$1,753.95",$790.81,31.08
SM E20 Step Thru / White,SMB-E20-ST-WH,"SME2021050025, SME2021050024, SME2021050012, SME202008386, SME20210438, SME20210077, SME20210406, SME20210130, SME20210458, SME20210284, SME2021050004, SME20210116, SME202008292, SME20210444, SME20210031, SME20210478, SME20210054, SME20210388, SME20210441, SME20210169, SME2021050007, SME2021050001, SME2021050030, SME20210393, SME202008136, SME20210386, SME2021050028, SME2021050002, 5% DISCOUNT, SME2021050027, SME202100405, SME20210488, SME20210251, SME20210468, SME20210451, SME20210358, SME1, SME20210368, SME20210351, BORDER1, BORDER, SME20210453, SME202008404, SME20210106, SME20210357, SME20210378, BORDER1",D96B401B,Smartmotion,"Kunshan Cyclisport Co., Ltd",47,"$73,591.60","$66,901.45","$3,437.00",$0.00,$0.00,"$45,506.34","$21,395.11",31.98
Smartmotion XCity 27.5 250W 36V / Sand,SMB-XCITY-27.5-SAND,"SMWX2000373, SMWX2000384, JANUARY 2, JANUARY, DECEMBER 3, DECEMBER 2, DECEMBER, SMWX2000032, SMWX2000466, SMWX2000364, SMWX2000394, SMWX2000384, SMWX2000384, SMWX2000504, SMWX2000456, SMWX2000433, SMWX2000446, SMWX2000545, TBA2, SMWX2000233, SMWX2, SMWX2000234, SMWX2000547, SMWX2000472, SMWX2000418, SMWX2000421, SMWX2000161, SMWX2000347, SMWX2000363, SMWX2000226, SMWX2000242, SMWX2000551, SMWX2000526, SMWX2000510, 4, 5, 6, SMWX2000517, SMWX2000298, SMWX2000343, SMWX2000474, SMWX2000391, SMWX2000546, SMWX2000336, SMWX2000297, SMWX2000375, SMWX2000253, SMWX20, SMWX2000452",1498A42D,,,47,"$114,904.32","$104,652.27","$3,077.50",$0.00,$0.00,"$77,914.12","$26,738.15",25.55
Helmet - Livall BH60SE / Polar Night,LIV-BH60SE-B,,CB7DC993,Livall,,45,"$5,294.52","$4,838.42","$1,288.48",$0.00,$0.00,"$1,524.60","$3,313.82",68.49
SM Display Screen / B&W LCD C500 - CLASSIC,SM-SCR-EC36VJ5PM0,,3A6A5DDA,Smartmotion,"Kunshan Cyclisport Co., Ltd",45,"$4,276.46","$3,885.20","$1,338.42",$0.00,$0.00,"$3,737.70",$147.50,3.8
Smartmotion XCity 24 250W 36V / Teal,SMB-XCITY-24-TEAL,"SMWX2400245, SMWX2400202, SMWX2400249, SMWX2400074, SMWM2400186, SMWX2400056, SMWX2400168, SMWX2400208, SMWX2400246, SMWX2400167, SM, SMWX2400154, SMWX2400137, SMWX2400173, SMWX2400193, SMWX2400226, SMWX2400216, SMWX2400134, SMWX2400140, SMWXJ240108, SMWMJ210096, SMWMJ240117, SMWXJ240232, SMWMJ210637, SMWX2400151, SMWX2400203, SMWXJ240150, SMWMJ240125, TEAL 24"", SMWXJ240085, SMWMJ240155, SMWX2400228, SMWMJ240157, TEAL, SMWMJ240127, SMWMJ210177, 1, SMWM2400188, SMWX2400133, SMWX2400174, SMWMJ240034, SMWMJ210636, SMWX2400227",18013B99,Smartmotion,"Kunshan Cyclisport Co., Ltd",43,"$103,284.47","$93,894.97","$4,165.53",$0.00,$0.00,"$69,216.70","$24,678.27",26.28
VSETT 9 Electric Scooter / 52V 13,VSETT-9-13,"V9S952V6121030002, V9S52V6121030011, V9S52V612202023, V9S52V612202022, V9S52V612202013, V9S52V612202015, V9S52V612202028, V9S52V612202001, V9S52V612202012, V9S52V612202017, V9S52V612202026, V9S52V612202010, V9S52V612202011, V9S52V612202027, V9S52V612202029, V9S52V612202003, V9S48V612202016, V9S48V612202021, v9s52612201014, V9S52V612202025, V9S52V612202004, V9S52V612202024, V9S52V612202019, V9S52V612202020, V9S52V612202002, V9S52V6122020096, V9S52V612202021, V9S52V612202056, V9S52V612202021, V9S52V612205029, V9S52V612205051, V9S52V612205040, V9S52V612205015, V9S52V612205066, V9S52V612205011, V9S52V612205013, V9S52V612205012, V9S52V612205039, V9S52V612205014, V9S52V612205055, V9S52V612205052, V9S52V612205031, V9S52V612205025, d",964AE428,VSETT,Ningbo Vsett,42,"$53,093.75","$48,267.05",$499.00,$0.00,$0.00,"$46,559.50","$1,707.54",3.54
VSETT 8 Pneumatic inner tube,VS-8-PNU-INR-TUBE,,E8A4D5BC,VSETT,Ningbo Vsett,42,$621.32,$564.84,$25.00,$0.00,$12.01,$358.04,$206.79,36.61
VSETT 10+ Pneumatic tyre,VS-10+-PNU-TYRE,,D4544241,VSETT,Ningbo Vsett,42,"$1,277.80","$1,161.64",$27.14,$0.00,$0.00,$542.50,$619.14,53.3
VSETT 10+ Charger,VS-10+CHARGER-60V,,5AFE555A,VSETT,Ningbo Vsett,42,"$2,787.56","$2,534.14",$227.66,$0.00,$0.00,"$2,385.36",$148.78,5.87
ZERO 10X InnerTube,ZER-10X-TUBE,,699D76D2,,,41,$798.00,$725.46,$19.95,$0.00,$0.00,$287.00,$438.46,60.44
SM Folding Bike Bag Black,SM-FOL-BIK-BAG,,CD8E5CEC,Smartmotion,"Kunshan Cyclisport Co., Ltd",40,"$2,836.65","$2,578.77",$415.95,$0.00,$0.95,"$2,039.97",$538.80,20.89
"ZERO TYRE 11 Inch Series / 11"" 90 x 65 Road","ZER-TYRE-11""-ROAD",,F14F8C68,Zero,Falcon PEV Pte Ltd,39,"$1,800.67","$1,636.97",$90.23,$0.00,$28.70,"$1,144.31",$492.66,30.1
Smartmotion MidCity 24 250W 36V / White,SMB-MC-24-WH,"SMWM2400047, SMWM2400216, SMWM2400038, SMWM2400123, SMWM2400166, SMWM2000377, SMWM2400200, SMWM2400094, SMWM2400033, SMWM2400151, SMWM2400205, SMWM2400116, SMWM2400147, JANUARY, DECEMBER, SMWM2400160, SMWM2400211, SMWM2400164, SMWM2400210, SMWM2400178, SMWM2400171, SMWM2400121, SMWM2400160, SMWM2400218, SMWJ240084, SMWM2400092, TBA, SMWM2400118, SMWM2400141, SMWM2400213, SMWM2400196, SMWM2400148, SMWM2400153, SMWM2400132, SMWM2400207, SMWX2000227, SMWM2400137, SMWM2400182, SMWM2400221",A17B4DE4,Smartmotion,"Kunshan Cyclisport Co., Ltd",39,"$80,635.66","$73,305.15","$7,525.94",$0.00,$0.00,"$56,222.40","$17,082.75",23.3
ZERO Seat Post / Z10X Seat Post,ZER-SEAT-10X,,3AF274C0,Zero,Falcon PEV Pte Ltd,38,"$7,077.99","$6,440.15",$546.03,$0.00,$0.00,"$4,600.45","$1,839.70",28.57
SM Controller/Classic,SM-CON-CLS,,1F42B4F3,Smartmotion,"Kunshan Cyclisport Co., Ltd",38,"$2,963.72","$2,691.80","$1,501.50",$0.00,$0.00,"$2,250.15",$441.65,16.41
VSETT 10+ Pneumatic inner tube,VS-10+-PNU-INR-TUBE,,7C85AC1C,VSETT,Ningbo Vsett,38,$795.26,$723.33,$28.53,$0.00,$0.00,$347.76,$375.57,51.92
Smartmotion G3 ECity 24 250W 36V / White,SMB-G3-ECITY-24-WH,"JG32621009, JG32621006, JG32621003, JG32621156, JG32621023, J26210053, J26210165, G32421050011, JG32621015, JG32621138, JG32621152, JG32621017, JG30621061, JG30621061, JG32621019, JG32421144, JG32621040, WHITE, TBA5, WJ24210082, WJ24210058, WJ24210084, WJ24210047, WJ24210042, WJ24210083, WJ24210067, 1, WJ24210022, WJ24210087, WJ24210054, JG32621128, WJ24210094, WJ24210054, JG326212062, JG32621002, JG2621117, JG32621150",A712FC99,Smartmotion,"Kunshan Cyclisport Co., Ltd",38,"$56,731.70","$51,574.28","$8,476.80",$0.00,$0.00,"$48,220.28","$3,354.00",6.5
VSETT 8 Electric Scooter / 48V 21 LG,VSETT-8-21-LG,"vsett 21ah, V8S48V6121030052, V8S48V6121030051, V8S48V6121030054, V8S48V6121030049, V8S48V6121030061, V8S48V6121030060, V8S48V6121030047, V8S48V6121030050, V8S48V6121030048, V8S48V6121030059, Collected, V8S48V6121030046, V8S48V6121030057, V8S48V6121030062, V8S48V6121030064, V8S48V6121030063, V8S48V6121030058, V8S48V6121030065, V8S48V6121030056, V8S48V6121030053, V8S48V612205159, V8S48V612205167, V8S48V612205169, V8S48V612205151, V8S48V612205153, V8S48V612205157, V8S48V612205162, V8S48V612205170, V8S48V612205155, V8S48V612205160, V8S48V612205165, V8S48V612205156, V8S48V612205152, V8S48V612205166, V8S48V612205163",AD0D0A34,VSETT,Ningbo Vsett,36,"$56,923.00","$51,748.18",$398.00,$0.00,$0.00,"$40,985.01","$10,763.18",20.8
SM XCity 27.5 / Sienna,SMB-XCITY-27.5-SIENNA,"SMWX2000445, SMWX2000203, SMWX2000388, SMWX2000529, SMWX2000499, SIENNA, SMWX2000254, SMWX2000382, SMWX2000381, SMWX2000410, SMWX2000319, SMWX207067, SMWX200248, SMWX2000092, SMWX2000385, SIENNA, SMWX2000340, SMWX2000225, SMWX2000214, SMWX2000540, SMWX2000209, SMWX2000189, SMWX2000221, SMWX2000502, SMWX2000395, SMWX2000572, SMWX2000479, IAN DELIVERED TO STORE, BORDER, SMWX2000496, SMWX2000386, SMWX2000238, SMWX2000081, SMWX2000414, SMWX2000555",5BB917A1,Smartmotion,"Kunshan Cyclisport Co., Ltd",35,"$82,320.00","$74,836.36","$3,430.00",$0.00,$5.50,"$56,130.55","$18,705.81",25
ASSEMBLY FEE,,,,,,35,"$1,235.00","$1,122.73",$0.00,$0.00,$4.00,$640.00,$482.73,43
Ceramic Brake Pads / NUTT,10051,,F3A90ED5,,,35,$994.50,$904.09,$20.50,$0.00,$0.00,$49.00,$855.09,94.58
SM Battery Charger / 48v 3Ah 3pin Male,SM-BC-48V3A3PM00,,E6DE3FA0,Smartmotion,"Kunshan Cyclisport Co., Ltd",34,"$1,829.24","$1,662.95",$919.86,$0.00,$0.00,"$1,993.49",-$330.54,-19.88
ZERO 10X Electric Scooter / 52V 18AH HYD,ZERO-10X-52V18-HYD,"F10X518211215014, F10X518211215021, F10X518L211215011, F10X518L211215013, F10X518211215006, F10X518211215029, F10X518211215003, F10X518211215033, F10X518211215030, F10X518211215002, F10X518211215022, F10X518211215041, F10X518211215016, F10X518211215040, F10X518211215031, F10X518211215009, F10X518211215023, F10X518211215035, F10X518211215037, F10X518211215036, F10X518211215034, F10X518211215024, F10X518211215058, F10X518211215005, F109X518211215001, F10X5182121215015, ., 2, 1, 0, F10X518211215043, F10X518211215032, F10X518211215028, F10X5182112154045",E7211985,Zero,Falcon PEV Pte Ltd,34,"$65,302.10","$59,365.54","$2,170.90",$0.00,$0.00,"$45,187.32","$14,178.22",23.88
SM E-20 & Vista Folding Bag,SM-e20-FOL-BAG,,3701FA81,,,33,"$1,649.01","$1,499.10",$299.34,$0.00,$0.00,$164.85,"$1,334.25",89
SM Display Screen / Colour LCD - C800S - MID DRIVE,SM-DU-MC36VA8PM0,,B9C22452,Smartmotion,"Kunshan Cyclisport Co., Ltd",32,"$1,861.23","$1,692.03","$2,530.67",$0.00,$0.00,"$2,769.80","-$1,077.77",-63.7
Smartmotion MidCity 24 250W 36V / Blue,SMB-MC-24-BLUE,"SMWM2400131, SMWM2400111, MIDBLUE24, SMWM2400136, SMWM2400091, SMWM2400179, SMWM2400126, SMWM2400145, SMWM2400191, SMWM2400095, SMWM2400110, SMWM2400161, SMWM2400157, SMWM2400096, SMWM2400162, SMWM2400135, SMWM2400103, SMWM2400159, SMWM2400192, SMWM2400189, SMWM2400113, SMWM2400138, SMWM2400015, TBA, SMWM2400172, SMWM200208, SMWM2400190, SMWM2400124, SMWM2900124, SMWM2400215, SMWM2400181, SMWM2000340",6CB9333F,Smartmotion,"Kunshan Cyclisport Co., Ltd",32,"$64,471.67","$58,610.61","$4,792.33",$0.00,$300.00,"$42,457.60","$16,153.01",27.56
Assembly Fee,,,,,,32,"$1,408.00","$1,280.00",$0.00,$0.00,$0.00,$0.00,"$1,280.00",100
ZERO 10X Rear Fender,ZER-10X-REA-FEN,,3B8BE0C7,Zero,Falcon PEV Pte Ltd,31,$841.01,$764.53,$12.76,$0.00,$0.00,$526.62,$237.91,31.12
Front Pouch Plain,SM-R-POUCH,,F8FE13B6,Smartmotion,"Kunshan Cyclisport Co., Ltd",31,$872.58,$793.25,$84.90,$0.00,$0.00,$465.00,$328.25,41.38
Helmet - Livall BH60SE / Ivory White,LIV-BH60SE-W,,7E111761,Livall,,30,"$3,306.38","$3,005.80","$1,115.22",$0.00,$0.00,$854.50,"$2,151.30",71.57
Zero Chargers / 67.2V,ZER-CHGR-67.2V,,B3661FF7,Zero,Falcon PEV Pte Ltd,30,"$2,084.50","$1,895.00",$81.50,$0.00,$0.00,"$1,155.00",$740.00,39.05
ZERO Standard Brake Cable,ZER-STD-BRK-CAB,,B6A72C62,Zero,Falcon PEV Pte Ltd,30,$386.25,$351.14,$0.00,$0.00,$0.00,$200.58,$150.56,42.88
Adjust Brakes,,,,,,30,$60.00,$54.55,$0.00,$0.00,$2.00,$0.00,$54.55,100
Elwood Park Lock,PARK-LOCK - ELWOOD,,F96F62E9,Smartmotion,Bikesportz Imports Pty Ltd,30,$660.00,$600.00,$240.00,$0.00,$0.00,$315.35,$284.65,47.44
"SM G3 ECity 250w 15.6AH / White 26"" Tyres",SMB-G3-ECITY-26-WH,"G3242175, G3242174, G3242132, G3242152, G3242181, G3242141, G3242150, G3242111, G3242166, G3242128, G3242100, G3242095, G3242093, G3242155, G3242148, G3242124, G3242131, G3242123, G32621050008, G3242171, G3242117, G3242101, G3242122, G3242088, G3242156, J26210120, J26210155, J26210202, J26210005",6FB9B038,Smartmotion,"Kunshan Cyclisport Co., Ltd",29,"$47,818.10","$43,471.00",$0.00,$0.00,$0.00,"$33,698.00","$9,773.00",22.48
Smartmotion MidCity 27.5 250W 36V / Blue,SMB-CITY-27.5-BLUE,"SMWM2000262, SMWX2000169, SMMIDBLUE, SMWM2000188, MIDBLUE27.5, SMWM2000441, SMWM2000, SMWM2000135, SMWM2000231, SMWM2000421, SMWM2000269, SMWM2000135, SMWM2000135, SMWM2000231, SMWM2000231, SMWM2000335, SMWM2000134, SMWM2000253, SMWM2000427, SMWM2000446, SMWM2000449, SMWM2000361, 9, 8, SMWM2000315, SMWM2000149, SMWM2000277, SMWM2000418, SMWM2000280, SMWM2000290, SMWM2000233, SMWM2000324, SMWM2000340",45DFC67D,Smartmotion,"Kunshan Cyclisport Co., Ltd",29,"$58,421.09","$53,110.08","$2,444.11",$0.00,$0.00,"$43,375.59","$9,734.49",18.33
ZERO 10X Electric Scooter / 60V 21AH LG ,ZERO-10X-60V21,"F10X621L200908046, F10X621L210519019, F10X621L210519015, F10X621L211022005, F10X621L210519012, F10X621L210519013, F10X621L210519011, F10X621L210917008, F10X621L210917004, F10X621L210919016, F10X621L210917007, F10X621L210917002, F10X621L210917001, F10X621L210917005, F10X621L2109170014, F10X621L210917009, F10X621L210519020, F10x621l210519015, F10X621L210519017, F10X621L210917003, F10X621L211022002, F10X521L211215001, F10X521L211215002, F10X621L211215023, F10X621L211215008, F10X621L211215012, F10X621L211215022",C3F86A8C,Zero,Falcon PEV Pte Ltd,28,"$71,095.25","$64,647.07","$1,482.75",$0.00,$0.00,"$49,790.61","$14,856.46",22.98
ZERO Disc Rotor / 120mm,ZER-DISC-ROT-120,,473C2F22,Zero,Falcon PEV Pte Ltd,28,$475.17,$431.97,$22.95,$0.00,$0.00,$281.22,$150.75,34.9
Ceramic Brake Pads / ZOOM,10052,,CD441198,,,28,$765.00,$695.45,$5.00,$0.00,$0.00,$196.00,$499.45,71.82
ZERO 9 Inner Tube,ZER-9-TUBE,,B9BF1C8F,,,27,$552.80,$502.55,$14.20,$0.00,$0.00,$220.56,$281.98,56.11
"ZERO TYRE 11 Inch Series / 11"" 90 x 65 - 6.5"" Off-Road","ZER-TYRE-11""-OFF-ROAD",,DC565DC2,Zero,Falcon PEV Pte Ltd,27,"$1,186.06","$1,078.24",$0.95,$0.00,$0.00,$629.73,$448.51,41.6
On Guard Fastlock Chain Keyed 90mm,FAST-LOCK-KEY,,58532B61,On Guard,Bikecorp,27,$663.43,$603.12,$367.54,$0.00,$0.00,$735.73,-$132.61,-21.99
SM MidCity 27.5 / Black,SMB-CITY-27.5-BLK,"SMWM195029, SMM190814, SMWM2000165, SMM190008, SMWM2000271, SMWM2000345, SMM190527, SMWM2000380, SMWM2000352, SMWM2000195, SMWM2000425, SMWM2000292, SMWM2000464, SMWM2000314, SMWM2000272, SMWM2000167, SMWM2000131, SMWM2000463, SMWM2000451, SMWM2000184, SMWM2000263, BNE STORE, SMWM2000279, SMWM2000219, SMWM2000456, SMWM2000144, SMWM2000221, SMWM2000271",0AB52D80,Smartmotion,"Kunshan Cyclisport Co., Ltd",26,"$52,050.24","$47,318.40","$2,518.56",$0.00,$0.00,"$38,888.46","$8,429.94",17.82
SM Helmet,SM-HELMET,,4C98EEEE,Smartmotion,"Kunshan Cyclisport Co., Ltd",26,$410.50,$373.18,"$1,880.50",$0.00,$0.00,"$1,638.00","-$1,264.82",-338.93
SM Key and Lock,SM-KEY-LCK,,3D5350C4,Smartmotion,"Kunshan Cyclisport Co., Ltd",26,$874.62,$795.11,$205.01,$0.00,$0.00,$711.39,$83.72,10.53
ZERO Scooter Carry Handle / ZERO 9,ZER-CRY-HDL-9,,697450EA,Zero,Falcon PEV Pte Ltd,26,"$1,124.15","$1,021.95",$13.75,$0.00,$0.00,$561.60,$460.35,45.05
Smartmotion G3 EUrban 250W 36V / Blue,SMB-G3-EURB-BLUE,"JL16040412, JL16040432, JL17040180, JL17070471, JL17070496, JL16040421, JL16040395, JL16040524, JL17070338, JL16040570, SN:, JL16040411, 1, 2, JL17070438, JL17070362, JL17040136, JL17070354, JL17070318, JL17070412, JL17070446, JL17070515, JL17070372, SMWX, BLUE, JL16040501",89153CFB,Smartmotion,"Kunshan Cyclisport Co., Ltd",26,"$41,859.81","$38,354.17","$2,711.79",$0.00,$0.00,"$30,048.20","$8,305.97",21.66
"SM G3 ECity 250w 15.6AH / Red 26"" Tyres",SMB-G3-ECITY-26-RED,"ECITY 26"" RED, ECITY RED 26"", G32621050056, G32621050024, G32621050042, G32621050065, G32621050058, G32621050070, JL161346, G32621050072, G32621050025, G32621050011, G32621050020, G32421055, G32621050016, G32621050007, G3242167, G32621050032, G32621050052, G32621050041, G326210500595, G3242149, G32621050073, G32621050051, JL17110946",FCD212CB,Smartmotion,"Kunshan Cyclisport Co., Ltd",25,"$41,222.50","$37,475.00",$0.00,$0.00,$0.00,"$29,050.00","$8,425.00",22.48
XIOMI PUMPS,,,,,,25,"$1,375.00","$1,250.00",$0.00,$0.00,$0.00,$0.00,"$1,250.00",100
VSETT 8 Pneumatic tyre,VS-8-PNU-TYRE,,7461E47A,VSETT,Ningbo Vsett,25,$562.05,$510.95,$0.00,$0.00,$0.00,$471.18,$39.77,7.78
ZERO 9 Electric Scooter / 48V 13AH LG,ZERO-9-48V13-LG,"F9413L210417005, F9413L210417024, F9LG, F9413L210417014, F9413L210417015, F9413L210417022, F9413L210417017, F9413L210417021, F9413L210417023, F9413L210417026, F9413L210417013, F9413L210417018, F9413L210417007, F9413L201104033, F9413L210417006, F9413L20417029, F9413L210417009, F9413L210417018, F9413L210417015, Zero 9, F9413210805010, F9413L200908024, F9413L210417009, F9413211022020",562B8B36,Zero,Falcon PEV Pte Ltd,24,"$29,430.25","$26,754.77",$550.50,$0.00,$0.75,"$16,888.75","$9,866.02",36.88
"ZERO TYRE 10 Inch Series / 10 x 2.5"" Honeycomb Solid","ZER-TYRE-10""-2.5""-HNYCB",,AA3073BC,Zero,Falcon PEV Pte Ltd,24,$848.00,$770.91,$2.00,$0.00,$21.22,$481.55,$289.36,37.53
ZERO 8 Rear Fender/Mudguard / Long,ZER-8-REA-MUD-LON,,BB5EB480,Zero,Falcon PEV Pte Ltd,24,$495.00,$450.01,$0.00,$0.00,$0.00,$292.60,$157.41,34.98
SM Brake Pads / Tektro,SM-BRK-PADS-TKTR,,A18AAF70,Smartmotion,"Kunshan Cyclisport Co., Ltd",24,$516.71,$469.73,$57.14,$0.00,$0.00,$196.80,$272.93,58.1
Zero Chargers / 84V,ZER-CHGR-84V,,865206F9,Zero,Falcon PEV Pte Ltd,24,"$1,948.25","$1,771.14",$99.25,$0.00,$0.00,"$1,134.00",$637.14,35.97
Xiaomi Tyres / 8.5 X 2,XIA-TYRES-8,,00B5D31B,,Ride Electric North  Brisbane,24,$675.34,$613.94,$169.42,$0.00,$5.00,$510.16,$103.78,16.9
ZERO Sporty Mirrors / Red,ZER-SPT-MIR-RED,,2489BE83,Zero,Falcon PEV Pte Ltd,23,$946.75,$860.68,$15.35,$0.00,$0.00,$497.70,$362.98,42.17
ZERO 10 Electric Scooter / 52V 18AH LG,ZERO-10-52V18-LG,"F10518L210417014, F10518L210417005, F10518L210417019, F10518L210417009, F10518L210417008, F10518L210417003, F10518l210417010, F10518L210417006, F10158L210417018, F10158L210417016, F10158L210417011, F10158L210417015, F10158L210417007, F10158L210417017, F10518L210417001, F10518L210417004, F10518L210417009, F10518L210417004, F10518211022067, F10518211022060, F10518211022007, F10518L211215016, F10518L211215007",09D887B6,Zero,Falcon PEV Pte Ltd,23,"$34,831.50","$31,665.00",$299.00,$0.00,$1.75,"$23,183.60","$8,481.40",26.78
VSETT 11+ Electric Scooter / 60V 42 LG,VSETT-11+-42-LG,"V11P60V6121030036, V11P60V6121030024, V11P60V6121030042, V11P60V6121030044, V11P60V6121030035, V11P60V6121030037, V11P, V11P60V121030043, V11P60V6121030026, V11P60V6121030038, V11P60V121030039, V11P60V6122010013, V11P60V612201003, V11P60V6121030025, V11P60V612201005, V11P60V612201001, V11P60V612201006, V11P60V612201014, V11P60V612201004, V11P60V612201015, V11P60V612201012, V11P60V612201002, V11P60V612201011",1339925C,VSETT,Ningbo Vsett,23,"$98,356.94","$89,415.40","$6,625.56",$0.00,$0.00,"$77,438.48","$11,976.92",13.39
SM Orbit Mirrors,SM-ORBIT-MIRRORS,,F42564CF,Smartmotion,"Kunshan Cyclisport Co., Ltd",23,"$1,021.26",$928.42,$13.74,$0.00,$0.00,$494.63,$433.79,46.72
VSETT 9/9+ Brake Pad,VS-9/9+-BRAKE-PAD,,0573998B,VSETT,Ningbo Vsett,23,$412.75,$375.23,$0.00,$0.00,$0.00,$61.98,$313.25,83.48
SM XCity 27.5 / Sand,SMB-XCITY-27.5-SAND,"SMWX2000427, SMWX2000232, SMWX2000542, SMWX2000229, SMWX2000323, SMWX2000318, SMWX2000477, SMWX2000235, SMWX2000490, SMWX2000505, SMWX2000371, SMWX2000493, SMWX2000486, SAND, SAND, SMWX2000342, SMWX2000258, SMWX2000420, SMWX2000565, SMWX2000353, BORDER2, BORDER",1498A42D,,,22,"$51,719.00","$47,017.27","$3,220.00",$0.00,$0.00,"$35,282.06","$11,735.21",24.96
labour,,,,,,22,"$1,121.00","$1,019.09",$25.00,$0.00,$75.00,$0.00,"$1,019.09",100
"Smartmotion XCity Neo 16"" / Teal",SM-XCITY-NEO-16-TEAL,"1, 2, 3, G5XC211457, G5XC211530, G5XC211437, G5XC211200, G5XC210524, G5XC210499, G5XC211296, G5XC211308, G5XC211179, G5XC211302, G5XC210617, G5XC210837, G5XC211188, G5XC211418, G5XC211458, G5XC211371, G5XC211424, G5XC211399, SMWX2000557",6ABDAF5E,Smartmotion,"Kunshan Cyclisport Co., Ltd",22,"$67,606.61","$61,460.55","$1,048.00",$0.00,$0.00,"$43,045.25","$18,415.30",29.96
ZERO 11X Electric Scooter / with Off-road Tyre,ZERO-11X-72V35-OFF-ROAD,"F11X132L210417008, F11X735L201223013, F11X732L210417002, F11X732L210417007, F11X, F11X732L210805001, tba3, tba, F11X732L2108805008, F11X732L210805015, F11X732L210805009, F11X732L210805003, F11X732L210417003, F11X732L210805007, F11X732L210805010, F11X732L210805013, F11X732L210805006, F11X732L210805007, F11X732L210805002, F11X732L210805004, F11X7321210805005",C506ED32,Zero,Falcon PEV Pte Ltd,21,"$89,625.00","$81,477.27","$2,500.00",$0.00,$0.00,"$68,204.40","$13,272.87",16.29
"ZERO TYRE 8 Inch Series / 8"" Solid Rear (200x65)","ZER-TYRE-8""-SOLID-REAR",,FB7C8520,Zero,Falcon PEV Pte Ltd,21,$850.50,$773.18,$0.00,$0.00,$0.00,$565.95,$207.23,26.8
CLASSIC HEADLIGHT,,,,,,20,"$1,097.80",$998.00,$0.00,$0.00,$0.00,$0.00,$998.00,100
ZERO HELMETS,,,,,,20,$544.40,$494.91,$0.00,$0.00,$0.00,$0.00,$494.91,100
service,,,,,,20,"$1,549.50","$1,408.64",$250.00,$0.00,$549.00,$0.00,"$1,408.64",100
SM MidCity 27.5 / White,SMB-CITY-27.5-WH,"SMM190536, SMWM2000366, SMWM2000332, SMWM2000190, SMWM2000209, SMWM2000244, SMWM2000216, SMWM2000106, SMWM2000218, SMWM190798, SMWM2000300, SMM190504, SMM190876, SMWM2000257, SMM190810, SMWM2000042, SMWM2000282, SMWM2000140, SME",570AC496,Smartmotion,"Kunshan Cyclisport Co., Ltd",20,"$41,674.89","$37,919.95","$2,103.51",$0.00,$0.00,"$30,517.29","$7,402.66",19.52
SM Controller/MidDrive/XCity/Midcity / Colour Disp,SM-CONT-MID-XC-COL,,EA4F3229,Smartmotion,"Kunshan Cyclisport Co., Ltd",20,"$1,293.70","$1,176.09","$1,349.33",$0.00,$0.00,$129.37,"$1,046.72",89
SM Suspension Seat Post / Satori Solo 31.6mm 40mm,SM-SE-PS3164001,,898A7DA4,Smartmotion,"Kunshan Cyclisport Co., Ltd",20,$215.36,$195.78,$323.04,$0.00,$0.00,$326.34,-$130.56,-66.69
Smartmotion Catalyst 250W 48V / BLUE/ LRG / 12.8,SMB-CAT-LGE-12.8-MB,"7, 6, JL16120637, JL16120673, JL16120686, JL16120659, JL16120656, JL16120602, JL16120614, JL16120627, SMCT210063, JL16120681, JL16120834, JL16120648, JL16120606, JL16120671, JL16120605, JL16070022, JL16100157, JL16120635",20692D81,Smartmotion,"Kunshan Cyclisport Co., Ltd",20,"$45,415.00","$41,286.36",$785.00,$0.00,$0.00,"$32,092.28","$9,194.08",22.27
Vsett 11+ SUPER Electric Scooter /72V 35LG,VSETT-11+-SUPER-35-LG,"V11P72V612202002, V11P72V612202007, V11P72V612202017, V11P72V612202006, V11P72V612202012, V11P72V612202005, V11P72V612202018, V11P72V612202013, V11P72V612202008, V11P72V612202011, V11P72V612202009, V11P72612202010, TBD, TBD, V1172V612202014",A5E06325,VSETT,Ningbo Vsett,20,"$113,144.51","$102,858.65","$4,944.49",$0.00,$0.00,"$84,126.13","$18,732.52",18.21
e20 nipples,,,,,,20,$11.00,$10.00,$0.00,$0.00,$0.00,$0.00,$10.00,100
"ZERO TYRE 8 Inch Series / 8"" Solid Rear (200x60)","ZER-TYRE-8""-SOLID-REAR",,FB7C8520,Zero,Falcon PEV Pte Ltd,20,$684.00,$621.82,$0.00,$0.00,$0.00,$411.60,$210.22,33.81
Deck bolts - various,,,,,,20,$10.00,$9.09,$0.00,$0.00,$0.00,$10.00,-$0.91,-10
ZERO 8X Electric Scooter / 18AH,ZERO-8X-52V18,"F8X518210417010, F8X518210417004, F8X518210417003, F8X518210417005, F8X518210417007, F8X518210417007, 8Xpreorder, F8X518210417006, F8X518211022015, F8X518211022001, F8X518211022004, F8X518211022007, F8X518211022013, TBA1, F8X518211022005",04D6CF30,Zero,Falcon PEV Pte Ltd,19,"$32,434.50","$29,485.91",$100.00,$0.00,$0.00,"$21,632.25","$7,853.66",26.64
Brake bleed kit - scooter,BBK-SCT,,403F1BA8,,,19,$648.75,$589.77,$20.25,$0.00,$0.00,$398.05,$191.72,32.51
VSETT  Charging port + dust cap 8/8+/9/9+/10+,VS-CRG-PRT - 8/8+/9/9+/10+,,09EA6EED,VSETT,Ningbo Vsett,19,$252.17,$229.25,$38.00,$0.00,$6.00,$189.28,$39.97,17.43
SM MidCity 27.5 / Blue,SMB-CITY-27.5-BLUE,"SMWM2000434, SMWM2000150, SMWM2000467, SMWM2000454, SMWM2000393, SMWM2000364, SMWM2000265, SMWM2000228, SMWM2000455, SMWM2000311, SMWM, SMWM2000247, SMWM2000442, SMWM2000283, SMWM2000466, 27.5"", SMWM2000448, SMWM2000166",45DFC67D,Smartmotion,"Kunshan Cyclisport Co., Ltd",18,"$37,841.28","$34,401.16","$1,739.52",$0.00,$0.00,"$27,525.87","$6,875.29",19.99
SM MidCity 27.5 / Red,SMB-CITY-27.5-RED,"SMWM2000154, RED, SMWM, SMWM2000450, SMWM2000422, SMWM2000404, SMWM2000211, SMWM2000199, SMWM2000163, SMWM2000130, SMWM2000254, SMWM2000346, SMWM2000379, BORDER, SMWM2000479, SMWM2000465, SMWM2000276",E663C313,Smartmotion,"Kunshan Cyclisport Co., Ltd",18,"$35,063.67","$31,909.75","$4,517.13",$0.00,$0.00,"$26,922.78","$4,986.97",15.63
SM Manifold Classic,SM-CLS-MANIF-2017,,5AA32028,Smartmotion,"Kunshan Cyclisport Co., Ltd",18,$529.50,$481.36,$197.25,$0.00,$0.00,$115.35,$366.01,76.04
Smartmotion XCity 24 250W 36V / Sienna,SMB-XCITY-24-SIENNA,"SMWX2400142, SMWX2400207, SMWX2400159, SMWX2400135, SMWX2400138, SMWX2400210, SMWX2400163, TBA, SMWX2400191, SMWX2400161, SMWX2400184, SMWX2400157, SMWX2000315, SMWX2400239, SMWX2400141, SMWMJ210153, SMWMJ240035, SMWXJ240203",DF9B8907,Smartmotion,"Kunshan Cyclisport Co., Ltd",18,"$43,523.03","$39,566.39","$2,325.97",$0.00,$0.00,"$29,999.20","$9,567.19",24.18
Labour,,,,,,17,$665.05,$604.59,$0.00,$0.00,$5.00,$115.00,$489.59,80.98
SM Pannier Bags / Black,SM-PANN-BAGS-BLK,,CAF2446D,Smartmotion,"Kunshan Cyclisport Co., Ltd",17,$411.95,$374.50,"$1,182.95",$0.00,$0.00,$714.35,-$339.85,-90.75
Service / Full,10068,,407B1BE9,,,17,"$1,610.25","$1,463.86",$73.75,$0.00,$1.00,$0.00,"$1,463.86",100
SM Display Screen / B&W LCD C300S - BASIC,SM-SCR-ES36VJ5PM4,,6.52E+77,Smartmotion,"Kunshan Cyclisport Co., Ltd",16,$994.50,$904.09,$65.00,$0.00,$0.00,$655.91,$248.18,27.45
KEY AND LOCK,,,,,,16,$458.20,$416.55,$0.00,$0.00,$0.00,$0.00,$416.55,100
INNER TUBES 8.5 X 2,,,,,,16,$219.36,$199.42,$0.00,$0.00,$0.00,$0.00,$199.42,100
SM Rear Rack / MID RANGE with lights / MID/XCITY,SM-R-RK-MID,,27FF3CF8,Smartmotion,"Kunshan Cyclisport Co., Ltd",16,$238.85,$217.14,"$2,222.75",$0.00,$0.00,"$1,491.84","-$1,274.71",-587.05
VSETT 10+ Controller,VS-10+-CNTR-60V,,62C7D7A9,VSETT,Ningbo Vsett,16,"$2,408.08","$2,189.17","$1,102.48",$0.00,$0.00,"$2,431.83",-$242.66,-11.08
"Smartmotion Hypersonic Neo / Black / L-21""",SM-HYPER-NEO-BLK--L-21,"G5SN210343, G5SN210259, G5SN210237, G5SN210358, G5SN210253, G5SN210207, G5SN210212, G5SN210366, G5SN21024, G5SN210351, G5SN210348, G5SN210363, G5SN210217, G5SN210257, G5SN210249, G5SN210223",2CEB7F24,Smartmotion,"Kunshan Cyclisport Co., Ltd",16,"$57,697.50","$52,452.27","$1,102.50",$0.00,$0.00,"$35,988.00","$16,464.27",31.39
"Smartmotion Hypersonic Neo / Black / M-19""",SM-HYPER-NEO-BLK--M-19,"G5SN210327, G5SN210342, G5SN210263, G5SN210338, G5SN210294, G5SN210228, TBA, G5SN210326, G5SN210285, G5SN210283, 1, G5SN210311, G5SN210396, G5SN210173, G5SN, G5SN210556",CD430350,Smartmotion,"Kunshan Cyclisport Co., Ltd",16,"$49,432.50","$44,938.64","$14,042.50",$0.00,$0.00,"$40,265.25","$4,673.39",10.4
VSETT 11+ Tyre (Including inner tube）,VS-11+-TYRE,,C508E62D,VSETT,Ningbo Vsett,16,$646.60,$587.82,$41.90,$0.00,$0.00,$613.26,-$25.45,-4.33
ZERO 10 Rear Fender/Mudguard,ZER-10-REA-FEN,,B036B64A,Zero,Falcon PEV Pte Ltd,15,$331.50,$301.36,$12.50,$0.00,$0.00,$163.10,$138.26,45.88
ZERO Brake Pad Set / CIRCULAR PADS,ZER-BRK-PAD-CIRCULAR,,84F57005,Zero,Falcon PEV Pte Ltd,15,$322.00,$292.73,$4.95,$0.00,$20.00,$195.70,$97.03,33.15
15 X FRAME BOLTS FOR ZERO,,,,,,15,$33.00,$30.00,$0.00,$0.00,$0.20,$0.00,$30.00,100
VSETT 9/9+Brake Pad,VS-9/9+-BRAKE-PAD,,0573998B,VSETT,Ningbo Vsett,15,$272.85,$248.05,$11.90,$0.00,$0.00,$169.82,$78.23,31.54
SM Motor Cable Julet 9pin F to F - ECITY/EURBAN,SM-CL-J9PFF06800,,DC7A518A,Smartmotion,"Kunshan Cyclisport Co., Ltd",15,$130.40,$118.55,$49.62,$0.00,$0.00,$113.99,$4.56,3.84
"ZERO TYRE 10 Inch Series / 10 x 3"" Off-Road","ZER-TYRE-10""-3""-OFF-RD",,5A5DFED0,Zero,Falcon PEV Pte Ltd,15,$322.00,$292.73,$140.00,$0.00,$0.00,$333.90,-$41.17,-14.07
Xiaomi tyres,,,,,,15,$210.00,$190.91,$0.00,$0.00,$0.00,$210.00,-$19.09,-10
"Smartmotion XCity Neo 16"" / Camo",SM-XCITY-NEO-16-CAMO,"7, G5XC211573, G5XC210221, G5XC211485, G5XC211006, G5XC211244, G5XC210966, G5XC211205, 1, 2, G5XC211301, G5XC211373, G5XC211322, G5XC211350, G5XC310680",75FC7C98,Smartmotion,"Kunshan Cyclisport Co., Ltd",15,"$48,446.82","$44,042.57","$1,371.03",$0.00,$0.00,"$32,386.37","$11,656.20",26.47
VSETT 10+ Oil brake pad,VS-10+-OIL-BRK-PAD,,9D3091EB,VSETT,Ningbo Vsett,15,$264.12,$240.30,$2.73,$0.00,$0.00,$115.08,$125.22,52.11
SM G3 EUrban 250W 36V 15.6AH / Blue,SMB-G3-EURB-BLUE,"JL16040376, JL16040505, SM151916, JL17070419, JL17040454, JL17040158, JL16040512, JL16040389, JL17070365, JL17070346, JL17070477, JL17070517, JL17070493, JL17070339",89153CFB,Smartmotion,"Kunshan Cyclisport Co., Ltd",14,"$23,084.60","$20,986.00",$0.00,$0.00,$0.00,"$15,604.40","$5,381.60",25.64
SM XCity 24 / Teal,SMB-XCITY-24-TEAL,"SMWX2400121, SMWX2400214, SMWX2400237, SMWX2400198, SMWX2400143, SMWX2400201, SMWX2400117, SMWX2400147, SMWX2400172, SMWX2400059, SMWX240057, SMWX2400204, TEAL, SMWX2400195",18013B99,Smartmotion,"Kunshan Cyclisport Co., Ltd",14,"$33,320.00","$30,290.91",$980.00,$0.00,$0.00,"$21,961.80","$8,329.11",27.5
SM MidCity 24 / White,SMB-MC-24-WH,"SMWM2400037, SMWM2400001, SMWM240028, SMWM2400212, SMWM2400058, SMWM2400020, SMWM2400151, SMWM2400174, SMWM2400142, SMWM, SMWM2400015, SMWM2400130, SMWM2400133, BORDER",A17B4DE4,Smartmotion,"Kunshan Cyclisport Co., Ltd",14,"$29,864.64","$27,149.67",$419.76,$0.00,$0.00,"$17,186.79","$9,962.88",36.7
ZERO Steering Damper Kit / ZERO 11X,ZER-STE-DMP-11X,,B351F085,Zero,Falcon PEV Pte Ltd,14,"$3,096.17","$2,814.70",$0.00,$0.00,$0.00,"$2,001.05",$813.65,28.91
SM Brake Pads / Magura,SM-BRK-PADS-MAGURA,,5A775B0A,Smartmotion,"Kunshan Cyclisport Co., Ltd",14,$319.30,$290.27,$0.00,$0.00,$0.00,$174.50,$115.77,39.88
SM Controller/E20/Step Through,SM-CON-E20S,,FE7857C6,Smartmotion,"Kunshan Cyclisport Co., Ltd",14,$419.60,$381.45,"$1,049.20",$0.00,$0.00,$209.80,$171.65,45
Smartmotion Catalyst 250W 48V / MB/ LRG / 14.5,SMB-CAT-LGE-14.5-MB,"JL16120607, JL16120610, JL16120601, JL16120603, JL16120342, JL1612062, SMCT2410107, JL16120608, JL16120667, JL16120626, JL16120613, SMCT210056, S, P",20692D81,Smartmotion,"Kunshan Cyclisport Co., Ltd",14,"$30,200.00","$27,454.55",$600.00,$0.00,$0.00,"$21,538.44","$5,916.11",21.55
"ZERO Light Module / 8,9,10,10X",ZER-LIGHT-MOD-STD,,600D70D3,,Falcon PEV Pte Ltd,14,$185.67,$168.79,$135.77,$0.00,$0.00,$179.55,-$10.76,-6.37
ZERO Hydraulic E-brakes Kit / ZOOM,ZER-HYD-BRK-KIT-ZOOM,,29841F3F,,,13,"$2,499.74","$2,272.50",$225.26,$0.00,$0.00,"$1,940.29",$332.21,14.62
Smartmotion Essence 250w 10.4AH / Red,SMB-ESS-RED,"JL17070946, JL1611379, JL17071020, JL17070861, JL17070972, JL17070846, JL17070849, JL17070977, JL17071040, JL17071072, 2, J26210231, JL17070808",079CE74B,Smartmotion,"Kunshan Cyclisport Co., Ltd",13,"$17,863.54","$16,239.58",$559.16,$0.00,$250.00,"$11,676.38","$4,563.20",28.1
RE Front Pouch,RE-POUCH,,EC6DF1A6,Smartmotion,"Kunshan Cyclisport Co., Ltd",13,$381.95,$347.22,$244.68,$0.00,$0.00,$195.00,$152.22,43.84
VSETT 9+ 48V Controller (Rear),VS-9+-CNTR-48V-R,,2C1D81C6,VSETT,Ningbo Vsett,13,$754.11,$685.55,$335.16,$0.00,$0.00,$990.25,-$304.69,-44.44
ZERO 10X Electric Scooter / 24AH LG ,ZERO-10X-52V23-LG,"F10X523L210519018, F10X523L210519032, F10X523L210531042, F10X523L210519014, F10X523L210519021, F10X523L201531025, F10X523L210519023, F10X523L210531026, F10X523L210531013, F10X523L210519026, F10X523L210519028, F10X523L210519034",1FB9F736,Zero,Falcon PEV Pte Ltd,12,"$28,490.50","$25,900.45",$0.00,$0.00,$749.75,"$15,816.00","$10,084.45",38.94
ZERO HELMET,,,,,,12,$317.76,$288.87,$178.00,$0.00,$0.00,$0.00,$288.87,100
ZERO 9 Electric Scooter / 48V 10.4AH,ZERO-9-48V10,"F941021047009, F9410210417012, F9410210417017, F9410210417014, F9410210417016, F9410210417015, F9410210417008, F9410210417010, F9410210417004, F9410210417006, F9410210417019, F9410210417013",740ED86E,Zero,Falcon PEV Pte Ltd,12,"$10,791.00","$9,810.00",$0.00,$0.00,$0.00,"$6,050.70","$3,759.30",38.32
ZERO Seat Post / Z8 Seat Post,ZER-SEAT-8,,AE5EB02A,Zero,Falcon PEV Pte Ltd,12,"$1,218.84","$1,108.04",$65.00,$0.00,$10.00,$782.76,$325.28,29.36
SM Light Box DC to DC converter - MIDCITY/XCITY,SM-LB-MC-A3PF000,,72665292,Smartmotion,"Kunshan Cyclisport Co., Ltd",12,$76.92,$69.93,$396.14,$0.00,$0.00,$279.72,-$209.79,-300.02
ECITY REAR SPOKES,,,,,,12,$18.60,$16.91,$0.00,$0.00,$0.00,$0.00,$16.91,100
Ecity Rear Spokes,,,,,,12,$18.00,$16.36,$11.04,$0.00,$0.00,$0.00,$16.36,100
"Smartmotion XCity Neo 16"" / Sand",SM-XCITY-NEO-16-SAND,"4, 5, 6, G5XC211276, G5XC211375, G5XC210792, G5XC211503, G5XC211285, G5XC211313, G5XC210616, G5XC210850, G5XC211279",A7926165,Smartmotion,"Kunshan Cyclisport Co., Ltd",12,"$39,429.45","$35,844.95",$499.00,$0.00,$0.00,"$25,172.85","$10,672.10",29.77
SM Communication Cable / Julet / Classic / Basic,SM-COMM-CBL-CB,,911D9D28,Smartmotion,"Kunshan Cyclisport Co., Ltd",12,$181.60,$165.09,$36.32,$0.00,$0.00,$118.80,$46.29,28.04
VSETT 10+ Motor Rim,VS-10+-MOTOR-RIM,,AECD50BA,VSETT,Ningbo Vsett,12,$147.07,$133.70,$45.03,$0.00,$0.00,$158.45,-$24.75,-18.51
VSETT 9+ 48V Controller (Front),VS-9+-CNTR-48V-F,,E3D66A54,VSETT,Ningbo Vsett,12,$754.11,$685.55,$251.37,$0.00,$0.00,$914.07,-$228.52,-33.33
"Smartmotion Hypersonic Neo / Blue / M-19""",SM-HYPER-NEO-BLU--M-19,"G5SN210245, G5SN210230, G5SN210234, G5SN210274, G5SN210289, G5SN210377, G5SN210270, G5SN210401, G5SN210328, SMWMJ210055, G5SN210562, G5SN210248",9D433211,Smartmotion,"Kunshan Cyclisport Co., Ltd",12,"$45,326.87","$41,206.25",$348.13,$0.00,$0.00,"$28,416.75","$12,789.50",31.04
Service,,,,,,11,$679.00,$617.27,$50.00,$0.00,$239.00,$90.00,$527.27,85.42
ZERO Sporty Mirrors / Black,ZER-SPT-MIR-BLK,,F7212408,Zero,Falcon PEV Pte Ltd,11,$412.20,$374.73,$0.00,$0.00,$0.00,$198.00,$176.73,47.16
SM Front Light / Buschel Shiny 50 / E20/ECITY/EURBAN,SM-FL-BJ2PF654V0,,AB961879,Smartmotion,"Kunshan Cyclisport Co., Ltd",11,$343.73,$312.48,$636.00,$0.00,$0.00,$614.99,-$302.51,-96.81
ZERO Seat Post / Z10 Seat Post,ZER-SEAT-10,,7F817AF1,Zero,Falcon PEV Pte Ltd,11,"$1,120.22","$1,018.38",$39.00,$0.00,$0.00,$751.87,$266.51,26.17
ZERO Motor Cable,ZER-MOT-CBL,,33303542,,,11,$200.84,$182.58,$28.00,$0.00,$0.00,$141.69,$40.89,22.4
RE Front Pouch Plain,RE-POUCH-PLAIN,,EC6DF1A6,Smartmotion,"Kunshan Cyclisport Co., Ltd",11,$272.20,$247.45,$49.95,$0.00,$0.00,$165.00,$82.45,33.32
USB Dual Mini 800 Lumens Bike/Scooter Headlight,HEAD-LIGHT,,9CBDC0EC,,Zero E-Scooters Australia,11,$795.47,$723.15,$13.99,$0.00,$0.00,$769.45,-$46.30,-6.4
VSETT 10+ Disc brake Rotor,VS-10+-DISC-BRK,,88042737,VSETT,Ningbo Vsett,11,$277.99,$252.97,$3.29,$0.00,$0.00,$190.60,$62.37,24.65
Derailleur Hanger / Sports,DER-HAN-SPT,,6C573156,,,11,$95.55,$86.86,$19.90,$0.00,$0.00,$38.85,$48.01,55.27
SM Battery Charger / 36v 3Ah 3pin Male,SM-BC-36V3A3PM00,,5ED8B9D9,Smartmotion,"Kunshan Cyclisport Co., Ltd",11,$558.60,$507.82,$303.60,$0.00,$17.40,$626.77,-$118.95,-23.42
ZERO Motor Rim Cover / ZERO 10X,ZER-RIM-REAR-10X,,379A208E,Zero,Falcon PEV Pte Ltd,11,$186.38,$169.44,$42.46,$0.00,$0.00,$141.69,$27.75,16.38
SM Suspension Seat Post / Generic 31.6mm 40mm,SM-SE-PS316402,,3A300B64,Smartmotion,"Kunshan Cyclisport Co., Ltd",11,$250.50,$227.73,$25.05,$0.00,$0.00,$166.98,$60.75,26.68
Segway Tyres / 60/70-6.5,SEG-TYR-NINEBOT,,261452FF,,Ali Express,11,$454.70,$413.36,$97.30,$0.00,$15.00,$363.22,$50.14,12.13
ZERO 8 Electric Scooter / 10.4AH,ZERO-8-48V10.4,"F98410210417063, F8410210417019, F8410210417047, F8410210417008, F8410210417074, F8410210417003, F8410210417026, F84102104147089, F8410210417002, F8413210417005",26D43F74,Zero,Falcon PEV Pte Ltd,10,"$8,394.75","$7,631.59",$99.00,$0.00,$252.00,"$4,600.00","$3,031.59",39.72
"INNER TUBE 11"" - 11 X 3",,,,,,10,$181.00,$164.55,$0.00,$0.00,$0.00,$0.00,$164.55,100
"INNER TUBE 10 X 2""",,,,,,10,$156.90,$142.64,$0.00,$0.00,$0.00,$0.00,$142.64,100
11 INCH INNER TUBE,,,,,,10,$178.90,$162.64,$0.00,$0.00,$0.00,$0.00,$162.64,100
XIOMI INNER TUBE - 10 INCH,,,,,,10,$156.90,$142.64,$0.00,$0.00,$0.00,$0.00,$142.64,100
"10 X 2"" INNER TUBE",,,,,,10,$156.90,$142.64,$0.00,$0.00,$0.00,$0.00,$142.64,100
"INNER TUBE 8.5 X 2""",,,,,,10,$137.10,$124.64,$0.00,$0.00,$0.00,$0.00,$124.64,100
VSETT 11+ Electric Scooter / 60V 31.2,VSETT-11+-31.2,"V11P60V612103818, V11960V6121030002, V11P60V6121030012, V11P60V121030011, V11P60V6121030003, V11P60V612103005, V11P60V612103011, RED AND BLUE, V11P60V612103001, V11P60V612103023",2CEACF31,VSETT,Ningbo Vsett,10,"$37,942.95","$34,493.59",$799.30,$0.00,$0.00,"$24,225.86","$10,267.74",29.77
SM Essence 250w 10.4AH / Red,SMB-ESS-RED,"JL17070809, JL17070905, JL17070860, JL17070898, JL17071012, JL17070823, JL17070813, JL17070894, JL17071045, JL17070860",079CE74B,Smartmotion,"Kunshan Cyclisport Co., Ltd",10,"$12,172.20","$11,065.64","$1,908.90",$0.00,"$1,500.00","$7,967.88","$3,097.76",27.99
"ZERO TYRE 8 Inch Series / 8"" x 3"" Urban Wide","ZER-TYRE-8""-3""-URBAN-WIDE",,805ABDE7,Zero,Falcon PEV Pte Ltd,10,$207.90,$189.00,$0.00,$0.00,$0.00,$20.00,$169.00,89.42
First Service,,,,,,10,$0.00,$0.00,$298.00,$0.00,$198.00,$0.00,$0.00,0
"inner tubes 8.5 x 2""",,,,,,10,$137.10,$124.64,$0.00,$0.00,$0.00,$0.00,$124.64,100
"INNER TUBES 10 X 2 """,,,,,,10,$156.90,$142.64,$0.00,$0.00,$0.00,$0.00,$142.64,100
SMARTMOTION HELMETS,,,,,,10,$272.20,$247.45,$0.00,$0.00,$0.00,$0.00,$247.45,100
ZERO LED Light / ZERO LED light Front,ZER-LED-LIGHT-FRN,,29236B28,Zero,Falcon PEV Pte Ltd,10,$225.12,$204.65,$5.81,$0.00,$4.61,$105.81,$98.84,48.3
PHONE HOLDER,,,,,,10,$193.80,$176.18,$0.00,$0.00,$0.00,$0.00,$176.18,100
ZERO 10X Voltmeter,ZER-10X-VOL,,90779052,Zero,Falcon PEV Pte Ltd,10,$355.50,$323.18,$0.00,$0.00,$0.00,$204.75,$118.43,36.65
SM Battery end 2016 17 18,SM-BTRY-END-2016-17-18,,12F41C37,,,10,$247.36,$224.87,$125.74,$0.00,$0.00,$68.30,$156.57,69.63
ZERO Drum Brake / ZERO 9,ZER-DRU-BRK-9,,2BB9FD5E,Zero,Falcon PEV Pte Ltd,10,$419.70,$381.55,$0.00,$0.00,$0.00,$221.40,$160.15,41.97
VSETT 10+/ 11+ Charger,VS-10+CHARGER-60V,,5AFE555A,VSETT,Ningbo Vsett,10,$663.30,$603.00,$0.00,$0.00,$0.00,$174.60,$428.40,71.04
SM Communications Manifold / Julet / E20/ECITY,SM-CL-JMAN430000,,242BB3A0,Smartmotion,"Kunshan Cyclisport Co., Ltd",10,$226.90,$206.27,$226.90,$0.00,$0.00,$275.06,-$68.79,-33.35
VSETT 8/8+ Brake cable (Drum),VS-8/8+-BRK-CBLE,,73580BF5,VSETT,Ningbo Vsett,10,$88.93,$80.85,$8.99,$0.00,$0.00,$76.37,$4.47,5.53
VSETT 9/9+ Kickstand,VS-9/9+-KIK-STND,,200C1A41,VSETT,Ningbo Vsett,10,$182.07,$165.52,$5.75,$0.00,$0.00,$108.33,$57.19,34.55
Smartmotion Catalyst 250W 48V / BLUE/LGE/17.5,SMB-CAT-LGE-17.5-MB,"JL16120658, JL16120651, SMCT210066, JL16120623, SMCT210061, JL16120634, JL16120636, JL16120359, JL16120693, JL16120611",15326C43,Smartmotion,"Kunshan Cyclisport Co., Ltd",10,"$22,940.50","$20,855.00",$709.50,$0.00,$0.00,"$18,916.60","$1,938.40",9.29
Alarm Disc Lock,ALR-DISC-LCK,,3A8B6226,,,10,$424.58,$385.98,$74.93,$0.00,$0.00,$348.60,$37.38,9.68
VSETT 10+ MOTOR RIM SCREWS,,,,,,10,$4.00,$3.64,$0.00,$0.00,$0.00,$4.00,-$0.36,-10
VSETT LCD NFC Display,VS-NFC-DISPLAY,,7DC40FB4,VSETT,Ningbo Vsett,10,$672.55,$612.70,$135.29,$0.00,$0.00,$619.12,-$6.43,-1.05
220mm Spoke Silver,,,,,,10,$30.00,$27.27,$0.00,$0.00,$0.00,$0.00,$27.27,100
SM XCity 24 / Sienna,SMB-XCITY-24-SIENNA,"SMWX2400172, SMWX2400192, SMWX2400199, SMWX2400217, SIENNA 24, SMWX2400215, SMWX2400166, SMWX2400177, SMWX2400146",DF9B8907,Smartmotion,"Kunshan Cyclisport Co., Ltd",9,"$21,560.00","$19,600.00",$490.00,$0.00,$0.00,"$14,118.30","$5,481.70",27.97
ZERO 9 Tyre,ZER-9-TYRE,,A8ED5960,,,9,$221.80,$201.64,$102.20,$0.00,$0.00,$126.00,$75.64,37.51
First service,,,,,,9,$0.00,$0.00,$305.00,$0.00,$200.00,$0.00,$0.00,0
ZERO Seat Post / Z9 Seat Post,ZER-SEAT-9,,C89CEDC7,Zero,Falcon PEV Pte Ltd,9,$784.60,$713.27,$46.16,$0.00,$0.00,$370.92,$342.35,48
ZERO Front Fork / ZERO 10,ZER-FRO-FORK-10,,1767A689,Zero,Falcon PEV Pte Ltd,9,$432.00,$392.73,$0.00,$0.00,$0.00,$210.00,$182.73,46.53
SM Battery - E20 Step Thru / 36V11.6AH E20 (2021+),SM-BTRY-E2S36116-B,,9651A935,Smartmotion,"Kunshan Cyclisport Co., Ltd",9,"$2,441.05","$2,225.20","$2,933.09",$0.00,$0.00,"$2,981.74",-$756.55,-34
ZERO 9 Rear Fender SP,ZER-9-REA-FEN-SP,,AA8A0BA2,Zero,Falcon PEV Pte Ltd,9,$195.00,$177.28,$0.00,$0.00,$0.00,$91.00,$86.28,48.67
SM Smartmotion commuter lock,SM-C-LOCK,,B6038539,Smartmotion,"Kunshan Cyclisport Co., Ltd",9,$220.00,$200.00,$49.95,$0.00,$0.00,$27.50,$172.50,86.25
ZERO 9 Controller,ZER-9-CON,,49F226A1,Zero,Falcon PEV Pte Ltd,9,$427.25,$396.18,$376.35,$0.00,$0.00,$421.45,-$25.27,-6.38
Universal Phone Holder,UNI-PHO-HLD,,0386378B,,,9,$209.95,$190.86,$15.05,$0.00,$0.00,$0.00,$190.86,100
SM Throttle / Half Length LH Twist / E20/ECITY/EURBAN,SM-TH-LHJ3PM2001,,A077F72E,Smartmotion,"Kunshan Cyclisport Co., Ltd",9,$83.40,$75.82,$102.60,$0.00,$0.00,$124.85,-$49.03,-64.67
SM E20 Battery Lock Cylinder+Key,SM-BATT-LOCK-KEY,,CD505E75,Smartmotion,"Kunshan Cyclisport Co., Ltd",9,$40.20,$36.55,$133.10,$0.00,$0.00,$33.97,$2.58,7.05
"Smartmotion XCity Neo 18"" / Camo",SM-XCITY-NEO-18-CAMO copy,"G5XC210881, 8, 9, 10, TBA, G5XC2104676, G5XC210644, G5XC211161, G5XC211126",DE95CEEB,Smartmotion,"Kunshan Cyclisport Co., Ltd",9,"$28,349.32","$26,045.41",$0.00,$0.00,$0.00,"$15,701.25","$10,344.16",39.72
ZERO 10X Controller / 52V - Rear B,ZER-10X-CON-52V23-B,,DD17EF8F,Zero,Falcon PEV Pte Ltd,9,"$1,080.00",$981.82,$0.00,$0.00,$0.00,$567.00,$414.82,42.25
Vsett Nutt Brake Rear Calliper,vs-nutt-r-call,,86177837,Nutt,Ningbo Vsett,9,$283.20,$257.45,$4.80,$0.00,$0.00,$171.00,$86.45,33.58
Vsett Nutt Brake Front Lever,vs-nutt-f-l,,95F1E194,Nutt,Ningbo Vsett,9,$396.00,$360.00,$144.00,$0.00,$0.00,$333.00,$27.00,7.5
TYRE FITTING,,,,,,9,$395.00,$359.09,$0.00,$0.00,$0.00,$0.00,$359.09,100
Service / First,10066,,D8253341,,,9,$594.00,$540.00,$297.00,$0.00,$0.00,$0.00,$540.00,100
SM Battery Rails / Slimline,SM-BATT-RLS-SLIM,,FD39D00C,Smartmotion,"Kunshan Cyclisport Co., Ltd",9,$257.10,$233.73,$0.00,$0.00,$0.00,$24.95,$208.78,89.33
Aluminium  Bicycle Phone Holder,AL-PH-HOLD,,1AD45C6A,,,9,$235.58,$214.16,$16.25,$0.00,$0.00,$136.90,$77.26,36.08
"ZERO 10X TYRE Pneumatic Range / 10 x 3"" Urban Wide (Pneumatic)",ZER-10X-TYRE-10x3-URB,,238383AE,,,8,$196.00,$178.18,$0.00,$0.00,$0.24,$117.60,$60.58,34
FOLDING BIKE BAGS,,,,,,8,$439.60,$399.64,$109.90,$0.00,$0.00,$0.00,$399.64,100
SM Pacer 250W 48V / White / Large / 14.5AH,SMB-PACER-LGE-14.5-WH,"JL16120780, JL16120768, JL16120944, JL16120593, 1, WHITE LARGE, SM1711090, JL16100345",A34D8C6A,Smartmotion,"Kunshan Cyclisport Co., Ltd",8,"$16,499.42","$14,999.47","$2,200.58",$0.00,$0.00,"$12,307.68","$2,691.79",17.95
SM Orbit Mirrors,ORBIT-MIRRORS,,C3D95E75,Smartmotion,"Kunshan Cyclisport Co., Ltd",8,$305.00,$277.27,$55.00,$0.00,$0.00,$236.03,$41.24,14.87
"SM G3 ECity 250w 15.6AH / Blue 26"" Tyres",SMB-G3-ECITY-26-BLUE,"G3262105089, JL17070288, JL17110074, JL16040720, J26210074, J26210058, J26210004, J26210018",4F268681,Smartmotion,"Kunshan Cyclisport Co., Ltd",8,"$13,191.20","$11,992.00",$0.00,$0.00,$0.00,"$9,296.00","$2,696.00",22.48
ZERO Drum Brake / ZERO 8,ZER-DRU-BRA-8,,1BD8C837,Zero,Falcon PEV Pte Ltd,8,$357.50,$325.00,$0.00,$0.00,$0.00,$220.50,$104.50,32.15
SM Pedal Assist Sensor / Compact Style  / ESS/ECITY,SM-PAS-ECCR3PM00,,EA161131,Smartmotion,"Kunshan Cyclisport Co., Ltd",8,$146.15,$132.86,$19.23,$0.00,$0.00,$100.82,$32.05,24.12
ZERO 11X 11 x 3 inch Tyre / Road Tyre,ZER-11X-TYRE-ROAD,,749CBAF0,,Falcon PEV Pte Ltd,8,$360.00,$327.27,$0.00,$0.00,$0.00,$126.00,$201.27,61.5
SM MidCity 24 / Blue,SMB-MC-24-BLUE,"SMWM2400120, SMWM240099, SMWM2400129, SMWM2400114, SMWM2400156, SMWM2400219, SMWM2400173, 24"" BLUE",6CB9333F,Smartmotion,"Kunshan Cyclisport Co., Ltd",8,"$15,800.88","$14,364.44",$989.52,$0.00,$0.00,"$9,049.77","$5,314.67",37
ZERO 10X Handlebar Grips,ZER-10X-HAN-GRI,,CCEA1576,Zero,Falcon PEV Pte Ltd,8,$415.00,$377.27,$40.00,$0.00,$0.00,$278.25,$99.02,26.25
Helmet - STATUS / Black / XL,HELMET-STATUS-BL-XL,,C756FCA3,,FE Sports,8,"$1,647.22","$1,497.47",$752.70,$0.00,$0.00,"$1,799.92",-$302.45,-20.2
ZERO Hydraulic E-brakes Kit / NUTT,ZER-HYD-BRK-KIT-NUT,,FBC385F6,,,8,"$1,765.45","$1,604.96",$42.96,$0.00,$0.00,"$1,220.00",$384.96,23.99
VSETT 10+ ZOOM oil Brake / Left,VS-10+-ZOOM-OIL-BRAKE-L,,92B55296,VSETT,Ningbo Vsett,8,$244.88,$222.62,$0.00,$0.00,$0.00,$145.65,$76.96,34.57
VSETT Handlebar Grips Right / VSETT 10+,VS-HNDLBAR-GRIP-R-10+,,3D1C76CE,VSETT,Ningbo Vsett,8,$105.18,$95.62,$42.53,$0.00,$0.00,$55.04,$40.58,42.44
SM Battery/36V/Handle Type / 15Ah,SM-BAT-36V-HT-15AH,"wddht260156s20070041, WDDHT360156S20070036, SN, WDDHT360156S20070028, WDDHT360156S20070025, WDDHT360156S20070020, WDDHT360156S20070046, WDDHT360156S20070024",47D99F93,Smartmotion,"Kunshan Cyclisport Co., Ltd",8,"$5,570.62","$5,064.20",$999.00,$0.00,$0.00,"$3,457.70","$1,606.50",31.72
ZERO Kickstand / ZERO 10 Kickstand,ZER-10-KICK,,ED12DF8A,Zero,Falcon PEV Pte Ltd,8,$148.49,$134.99,$0.00,$0.00,$0.00,$91.00,$43.99,32.59
Azur Quick Release Shopper E-Bike Basket,Azur-wire-basket,,841F5F92,Azur,Bikecorp,8,$588.24,$534.77,$131.68,$0.00,$0.00,$0.00,$534.77,100
Helmet - TRAJECTA w Fidlock / Black / LGE,HELMET-TRAJECTA-BL-LGE,,C5E6D3E8,,FE Sports,8,"$2,326.94","$2,115.40",$460.06,$0.00,$0.00,"$1,920.00",$195.40,9.24
ZERO 10X Controller / 52V - Front A,ZER-10X-CON-52V18-A,,4670EE89,Zero,Falcon PEV Pte Ltd,8,$780.00,$709.09,$105.00,$0.00,$0.00,$399.00,$310.09,43.73
Smartmotion Pacer 250W 48V / White / LGE / 12.8,SMB-PACER-LGE-12.8-WH,"SMPC210019, SMPC210024, SMPC210174, SSMPC210079, SMPC210019, SMPC210135, SSMPC210023, SMPC210179",A34D8C6A,Smartmotion,"Kunshan Cyclisport Co., Ltd",8,"$18,480.00","$16,800.00",$0.00,$0.00,$0.00,"$13,397.04","$3,402.96",20.26
On Guard OG Cable Lock 120x10,OG-CABLE-120,,1597285B,On Guard,Bikecorp,8,$107.33,$97.57,$19.95,$0.00,$0.00,$83.08,$14.50,14.86
"SM G3 ECity 250w 15.6AH / Red 24"" Tyres",SMB-G3-ECITY-24-RED,"G324159, G32421050046, G32006197, G32006299, G32006230, G32421050012, G32006264",026228C7,,,7,"$11,542.30","$10,493.00",$0.00,$0.00,$0.00,"$7,959.70","$2,533.30",24.14
SM Pacer GT 250W 36V,SMB-PAC-GT,"SM1804285, SM1804187, SM1712191, SM1712101, SM171229, SM1711007, SM1712240",E24E8E41,Smartmotion,"Kunshan Cyclisport Co., Ltd",7,"$21,637.00","$19,670.00",$0.00,$0.00,$0.00,"$12,647.74","$7,022.26",35.7
SM Sport Bottom bracket / PAS 36V/48V,SM-SPT-BOT-BRC-PAS-36V/48V,,1DE032D0,Smartmotion,"Kunshan Cyclisport Co., Ltd",7,$762.44,$693.13,$98.32,$0.00,$0.00,$480.62,$212.51,30.66
ZERO Bell,ZER-BELL,,590E8C49,Zero,Falcon PEV Pte Ltd,7,$82.25,$74.77,$0.00,$0.00,$0.00,$56.54,$18.24,24.39
LABOUR,,,,,,7,$298.54,$271.40,$1.00,$0.00,$0.00,$0.00,$271.40,100
ZERO 10X Front Fender,ZER-10X-FRO-FEN,,0A11587E,Zero,Falcon PEV Pte Ltd,7,$146.15,$132.87,$0.00,$0.00,$0.00,$90.96,$41.91,31.54
VSETT 8/8+ Charger,VS-8/8+CHARGER,,46178186,VSETT,Ningbo Vsett,7,$190.00,$173.46,$167.45,$0.00,$0.00,$174.13,-$0.67,-0.39
ZERO 8 Controller 48V 10.4Ah/13Ah,ZER-8-CON,,F19470A2,Zero,Falcon PEV Pte Ltd,7,$376.50,$342.27,$291.00,$0.00,$0.00,$407.25,-$64.98,-18.98
Smartmotion Pacer GT 250W 36V,SMB-PAC-GT,"SM1804182, SM1712178, SM1804206, SM1711080, SM1804295, SM1804187, JL16100031",E24E8E41,Smartmotion,"Kunshan Cyclisport Co., Ltd",7,"$21,546.00","$19,587.27","$1,499.00",$0.00,$0.00,"$13,931.92","$5,655.35",28.87
ZERO 8 Front Fender/Mudguard,ZER-8-FRO-MUD,,A2FBC0D2,Zero,Falcon PEV Pte Ltd,7,$91.80,$83.45,$12.60,$0.00,$0.00,$63.00,$20.45,24.51
VSETT 9 Controller,VS-9-CNTR-52V,,C5802F84,VSETT,Ningbo Vsett,7,$418.95,$380.86,$203.79,$0.00,$0.00,$444.34,-$63.48,-16.67
SM Controller/MidDrive/XCity/Midcity / B/W Disp,SM-CONT-MID-XC-B/W,,F0A30C0C,Smartmotion,"Kunshan Cyclisport Co., Ltd",7,$367.14,$333.76,$489.52,$0.00,$0.00,$0.00,$333.76,100
PRE ASSEMBLY,,,,,,7,$192.50,$175.00,$0.00,$0.00,$0.00,$0.00,$175.00,100
ZERO 9 600W Motor SP,ZER-9-MOT-SP,"52v600w210316, GGGG, ., TBA, Z9, TBA, 1",6D16AB7D,Zero,Falcon PEV Pte Ltd,7,"$1,350.00","$1,227.27",$210.00,$0.00,$0.00,$978.60,$248.67,20.26
Vsett Nutt Brake Front Calliper,vs-nutt-f-call,,083DA763,Nutt,Ningbo Vsett,7,$192.00,$174.55,$32.00,$0.00,$0.00,$133.00,$41.55,23.8
ZERO Nutt Hydraulic E-Brakes / 10X,ZER-HYD-BRK-NUT-Z10X,,32149B39,Nutt,Falcon PEV Pte Ltd,7,"$1,415.26","$1,286.60",$184.97,$0.00,$0.00,$884.20,$402.40,31.28
"Smartmotion Hypersonic Neo / Blue / L-21""",SM-HYPER-NEO-BLU--L-21,"G5SN210373, G5SN210222, G5SN210344, G5SN210372, G5SN210256, G5SN210218, G5SN210297",136706F2,Smartmotion,"Kunshan Cyclisport Co., Ltd",7,"$24,100.00","$21,909.09","$4,750.00",$0.00,$0.00,"$18,571.25","$3,337.84",15.23
VSETT 10+ T bar,VS-10+-TBAR,,CA2AC6A0,VSETT,Ningbo Vsett,7,$637.68,$579.71,$0.00,$0.00,$0.00,$470.53,$109.18,18.83
VSETT 9+ Rear motor,VS-9+-R-MOTOR,,A6251389,VSETT,Ningbo Vsett,7,"$1,267.78","$1,152.53",$0.00,$0.00,$0.00,$981.19,$171.34,14.87
Scooter Extension Horizontal Bar,SCT-EXT-HOR-BAR,,686E48E4,,,7,$127.96,$116.33,$0.00,$0.00,$0.00,$79.56,$36.77,31.61
USB COVE 1000 Lumens BIKE/SCOOTER HEADLIGHT,SM-1000-HEAD-LIGHT,,CAE3ECA1,,,7,$229.19,$208.36,$3.80,$0.00,$0.00,$164.71,$43.65,20.95
SM OPTIC Mirrors,OPTIC-MIRRORS,,C3D95E75,Smartmotion,"Kunshan Cyclisport Co., Ltd",7,$252.00,$229.09,$63.00,$0.00,$0.00,$193.97,$35.12,15.33
"INNER TUBES 8.5 X 2""",,,,,,6,$82.20,$74.73,$0.00,$0.00,$0.00,$0.00,$74.73,100
ZERO 10 Inner Tube,ZER-10-TUBE,,BF5028DE,,,6,$119.75,$108.86,$0.00,$0.00,$0.05,$42.00,$66.86,61.42
160MM DISC ROTOR,,,,,,6,$89.70,$81.55,$0.00,$0.00,$0.00,$0.00,$81.55,100
Ecity rear spokes,,,,,,6,$9.00,$8.18,$0.00,$0.00,$0.00,$0.00,$8.18,100
ZERO RUGGED CLAMP,,,,,,6,$480.00,$436.36,$0.00,$0.00,$0.00,$0.00,$436.36,100
PACER SATCHEL BAG,,,,,,6,$329.70,$299.73,$0.00,$0.00,$0.00,$0.00,$299.73,100
SM Pannier Bags / Green,SM-PANN-BAGS-GRN,,EDB55B81,Smartmotion,"Kunshan Cyclisport Co., Ltd",6,$329.70,$299.73,$0.00,$0.00,$0.00,$0.00,$299.73,100
AZUR OPTIC MIRROR,,,,,,6,$245.00,$222.73,$0.00,$0.00,$0.00,$0.00,$222.73,100
SM Throttle / Classic/Basic,SM-TH-CLS-BSC,,28068226,Smartmotion,"Kunshan Cyclisport Co., Ltd",6,$242.23,$220.21,$0.00,$0.00,$0.00,$154.95,$65.26,29.63
Helmet - STATUS / Black / LG,HELMET-STATUS-BL-LG,,01F2AC92,,FE Sports,6,$961.60,$874.18,$736.34,$0.00,$0.00,"$1,199.94",-$325.76,-37.26
AZUR LIGHT 800 LUMENS MINI,,,,,,6,$149.70,$136.09,$0.00,$0.00,$0.00,$0.00,$136.09,100
ZERO 11X 72V 1600W Motor,ZER-11X-MOT,"11X 2, 11X, 2 MOTORS, 2 OF THEM, LGSDDM60H72V1600W2006090, LGSDDM60H72V1600W20060931",04C54E6F,Zero,Falcon PEV Pte Ltd,6,"$3,120.00","$2,836.36",$0.00,$0.00,$0.00,"$1,951.60",$884.76,31.19
SM COMBO LOCK 12mm,SM-COMBO-LOCK,,19F732D7,Smartmotion,"Kunshan Cyclisport Co., Ltd",6,$127.81,$116.19,$31.94,$0.00,$4.05,$108.90,$7.29,6.27
SM Saddle / Classic Black/Brown,SM-SAD-CLS-RNG,,FFEBD87F,Smartmotion,"Kunshan Cyclisport Co., Ltd",6,$213.50,$194.09,$161.50,$0.00,$0.00,$280.30,-$86.21,-44.42
VSETT 9+ Charger,VS-9+-CHARGER- 52V,,44603D8D,VSETT,Ningbo Vsett,6,$291.95,$265.41,$0.00,$0.00,$0.00,$104.76,$160.65,60.53
VSETT 11+ Light module,VS-11+-LIGHT-MLD,,F3FF19BC,VSETT,Ningbo Vsett,6,$148.32,$134.84,$0.00,$0.00,$0.00,$94.83,$40.00,29.67
VSETT 10+ Motor,VS-10+-MOTOR-60V,,708F9C18,VSETT,Ningbo Vsett,6,"$1,678.00","$1,525.45",$0.00,$0.00,$0.00,"$1,253.58",$271.87,17.82
SM Battery - Sport / 48V 17.5AH 3Pin,SM-BTRY-SPT-48V-17.5-3PIN,,852A9935,Smartmotion,"Kunshan Cyclisport Co., Ltd",6,"$3,073.84","$2,794.40","$1,536.92",$0.00,$0.00,"$2,794.41",-$0.01,0
SM Battery - Sport / 36V 17.5AH Single Pin,SM-BTRY-SPT-36V-17.5,,56A99EC6,Smartmotion,"Kunshan Cyclisport Co., Ltd",6,"$5,532.92","$5,029.93",$0.00,$0.00,$0.00,"$4,005.31","$1,024.62",20.37
VSETT 8/8+ Kickstand,VS-8/8+-KIK-STND,,E21FD5F0,VSETT,Ningbo Vsett,6,$97.49,$88.63,$19.42,$0.00,$0.00,$64.47,$24.16,27.26
SM Display Screen / B&W LCD C600 - G4/ECITY,SM-SCR-C600,,5ED83978,Smartmotion,"Kunshan Cyclisport Co., Ltd",6,$576.90,$524.45,$115.38,$0.00,$0.00,$419.58,$104.87,20
SM Mid drive Motor for MidCity/XCity (MD250S),SM-MID-DRV-MOTOR,,A1155C25,,"Kunshan Cyclisport Co., Ltd",6,$0.00,$0.00,"$3,841.20",$0.00,$0.00,"$2,328.00","-$2,328.00",0
Vsett Nutt Brake Rear Lever,vs-nutt-r-l,,14915B64,Nutt,Ningbo Vsett,6,$300.00,$272.73,$60.00,$0.00,$0.00,$222.00,$50.73,18.6
Service / Standard,10056,,DAB56623,,,6,$396.00,$360.00,$198.00,$0.00,$0.00,$0.00,$360.00,100
VSETT Handlebar Grips Left / VSETT 10+,VS-HNDLBAR-GRIP-L-10+,,B0EA344B,VSETT,Ningbo Vsett,6,$105.18,$95.62,$0.00,$0.00,$0.00,$41.28,$54.34,56.83
"Smartmotion Hypersonic Neo / Black / M-18""",SM-HYPER-NEO-BLK--M-18,"G5SN210590, G5SN210594, G5SN210571, G5SN210511, G5SN210507, G5SN210519",2AD34B84,Smartmotion,"Kunshan Cyclisport Co., Ltd",6,"$21,792.50","$19,811.36",$182.50,$0.00,$0.00,"$13,495.50","$6,315.86",31.88
SM Spokes / Rear Wheel Kit – 217 + 218mm / ECITY,SM SPKS-R-217/218,,B97E13FF,Smartmotion,"Kunshan Cyclisport Co., Ltd",6,$8.34,$7.58,$0.00,$0.00,$1.39,$0.00,$7.58,100
Xaiomi Tyres,,,,,,6,$84.00,$76.36,$0.00,$0.00,$0.00,$0.00,$76.36,100
Vsett inner tubes 11inch,,,,,,6,$105.00,$95.45,$0.00,$0.00,$0.00,$0.00,$95.45,100
SM  Kick Stand / Basic,SM-STND-BAS,,325B84AC,Smartmotion,"Kunshan Cyclisport Co., Ltd",6,$96.15,$87.41,$19.23,$0.00,$0.00,$69.93,$17.48,20
ZERO Motor Cable,ZER-MOT-CBL,,,,,6,$115.38,$104.89,$0.00,$0.00,$0.00,$63.00,$41.89,39.94
"ZERO TYRE 10 Inch Series / 10 x 3"" Road","ZER-TYRE-10""-3"" ROAD",,,,,6,$125.82,$114.38,$0.00,$0.00,$0.00,$88.20,$26.18,22.89
"Smartmotion XCity Neo 18"" / Camo",SM-XCITY-NEO-18-CAMO,"G5XC210926, G5XC210879, G5XC210862, G5XC210923, G5XC211159, G5XC210911",DE95CEEB,Smartmotion,"Kunshan Cyclisport Co., Ltd",6,"$17,737.11","$16,124.65",$300.63,$0.00,$0.00,"$9,521.22","$6,603.43",40.95
VSETT 8/8+ Main board,VS-8/8+-MAIN-BRD,,CE6B9245,VSETT,Ningbo Vsett,6,$0.00,$0.00,$749.44,$0.00,$0.00,$616.39,-$616.39,0
Livall BH60SE / Polar Night,LIV-BH60SE-B,,CB7DC993,Livall,,5,$753.40,$684.91,$0.00,$0.00,$59.70,$0.00,$684.91,100
CHARGING PORT ZERO,,,,,,5,$86.65,$78.77,$0.00,$0.00,$0.00,$0.00,$78.77,100
DISC ROTOR 120MM,,,,,,5,$78.45,$71.32,$0.00,$0.00,$0.00,$0.00,$71.32,100
DISC ROTOR 140MM,,,,,,5,$78.45,$71.32,$0.00,$0.00,$0.00,$0.00,$71.32,100
ZERO 10X Electric Scooter / 18AH,ZERO-10X-52V18,"F10X518210519012, F10X528210519001, F10X518120519003, F10X518210519002, F10X518210519009",C7BA4808,Zero,Falcon PEV Pte Ltd,5,"$9,496.00","$8,632.73",$100.00,$0.00,$0.00,"$4,760.00","$3,872.73",44.86
ZERO FRONT POUCHES,,,,,,5,$149.75,$136.14,$0.00,$0.00,$0.00,$0.00,$136.14,100
Zero Charge ports,,,,,,5,$49.95,$45.41,$0.00,$0.00,$0.00,$0.00,$45.41,100
SM Battery - Slimline / 36V 10.4AH Internal Fuse,SM-BTRY-CLS-10.4-SL-IntFuse,,56632211,Smartmotion,"Kunshan Cyclisport Co., Ltd",5,"$2,150.76","$1,955.24",$537.69,$0.00,$0.00,"$1,629.37",$325.87,16.67
CLASSIC CONTROLLER,,,,,,5,$500.38,$454.89,$0.00,$0.00,$0.00,$0.00,$454.89,100
ZERO 9 Electric Scooter / 48V 10AH,ZERO-9-48V10,"F9410210417002, F9410210417011, F9410210417019, F9410210417005, F9410210417001",740ED86E,Zero,Falcon PEV Pte Ltd,5,"$4,496.25","$4,087.50",$0.00,$0.00,$0.00,"$2,430.00","$1,657.50",40.55
CHARGING PORT,,,,,,5,$52.94,$48.13,$0.00,$0.00,$0.00,$0.00,$48.13,100
ZERO Steering Damper Kit / ZERO 10X,ZER-STE-DMP-10X,,68A32AB5,Zero,Falcon PEV Pte Ltd,5,$652.32,$593.02,$0.00,$0.00,$0.00,$408.68,$184.34,31.08
ZERO 10X Controller / 52V 23Ah - Rear,ZER-10X-CON-52V23-B,,DD17EF8F,Zero,Falcon PEV Pte Ltd,5,$360.00,$327.27,$210.00,$0.00,$0.00,$273.00,$54.27,16.58
SM Chainring / 40t Dapu Gen1 / MCITY/XCITY,SM-CR-DAPUG140T0,,A7D134F9,Smartmotion,"Kunshan Cyclisport Co., Ltd",5,$148.10,$134.64,$0.00,$0.00,$0.00,$89.74,$44.89,33.34
SM Essence Controller,SM-ESS-CON,,B73DD09E,,,5,$297.00,$270.00,$198.00,$0.00,$0.00,$0.00,$270.00,100
SM Battery - Sport / 36V 14.5AH Single Pin,SM-BTRY-SPT-36V-14.5-STD,,19964AF3,Smartmotion,"Kunshan Cyclisport Co., Ltd",5,"$2,766.16","$2,514.69",$691.54,$0.00,$0.00,"$2,095.57",$419.12,16.67
ZERO Front Fork / ZERO 9,ZER-FRO-FORK-9,,2F87DA9E,Zero,Falcon PEV Pte Ltd,5,$222.00,$201.82,$42.00,$0.00,$0.00,$147.00,$54.82,27.16
Custom sale,,,,,,5,$165.85,$150.77,$1.00,$0.00,$0.00,$1.00,$149.77,99.34
first service,,,,,,5,$0.00,$0.00,$0.00,$0.00,$0.00,$0.00,$0.00,0
SM Battery - Sport / 48V 14.5AH 3PIN,SM-BTRY-SPT-48V-14.5-3PIN,,40C84EDF,Smartmotion,"Kunshan Cyclisport Co., Ltd",5,"$2,074.62","$1,886.02","$1,383.08",$0.00,$0.00,"$2,095.57",-$209.55,-11.11
SM Battery - Slimline / 36V 15.6AH External Fuse,SM-BTRY-CLS-15.6-SL-ExtFuse,,DF8C7DEC,Smartmotion,"Kunshan Cyclisport Co., Ltd",5,"$2,074.62","$1,886.02","$1,383.08",$0.00,$0.00,"$2,095.57",-$209.55,-11.11
Pitbull Series On Guard X Series anti theft lock,ANTI-THEFT-LOCK,,50682E8E,On Guard,Bikecorp,5,$289.75,$263.41,$110.00,$0.00,$0.00,$239.85,$23.56,8.94
SM Brake Lever / LH Mechanical w/Sensor / ECITY,SM-BL-LRHMTJ2PM00,,1DB8E7E1,Smartmotion,"Kunshan Cyclisport Co., Ltd",5,$286.91,$260.83,$69.23,$0.00,$9.99,$209.79,$51.04,19.57
ZERO Rear Suspension / ZERO 9 Rear Suspension,ZER-9-REA-SUS,,F56C459C,Zero,Falcon PEV Pte Ltd,5,$352.71,$320.65,$45.00,$0.00,$0.00,$213.92,$106.73,33.28
SM Hypersonic Throttle,SM-HYPER-THROT,,BE016CB9,,,5,$226.92,$206.29,$0.00,$0.00,$0.00,$162.00,$44.29,21.47
SM Display Screen / LED 3 Button - Essence,SM-SCR-VISTA-ESS,,093C4008,Smartmotion,"Kunshan Cyclisport Co., Ltd",5,$520.91,$473.55,$39.09,$0.00,$0.00,$381.82,$91.74,19.37
Torque washers,,,,,,5,$22.50,$20.45,$0.00,$0.00,$0.00,$22.50,-$2.05,-10
AZUR LIGHT 800 LUMENS,,,,,,5,$214.75,$195.23,$0.00,$0.00,$0.00,$0.00,$195.23,100
VSETT 9 Charger,VS-9-CHARGER- 48V,,89332ACD,VSETT,Ningbo Vsett,5,$213.67,$194.77,$52.50,$0.00,$0.00,$162.84,$31.93,16.39
Merchant Fee,,,,,,5,-$271.80,-$247.09,$0.00,$0.00,$0.00,$0.00,-$247.09,100
ZERO 8X Steering Tube,ZER-8X-ST-TUB,,197F2DAC,,,5,$329.30,$299.36,$62.30,$0.00,$0.00,$243.82,$55.54,18.55
SM Belt Drive Kit for Pacer / 118t Gates Carbon Belt,SM-BD-CN-GATES118T0,,5.50E+98,Smartmotion,"Kunshan Cyclisport Co., Ltd",5,$100.00,$90.91,$400.00,$0.00,$0.00,$359.81,-$268.90,-295.79
VSETT 10+ Folding Wrench Set,VS-10+-FLDG-WRNCH-SET,,A6F3C7D3,VSETT,Ningbo Vsett,5,$371.68,$337.90,$0.00,$0.00,$0.00,$260.88,$77.02,22.79
ZERO 8X Fender/Mudguard / Rear/Front,ZER-8X-REA-FEN,,DF259ED1,Zero,Falcon PEV Pte Ltd,5,$92.00,$83.64,$0.00,$0.00,$0.00,$46.00,$37.64,45
SM Display Screen / E20 STEP THRU,SM-DIS-E20S,,C5307B36,Smartmotion,"Kunshan Cyclisport Co., Ltd",5,$297.00,$270.00,$198.00,$0.00,$0.00,$0.00,$270.00,100
ZERO Tyre Hugger,ZER-HUG,,D5312E5C,Zero,Falcon PEV Pte Ltd,5,$385.00,$350.00,$60.00,$0.00,$0.00,$445.00,-$95.00,-27.14
"ZERO 10"" ROAD TYRES - CREDIT",,,,,,5,-$104.85,-$95.32,$0.00,$0.00,$0.00,$0.00,-$95.32,100
SM Display Screen / B&W LCD - C600 MID DRIVE,SM-SCR-MC36VA5PM0,,6A369B1F,Smartmotion,"Kunshan Cyclisport Co., Ltd",5,$461.52,$419.56,$115.38,$0.00,$0.00,$349.65,$69.91,16.66
NIPPLES,,,,,,5,$0.00,$0.00,$0.00,$0.00,$0.00,$0.00,$0.00,0
Helmet - TRAJECTA w Fidlock / Black / XL,HELMET-TRAJECTA-BL-XL,,709189FE,,FE Sports,5,"$1,590.00","$1,445.45",$0.00,$0.00,$0.00,"$1,200.00",$245.45,16.98
VSETT Handlebar Grips Right / VSETT 9/9+,VS-HNDLBAR-GRIP-R-9/9+,,CE365315,VSETT,Ningbo Vsett,5,$95.12,$86.47,$0.00,$0.00,$0.00,$34.40,$52.07,60.22
Smartmotion Pacer 250W 48V / White / LGE / 17.5,SMB-PACER-LGE-17.5-WH,"SMPC210176, SMPC210042, SMPC210221, SMPC210126, SMPC210046",E59B7BB5,Smartmotion,"Kunshan Cyclisport Co., Ltd",5,"$12,250.00","$11,136.36",$0.00,$0.00,$0.00,"$8,967.35","$2,169.01",19.48
"Smartmotion XCity Neo 18"" / Teal",SM-XCITY-NEO-18-TEAL,"65XC210992, 2, G5XC211133, G5XC211087, G5XC210870",5F303529,Smartmotion,"Kunshan Cyclisport Co., Ltd",5,"$15,574.22","$14,158.38",$749.94,$0.00,$0.00,"$9,353.77","$4,804.61",33.93
,,,,,,5,$152.90,$139.00,$0.00,$0.00,$0.00,$0.00,$139.00,100
SM Pedal Sensor / Cadence - oem / ECITY/EURBAN,SM-PD-SEN-CLS-NEW,,96E3F482,Smartmotion,"Kunshan Cyclisport Co., Ltd",5,$76.92,$69.93,$19.23,$0.00,$0.00,$58.28,$11.65,16.66
SM Battery/36V/HyperSonic / Neo,SM-BAT-36V-HS-NEO,"TBA, WDDQN36016L21110074, WDQN360160L2110049, TBA, WDDQN360160L21110058",8351C3A9,,,5,"$1,339.30","$1,217.55","$2,174.04",$0.00,$0.00,"$2,745.00","-$1,527.45",-125.45
Ashima Disc Pad AD0102,ASH-DSC-PAD,,918C2864,,,5,$73.40,$66.73,$0.00,$0.00,$2.07,$38.20,$28.53,42.75
ZERO Throttle LCD / 12V Power w/ headlights and switch,ZER-LCD-12V-FUL,,A05BD97E,Zero,Falcon PEV Pte Ltd,5,$661.64,$601.49,$0.00,$0.00,$0.00,$441.96,$159.53,26.52
VSETT  Charging port + dust cap 11+,VS-CRG-PRT -11+,,34E02A99,VSETT,Ningbo Vsett,5,$83.18,$75.62,$0.00,$0.00,$0.00,$10.50,$65.12,86.11
ZERO Main Steering Tube / ZERO 10X,ZER-10X-MAI-STE,,54148093,Zero,Falcon PEV Pte Ltd,5,$438.21,$398.37,$96.07,$0.00,$0.00,$352.27,$46.10,11.57
SM Inner Tubes / 24 X 1.75-2.125,SM-IN-24,,D76E968C,,,5,$60.00,$54.55,$0.00,$0.00,$0.00,$19.20,$35.35,64.8
VSETT 11+ Charger,VS-11+CHARGER-60V,,3A57555E,VSETT,Ningbo Vsett,5,$132.66,$120.60,$198.99,$0.00,$0.00,$87.30,$33.30,27.61
Zero Motor Cable / ZERO 9,ZER-MOT-CBL-9,,1BE175A7,,Zero E-Scooters Australia,5,$80.85,$73.50,$0.00,$0.00,$0.00,$52.50,$21.00,28.57
VSETT 9 Charger,VS-9-CHARGER- 52V,,89332ACD,VSETT,Ningbo Vsett,5,$226.95,$206.32,$0.00,$0.00,$0.00,$206.32,$0.00,0
RUGGED CLAMPS,,,,,,4,$242.00,$220.00,$0.00,$0.00,$0.00,$0.00,$220.00,100
"INNER TUBE - 10 X 2""",,,,,,4,$62.68,$56.98,$0.00,$0.00,$0.00,$0.00,$56.98,100
Livall BH60SE / Ivory White,LIV-BH60SE-W,,7E111761,Livall,,4,$337.60,$306.91,$277.20,$0.00,$59.70,$0.00,$306.91,100
SM Rear Rack / Pacer with lights,SM-R-RCK-PCR-W-LGT,,A78B458C,Smartmotion,"Kunshan Cyclisport Co., Ltd",4,$389.23,$353.85,$338.46,$0.00,$0.00,$476.92,-$123.08,-34.78
HANDLEBAR PLUGS,,,,,,4,$8.00,$7.27,$0.00,$0.00,$0.00,$0.00,$7.27,100
ZERO 10 Tyre,ZER-10-TYRE,,4525D49E,,,4,$158.00,$143.64,$2.00,$0.00,$0.00,$56.00,$87.64,61.01
ZERO 10 Charger 58.8V,ZER-10-CHAR,,5F396377,,,4,$370.00,$336.36,$20.00,$0.00,$0.00,$116.20,$220.16,65.45
SM Pacer 250W 48V / Orange / Large / 14.5AH,SMB-PACER-LGE-14.5-OR,"JL16120511, JL16120733, JL16100562, JL16100427",103DD5C0,,,4,"$8,800.00","$8,000.00",$0.00,$0.00,$0.00,"$6,153.84","$1,846.16",23.08
SM Tanus Wheel Protection,SM-TANUS-WHEEL-PROTECTION,,5.57E+11,Smartmotion,"Kunshan Cyclisport Co., Ltd",4,$200.00,$181.82,$20.00,$0.00,$0.00,$119.23,$62.59,34.42
ZERO 8 Electric Scooter / 13AH,ZERO-8-48V13,"F8413210417014, F8413210417041, F8413210417001, F8410210417056",7B85D3AC,Zero,Falcon PEV Pte Ltd,4,"$3,297.00","$2,997.27",$0.00,$0.00,$0.00,"$1,956.00","$1,041.27",34.74
10 X 3 URBAN WIDE,,,,,,4,$98.00,$89.09,$0.00,$0.00,$0.00,$0.00,$89.09,100
CHARGER 36V SM SINGLE PIN,,,,,,4,$219.80,$199.82,$0.00,$0.00,$0.00,$0.00,$199.82,100
CHARGER 58.8v ZERO 10X,,,,,,4,$225.84,$205.31,$0.00,$0.00,$0.00,$0.00,$205.31,100
BRACKETS FOR ZERO MIRRORS BLK,,,,,,4,$0.00,$0.00,$0.00,$0.00,$0.00,$0.00,$0.00,0
NUTT BRAKE PADS,,,,,,4,$79.80,$72.55,$0.00,$0.00,$0.00,$0.00,$72.55,100
ZERO 10 Front Fender/Mudguard,ZER-10-FRO-FEN,,813D901E,Zero,Falcon PEV Pte Ltd,4,$54.00,$49.09,$14.00,$0.00,$0.00,$25.20,$23.89,48.67
ZERO Brake Lever / Left,ZER-BRA-LEV-LEF,,FBB4BE1A,Zero,Falcon PEV Pte Ltd,4,$110.82,$100.75,$0.00,$0.00,$0.00,$67.14,$33.61,33.36
SM Pacer Side Bags - Large Carry Handle,SM-PACER-SIDEBAG,,C5F88CEB,Smartmotion,"Kunshan Cyclisport Co., Ltd",4,$342.05,$310.95,$9.90,$0.00,$0.00,$164.85,$146.10,46.99
ZERO 11X Electric Scooter / With Road Tyre,ZERO-11X-72V35-ROAD,"F11X732L210417007, F11X723L210805014, F11X732L210805010",6850978A,Zero,Falcon PEV Pte Ltd,4,"$18,425.00","$16,750.00",$825.00,$0.00,$0.00,"$12,948.60","$3,801.40",22.69
TORQUE WASHERS,,,,,,4,$0.00,$0.00,$0.00,$0.00,$0.00,$0.00,$0.00,0
SM Controller/Basic / Essence,SM-CONT-BASIC-ESS,,F6F47FD6,Smartmotion,"Kunshan Cyclisport Co., Ltd",4,$380.74,$346.13,$150.00,$0.00,$0.00,$255.21,$90.92,26.27
SM Battery - Slimline / 36V 17.5A 3Pin Charge Port,SM-BTRY-CLS-17.5-SL-3PIN,,82898C1A,Smartmotion,"Kunshan Cyclisport Co., Ltd",4,"$2,048.00","$1,861.82","$1,948.00",$0.00,$0.00,"$2,305.38",-$443.56,-23.82
SM GT Parts for Belt Drive,SM-BELT-DRV-PARTS-GT,,B61A3422,,"Kunshan Cyclisport Co., Ltd",4,$706.00,$641.82,$0.00,$0.00,$0.00,$517.60,$124.22,19.35
"SM Wheelset / 27.5"" Rear w/Deep Black Rim / MID-CITY",SM-WHL-SET-R-27.5-BLK,,A0C12C72,Smartmotion,"Kunshan Cyclisport Co., Ltd",4,$307.70,$279.73,$307.70,$0.00,$0.00,$372.96,-$93.23,-33.33
ZERO Main Communication Cable,ZER-MAIN-CAB,,93745D59,Zero,Falcon PEV Pte Ltd,4,$26.44,$24.04,$33.08,$0.00,$0.00,$32.74,-$8.70,-36.21
SM Crank Set / 44t 170mm - Classic / ECITY/EURBAN,SM-CRNK-ST-ECSET5BBA0,,57B282B0,Smartmotion,"Kunshan Cyclisport Co., Ltd",4,$203.08,$184.62,$0.00,$0.00,$0.00,$123.08,$61.54,33.33
SM Shifter/9Speed / SunRace,SM-SHFT-9SPD-SUNRACE,,C8DB145C,Smartmotion,"Kunshan Cyclisport Co., Ltd",4,$0.00,$0.00,$92.28,$0.00,$0.00,$0.00,$0.00,0
ON/OFF SWITCH MID/XCITY,,,,,,4,$79.80,$72.55,$0.00,$0.00,$0.00,$0.00,$72.55,100
Smartmotion Pacer 250W 48V / White / LGE / 14.5,SMB-PACER-LGE-14.5-WH,"JL1610020, JL16120737, JL16120944, JL16120916",A34D8C6A,Smartmotion,"Kunshan Cyclisport Co., Ltd",4,"$8,800.00","$8,000.00",$0.00,$0.00,$0.00,"$6,153.84","$1,846.16",23.08
ZERO 8 Deck,ZER-8-DECK,,EC1518F0,Zero,Falcon PEV Pte Ltd,4,$714.00,$649.09,$0.00,$0.00,$0.00,$441.00,$208.09,32.06
Smartmotion XCity 27.5 250W 36V / Teal,SMB-XCITY-27.5-TEAL,"SMWX2000285, XCITYTEAL27.5, SMWX2000135, SMWX2400011",76B6C47C,,,4,"$10,494.50","$9,540.45",$355.50,$0.00,$0.00,"$7,261.19","$2,279.26",23.89
ZERO 10X 1000W Motor / Front,ZER-10X-MOT-FRN,"FRONT, 10x, 1, 10x",52C06E41,Zero,Falcon PEV Pte Ltd,4,"$1,224.50","$1,113.18",$0.00,$0.00,$0.00,$717.50,$395.68,35.55
VSETT 8 Motor,VS-8-MOTOR,,B7D58E4B,VSETT,Ningbo Vsett,4,$585.48,$532.25,$170.74,$0.00,$0.00,$450.14,$82.12,15.43
SM LED Light Strip in REAR CARGO RACK STAY / ECITY,SM-LGHT-STRIP-RL-ECJ2PF3650,,93DC09BD,Smartmotion,"Kunshan Cyclisport Co., Ltd",4,$35.00,$31.82,$83.45,$0.00,$0.00,$77.50,-$45.69,-143.58
VSETT 9/9+ Rear motor,VS-9/9+-R-MOTOR,,A6251389,VSETT,Ningbo Vsett,4,$341.26,$310.24,$341.26,$0.00,$0.00,$306.56,$3.68,1.19
SM Classic Front Forks / Black (New),SM-CLS-FNT-FRK-BLK,,83B6B1EB,Smartmotion,"Kunshan Cyclisport Co., Ltd",4,$203.00,$184.55,$203.00,$0.00,$0.00,$0.00,$184.55,100
inner brake cable,,,,,,4,$38.00,$34.55,$0.00,$0.00,$0.00,$0.00,$34.55,100
ECITY DERAILUERS,,,,,,4,$79.80,$72.55,$0.00,$0.00,$0.00,$0.00,$72.55,100
SM Lighting Cable / Julet 2pin flat / ECITY/EURBAN,SM-LGHT-CBL-J2PMF13000,,5B92ED03,Smartmotion,"Kunshan Cyclisport Co., Ltd",4,$36.93,$33.57,$12.31,$0.00,$0.00,$29.84,$3.74,11.13
SM Belt Drive Kit for Pacer / 50t 5 bolt FNT Chainring GATES,SM-BD-CR-GA5B10450T,,2AA3078D,Smartmotion,"Kunshan Cyclisport Co., Ltd",4,$99.23,$90.21,$297.69,$0.00,$0.00,$240.56,-$150.35,-166.67
SM Belt Drive Kit for Pacer / 22t Sprocket GATES,SM-BD-CS-GATES22TI0,,97FF228A,Smartmotion,"Kunshan Cyclisport Co., Ltd",4,$115.38,$104.89,$346.14,$0.00,$0.00,$279.72,-$174.83,-166.68
SM Communications Manifold / Anerma / MCITY/XCITY,SM-CL-AMAN430000,,A7ED2628,Smartmotion,"Kunshan Cyclisport Co., Ltd",4,$149.76,$136.15,$45.38,$0.00,$0.00,$127.90,$8.25,6.06
SM Classic Controller 2016,SM-CLS-CON-2016,,0FEFBC42,Smartmotion,"Kunshan Cyclisport Co., Ltd",4,$113.32,$103.02,$306.28,$0.00,$0.00,$0.00,$103.02,100
SM Front Light / Buschel Shiny 50 / PACER/CATALYST,SM-FL-BJ2PF654V1,,156764C9,Smartmotion,"Kunshan Cyclisport Co., Ltd",4,$249.73,$227.03,$0.00,$0.00,$0.00,$151.36,$75.67,33.33
VSETT 11+ Disc Rotor 160mm,VS-11+-DISC-ROT,,C8DDB7F9,VSETT,Ningbo Vsett,4,$88.85,$80.77,$0.00,$0.00,$0.00,$61.39,$19.38,24
ZERO 11X Controller 72V 35Ah,ZER-11X-CON-PAIR,,8A096BE8,Zero,Falcon PEV Pte Ltd,4,$840.00,$763.64,$350.00,$0.00,$0.00,$742.00,$21.64,2.83
ZERO 10X Battery / 23.8Ah,ZER-BATT-10X-52V23.8,"1, LGS21X03K24D0056H, LGS21X24D0011H, TBD",A7089032,Zero,Falcon PEV Pte Ltd,4,"$5,205.00","$4,731.82",$150.00,$0.00,$0.00,"$3,771.75",$960.07,20.29
Smartmotion Catalyst 250W 48V / BLK / LGE / 17.5,SMB-CAT-LGE-17.5-BL,"SMCT210053, JL16120647, SMCT210104, SMCT210060",5CD9CB3F,,,4,"$9,330.00","$8,481.82","$1,450.00",$0.00,$0.00,"$6,853.14","$1,628.68",19.2
Smartmotion Catalyst 250W 48V / BLUE/ LRG / 12.8,SMB-CAT-LGE-14.5-MB,"JL16120622, JL16120662, SMCT210106, JL16120619",20692D81,Smartmotion,"Kunshan Cyclisport Co., Ltd",4,"$8,800.00","$8,000.00",$0.00,$0.00,$0.00,"$6,153.84","$1,846.16",23.08
VSETT 9/9+ Rear Disc brake Calliper,VS-9/9+-R-DISC-BRK-BLK,,8896202,VSETT,Ningbo Vsett,4,$74.82,$68.02,$7.36,$0.00,$0.00,$38.92,$29.10,42.78
SUNRACE M55 8SPD CASSETTE,,,,,,4,$0.00,$0.00,$56.20,$0.00,$0.00,$56.20,-$56.20,0
ZERO 9 Battery / 48V 13AH,ZER-9-BATT-48V13,"F9413200713071, 1, LGS-20X12K30D0404S, na",408B7FEA,Zero,Falcon PEV Pte Ltd,4,$685.00,$622.73,"$1,640.00",$0.00,$0.00,"$1,407.00",-$784.27,-125.94
SM Sport Bottom bracket / TORQUE/CADENCE 36V,SM-SPT-BOT-BRC-TQ/CAD-36V,,E46B2B21,Smartmotion,"Kunshan Cyclisport Co., Ltd",4,$496.14,$451.04,$0.00,$0.00,$0.00,$325.17,$125.87,27.91
SM Communication Cable / Apra / Mid Drive,SM-COMM-CBL-MD,,71C724CF,Smartmotion,"Kunshan Cyclisport Co., Ltd",4,$44.11,$40.10,$36.32,$0.00,$0.00,$47.86,-$7.76,-19.35
E20 spokes,,,,,,4,$10.20,$9.27,$0.00,$0.00,$0.00,$0.00,$9.27,100
Custom Sale,CUSTOM-SALE,,88FF54B2,,,4,$190.00,$172.73,$0.00,$0.00,$190.00,$0.00,$172.73,100
Helmet - STATUS - VSETT / Black / LG,HELMET-STATUS-VSETT-BL-LG,,6219D723,VSETT,FE Sports,4,$544.29,$494.81,$802.70,$0.00,$0.00,$679.48,-$184.67,-37.32
Helmet - STATUS - VSETT / Black / XL,HELMET-STATUS-VSETT-BL-XL,,CCFF5FA4,VSETT,FE Sports,4,"$1,044.28",$949.35,$204.69,$0.00,$0.00,$706.47,$242.87,25.58
FUSE 10AMP,,,,,,4,$0.00,$0.00,$5.00,$0.00,$0.00,$2.00,-$2.00,0
HALL SENSORS,,,,,,4,$0.00,$0.00,$20.00,$0.00,$0.00,$0.00,$0.00,0
ZERO 10 Controller,ZER-10-CON,,2EE7B0F2,Zero,Falcon PEV Pte Ltd,4,$510.00,$463.64,$0.00,$0.00,$0.00,$294.00,$169.64,36.59
ZERO 11X Controller 72V,ZER-11X-CON-PAIR,,8A096BE8,Zero,Falcon PEV Pte Ltd,4,"$1,085.00",$986.36,$105.00,$0.00,$0.00,$742.00,$244.36,24.77
BRAKE LEVER RUBBER CAP,,,,,,4,$11.80,$10.73,$0.00,$0.00,$0.00,$11.80,-$1.07,-10
On Guard  8015 mini DT u lock,MINI-DTULOCK-KEY -8015,,468F0352,On Guard,Bikecorp,4,$186.57,$169.60,$7.00,$0.00,$14.96,$120.08,$49.53,29.2
NAMI Burn-E Viper V2 MAX,NAMI-BURN-E-V2 -MAX,"TBA1, TBA2, 20210929016, TBA",56CF07E2,NAMI,Electromotion,4,"$19,862.48","$18,056.80","$2,643.84",$0.00,$0.00,"$18,015.15",$41.65,0.23
VSETT 11+ Oil  brake pad,VS-11+-OIL-BRK-PAD,,C5FCAB41,VSETT,Ningbo Vsett,4,$96.08,$87.35,$0.00,$0.00,$0.00,$87.35,$0.00,0
On Guard 8012C DT U-Lock,DT U-Lock,,7.29E+12,On Guard,Bikecorp,4,$209.85,$190.77,$69.95,$0.00,$0.00,$127.56,$63.21,33.14
ZERO 10X Controller / 60V - Rear B,ZER-10X-CON-60V21-B,,DE925AAB,Zero,Falcon PEV Pte Ltd,4,$465.00,$422.72,$0.00,$0.00,$0.00,$231.00,$191.72,45.35
ZERO 10X Controller / 60V - Front A,ZER-10X-CON-60V21-A,,6A07F20B,Zero,Falcon PEV Pte Ltd,4,$465.00,$422.72,$0.00,$0.00,$0.00,$231.00,$191.72,45.35
SM Mud Guard/Mid Drive / MidCity Rear,SM-MUD-GRD-MID-MC-R,,9EC0BC68,Smartmotion,"Kunshan Cyclisport Co., Ltd",4,$94.81,$86.19,$5.00,$0.00,$0.00,$76.80,$9.39,10.89
ZERO 10X Suspension/Shock Absorber / Front,ZER-10X-SUS-FRN,,9823C4B5,Zero,Falcon PEV Pte Ltd,4,$182.00,$165.45,$0.00,$0.00,$0.00,$84.00,$81.45,49.23
SM Mirrycle mirror,SM-MIRRYCLE,,81C60AD6,,,4,$114.00,$103.64,$6.00,$0.00,$0.00,$84.44,$19.20,18.52
VSETT 9/9+ Disc brake rotor,VS-9/9+-DISC-BRK,,387BCA1A,VSETT,Ningbo Vsett,4,$61.80,$56.18,$0.00,$0.00,$0.00,$56.18,$0.00,0
VSETT Handlebar Grips Left / VSETT11+,VS-HNDLBAR-GRIP-L-11+,,0EC9B9C2,VSETT,Ningbo Vsett,4,$52.59,$47.81,$25.00,$0.00,$0.00,$27.52,$20.29,42.44
Service / Full,SERVICE-FULL,,8FC93622,,,4,$396.00,$360.00,$0.00,$0.00,$0.00,$0.00,$360.00,100
Vsett 8 Bolts,,,,,,4,$6.00,$5.45,$0.00,$0.00,$0.00,$6.00,-$0.55,-10
VSETT 8 Controller,VS-8-CONTROLLER,,F49D3290,VSETT,Ningbo Vsett,4,$335.52,$305.02,$0.00,$0.00,$0.00,$305.02,$0.00,0
Due Date / STRICTLY 14 days from date of Invoice,Due-Date-14,,11860E9B,,,3,$0.00,$0.00,$0.00,$0.00,$0.00,$0.00,$0.00,0
ZERO 10X REAR MUDGUARD,,,,,,3,$42.75,$38.86,$0.00,$0.00,$0.00,$0.00,$38.86,100
ZERO 10 Electric Scooter / 52V 18.2AH,ZERO-10-52V18,"F10518210417028, F10518210417007, F10518210417030",,,,3,"$4,047.75","$3,679.77",$0.00,$0.00,$0.00,"$2,319.00","$1,360.77",36.98
Comptank BBB water bottle,,,,,,3,$15.00,$13.64,$0.00,$0.00,$0.00,$0.00,$13.64,100
SCT Grips Python / Red/Lockring Black / 142MM,SCT-GRPS-PYTHON-RE,,0085480B,BBC,Cambak Pty Ltd,3,$84.99,$77.26,$19.98,$0.00,$0.00,$17.67,$59.59,77.13
SM E20 Step Thru / Red,SMB-E20-ST-RED,"SME20210091, SME20210103, SME20210424",,,,3,"$4,781.70","$4,347.00",$0.00,$0.00,$0.00,"$2,776.68","$1,570.32",36.12
ZERO 10X Electric Scooter / 24AH LG,ZERO-10X-52V23-LG,"F10X523L210519035, F10X523L210519030, F10X523L210519033",,,,3,"$6,747.75","$6,134.32",$0.00,$0.00,$0.00,"$3,954.00","$2,180.32",35.54
ZERO 8 Rear Fender / Mudguard / Long,ZER-8-REA-MUD-LON,,BB5EB480,Zero,Falcon PEV Pte Ltd,3,$55.89,$50.81,$16.08,$0.00,$0.00,$27.99,$22.82,44.91
SUSPENSION SEAT POST,,,,,,3,$169.00,$153.64,$130.00,$0.00,$0.00,$0.00,$153.64,100
SM MidCity 250w 15.6AH / White,SMB-MID-WH,"SMWM190856, SMWM200046, SMM190769",F3D3534B,,"Kunshan Cyclisport Co., Ltd",3,"$4,197.60","$3,816.00","$2,098.80",$0.00,$0.00,"$4,391.10",-$575.10,-15.07
Buchell Shiny 50 for ecity,,,,,,3,$148.32,$134.84,$0.00,$0.00,$49.44,$0.00,$134.84,100
Satchel Bag,,,,,,3,$164.82,$149.84,$0.00,$0.00,$0.00,$0.00,$149.84,100
BRAKE PADS,,,,,,3,$20.00,$18.18,$39.90,$0.00,$0.00,$0.00,$18.18,100
COMMUNICATION CABLE,,,,,,3,$39.90,$36.27,$11.95,$0.00,$0.00,$0.00,$36.27,100
CHARGER 54.6v,,,,,,3,$139.85,$127.14,$0.00,$0.00,$0.00,$0.00,$127.14,100
SM Front Light / Buschel Shiny 50 / MID/XCITY,SM-FL-BA2PM654V0,,40271FDA,Smartmotion,"Kunshan Cyclisport Co., Ltd",3,$0.00,$0.00,$300.00,$0.00,$0.00,$181.82,-$181.82,0
ZERO Kickstand / ZERO 10X Kickstand,ZER-10X-KICK,,186D8AD8,Zero,Falcon PEV Pte Ltd,3,$76.98,$69.98,$0.00,$0.00,$0.00,$45.50,$24.48,34.98
ZERO 8 Rear Suspension,ZER-8-REA-SUS,,117BCF65,Zero,Falcon PEV Pte Ltd,3,$228.00,$207.27,$0.00,$0.00,$0.00,$137.90,$69.37,33.47
ZERO 10 Disc Rotor 140mm,ZER-10-ROT-140,,E19E0842,,Falcon PEV Pte Ltd,3,$72.00,$65.45,$0.00,$0.00,$0.00,$27.99,$37.46,57.23
SM Display Screen / HYPERSONIC - STD,SM-DIS-HS-STD,,DD4BF258,Smartmotion,"Kunshan Cyclisport Co., Ltd",3,$461.52,$419.56,$0.00,$0.00,$0.00,$0.00,$419.56,100
phone holder,,,,,,3,$85.00,$77.27,$0.00,$0.00,$0.00,$0.00,$77.27,100
On Gaurd 8012C DT U-Lock,DT U-Lock,,7.29E+12,On Guard,Bikecorp,3,$209.85,$190.77,$0.00,$0.00,$0.00,$95.67,$95.10,49.85
Zero Charging Port,ZERO-CHA-PORT,,8A7C8E5B,,Falcon PEV Pte Ltd,3,$47.89,$43.54,$0.00,$0.00,$0.00,$18.90,$24.64,56.59
ZERO Head Stem / Red,ZER-WAKE-STEM-RED,,F58919B1,Zero,Falcon PEV Pte Ltd,3,$93.65,$85.14,$42.15,$0.00,$0.00,$81.68,$3.46,4.06
PARK LOCK,,,,,,3,$180.00,$163.64,$0.00,$0.00,$0.00,$0.00,$163.64,100
ZERO 8 Inner Tube,ZER-8-TUBE,,9EE11330,,,3,$73.17,$66.52,$0.00,$0.00,$0.00,$28.46,$38.06,57.22
AZUR 1000L,,,,,,3,$169.95,$154.50,$0.00,$0.00,$0.00,$0.00,$154.50,100
SM Rearviz Slim Line Rear View Mirror,SM REARVIZ-MIRR,,39353140,Smartmotion,"Kunshan Cyclisport Co., Ltd",3,$135.00,$122.73,$0.00,$0.00,$0.00,$81.24,$41.49,33.8
SM Chain / 116 link 8 speed / ECITY,SM-CHN-116,,DE87860D,Smartmotion,"Kunshan Cyclisport Co., Ltd",3,$87.00,$79.09,$0.00,$0.00,$0.00,$58.14,$20.95,26.49
Vsett 11inch inner tubes,,,,,,3,$74.85,$68.05,$0.00,$0.00,$0.00,$0.00,$68.05,100
SM Classic controller 2015,SM-CLS-CON-2015,,6F0130F6,Smartmotion,"Kunshan Cyclisport Co., Ltd",3,$104.90,$95.36,$209.80,$0.00,$0.00,$0.00,$95.36,100
VSETT 10+ ZOOM oil Brake / Full Set,VS-10+-ZOOM-OIL-BRAKE-SET,,7FB3F9C9,VSETT,Ningbo Vsett,3,$675.00,$613.64,$0.00,$0.00,$0.00,$261.84,$351.80,57.33
Helmet - STATUS / Carby/Charcoal / XL,HELMET-STATUS-C/CH-XL,,04DE8543,,FE Sports,3,$661.83,$601.66,$238.14,$0.00,$0.00,$779.97,-$178.31,-29.64
ZERO SAFETY BUNDLE,,,,,,3,$202.95,$184.50,$0.00,$0.00,$0.00,$0.00,$184.50,100
Helmet - STATUS / Black / XXL,HELMET-STATUS-BL-XXL,,33D82A5D,,FE Sports,3,$899.97,$818.15,$0.00,$0.00,$0.00,$659.97,$158.18,19.33
ZERO Front Fork / ZERO 8,ZER-FRO-FORK-8,,6969A250,Zero,Falcon PEV Pte Ltd,3,$162.00,$147.27,$0.00,$0.00,$0.00,$105.00,$42.27,28.7
Torque Washers,,,,,,3,$12.75,$11.59,$0.00,$0.00,$0.00,$12.75,-$1.16,-10
Waterproof battery bag with brackets,,,,,,3,$357.00,$324.55,$0.00,$0.00,$0.00,$0.00,$324.55,100
SM Battery/Part/Power/Button / Switch,SM-BAT-POW-BUT-SWT,,B10F140D,Smartmotion,"Kunshan Cyclisport Co., Ltd",3,$18.15,$16.50,$44.10,$0.00,$0.00,$18.15,-$1.65,-10
ZERO Kickstand / ZERO 8 Kickstand,ZER-8-KICK,,C1FA40DC,Zero,Falcon PEV Pte Ltd,3,$60.00,$54.55,$0.00,$0.00,$0.00,$40.23,$14.32,26.25
SM Brake light rear,SM-BRK-LGT-R,,27E1B65B,Smartmotion,"Kunshan Cyclisport Co., Ltd",3,$76.13,$69.21,$0.00,$0.00,$0.00,$51.03,$18.18,26.26
VSETT 10+ ZOOM oil Brake / Right,VS-10+-ZOOM-OIL-BRAKE-R,,4625DB84,VSETT,Ningbo Vsett,3,$115.61,$105.10,$5.00,$0.00,$0.00,$60.61,$44.49,42.33
VSETT 10+ Front Fender bracket (L+R),VS-10+-F-FNDR-BRKT-L+R,,87EF9462,VSETT,Ningbo Vsett,3,$38.28,$35.04,$3.28,$0.00,$0.00,$26.33,$8.71,24.87
SM E20 Battery Ends,SM-BATT-ENDS-E20,,DA0B106E,Smartmotion,"Kunshan Cyclisport Co., Ltd",3,$0.00,$0.00,$41.05,$0.00,$0.00,$31.04,-$31.04,0
SM E20 Battery Connector / 4 blade to XT60,SM-E20-BTRY-CON-4BLADE,,ED42C729,Smartmotion,"Kunshan Cyclisport Co., Ltd",3,$0.00,$0.00,$41.54,$0.00,$0.00,$30.07,-$30.07,0
VSETT 8/8+ Brake lever (R),VS-8/8+-BRK-LVR-R,,442A11A8,VSETT,Ningbo Vsett,3,$40.48,$36.80,$16.48,$0.00,$0.00,$35.58,$1.22,3.31
VSETT 8/8+ Brake lever (L) Bell,VS-8/8+-BRK-LVR-BELL-L,,63813E0F,VSETT,Ningbo Vsett,3,$59.19,$53.81,$0.00,$0.00,$0.00,$42.45,$11.36,21.11
Trike -Black,TRI-BLK-36V,"S019JF2671, S019JF2679, SO19JF2651",2EC8E484,Smartmotion,,3,"$7,350.00","$6,681.82",$0.00,$0.00,$0.00,$0.00,"$6,681.82",100
VSETT 11+ Fender,VS-11+-FNDR,,075C8F03,VSETT,Ningbo Vsett,3,$28.56,$25.97,$17.00,$0.00,$0.00,$16.72,$9.25,35.62
SM Mud Guard/Classic / eCity Front,SM-MUD-GRD-CL-EC-F,,ED61AFCC,Smartmotion,"Kunshan Cyclisport Co., Ltd",3,$16.50,$15.00,$33.00,$0.00,$0.00,$0.00,$15.00,100
SM Brake Lever / RH Mech. w/Sensor / ECITY,SM-BL-RHMTJ2PM00,,ECF99905,Smartmotion,"Kunshan Cyclisport Co., Ltd",3,$165.00,$150.00,$84.23,$0.00,$0.00,$180.42,-$30.42,-20.28
SM Essence Motor Core,SM-ESS-MTR-CRE,,7DF1B82B,Smartmotion,"Kunshan Cyclisport Co., Ltd",3,$540.00,$490.91,$0.00,$0.00,$0.00,$0.00,$490.91,100
full service,,,,,,3,$300.00,$272.73,$0.00,$0.00,$0.00,$0.00,$272.73,100
ZERO 10X Controller / 52V 18Ah - Front,ZER-10X-CON-52V18-A,,4670EE89,Zero,Falcon PEV Pte Ltd,3,$300.00,$272.73,$150.00,$0.00,$0.00,$315.00,-$42.27,-15.5
SM Motor Extension Cable,SM-MTR-EXT-CBL,,BBFD836E,Smartmotion,"Kunshan Cyclisport Co., Ltd",3,$19.95,$18.14,$39.90,$0.00,$0.00,$0.00,$18.14,100
VSETT 10+ Electric Scooter / 28AH,VS-10+-28-LG,,53F97EBE,VSETT,Ningbo Vsett,3,"$13,497.00","$12,270.00",$0.00,$0.00,$0.00,"$3,788.60","$8,481.40",69.12
SM Cassette - Shimano CS-HG41-8 34t,SM-CSST-SHIM,,A4536B50,Smartmotion,"Kunshan Cyclisport Co., Ltd",3,$150.00,$136.36,$0.00,$0.00,$0.00,$115.38,$20.98,15.39
SM Controller Sport / 36V,SM-SPORT-CONT-36V,,B7295545,Smartmotion,"Kunshan Cyclisport Co., Ltd",3,$434.50,$395.00,$0.00,$0.00,$0.00,$209.00,$186.00,47.09
SM Battery Charger / 48V 3Ah Single Pin,SM-BC-48V3A2100,,859A7B33,Smartmotion,"Kunshan Cyclisport Co., Ltd",3,$220.00,$200.00,$74.00,$0.00,$0.00,$201.72,-$1.72,-0.86
SM Motor - Mid Drive / DAPU,SM-MOTOR-MID-DAPU,,E40F4899,Smartmotion,"Kunshan Cyclisport Co., Ltd",3,$0.00,$0.00,"$2,538.46",$0.00,$0.00,$769.23,-$769.23,0
VSETT 9/9+ T-bar,VS-9/9+-TBAR,,6BCEAF20,VSETT,Ningbo Vsett,3,$230.76,$209.78,$0.00,$0.00,$0.00,$209.78,$0.00,0
VSETT Handlebar Grips Left / VSETT 9/9+,VS-HNDLBAR-GRIP-L-9/9+,,95564F86,VSETT,Ningbo Vsett,3,$52.59,$47.81,$0.00,$0.00,$0.00,$20.64,$27.17,56.83
SCT E Scooter Motor Lock Nut & Washer set,SCT-SP-MOT-NUT-SET,,DF82C591,,,3,$31.47,$28.61,$0.00,$0.00,$0.00,$12.25,$16.36,57.18
TYRE 8.5X2 S/STEM STYLE,,,,,,3,$75.00,$68.18,$0.00,$0.00,$0.00,$0.00,$68.18,100
ZERO Scooter Carry Handle / ZERO 8,ZER-CRY-HDL-8,,A3C13CBF,Zero,Falcon PEV Pte Ltd,3,$177.00,$160.91,$3.00,$0.00,$0.00,$138.45,$22.46,13.96
Derailleur Hanger / Classic,DER-HAN-CLS,,E88DEAC1,,,3,$19.90,$18.09,$9.95,$0.00,$0.00,$8.67,$9.42,52.08
SCT Bottle Cage / Black/Blue,DUAL-CGE-BKBL,,8AFC8D60,BBC,,3,$24.99,$22.72,$49.98,$0.00,$0.00,$57.18,-$34.46,-151.69
"SM FR Wheelset 26"" DISC w/DAPU M123 Motor - ESS",SM-ESS-FNT-WHL-MTR,,74DC782C,Smartmotion,"Kunshan Cyclisport Co., Ltd",3,$523.10,$475.55,$428.46,$0.00,$0.00,$664.40,-$188.85,-39.71
Ceramic Brake Pads / ZERO9/VSETT9,10053,,ACC1FF44,,,3,$105.00,$95.45,$0.00,$0.00,$0.00,$73.50,$21.95,23
SM Battery/Part/End/Classic / Switch Type,SM-BAT-PRT-END-CL-H-BUT,,23ACE039,Smartmotion,"Kunshan Cyclisport Co., Ltd",3,$0.00,$0.00,$134.05,$0.00,$0.00,$68.30,-$68.30,0
Essence Rear wheel,,,,,,3,$483.45,$439.50,$0.00,$0.00,$0.00,$0.00,$439.50,100
SM Motor / Dapu Mid-Drive GEN1 w/CONTROL UNIT v2,SM-MTR-DMDGEN1CU2,,E2BE087A,Smartmotion,"Kunshan Cyclisport Co., Ltd",3,$0.00,$0.00,"$1,384.62",$0.00,$0.00,$839.16,-$839.16,0
VSETT 11+ Controller,VS-11+-CNTR-60V,,12E301FE,VSETT,Ningbo Vsett,3,$0.00,$0.00,$704.74,$0.00,$0.00,$578.77,-$578.77,0
ZERO Folding Shaft,ZER-FOLD-SHAF,,7CB35450,Zero,Falcon PEV Pte Ltd,3,$13.65,$12.41,$0.00,$0.00,$0.00,$12.60,-$0.19,-1.54
ZERO Folding Lever,ZER-FOL-LEVER,,CABBE03F,Zero,Falcon PEV Pte Ltd,3,$27.30,$24.82,$0.00,$0.00,$0.00,$69.30,-$44.48,-179.23
"SM ECity Wheels / Rear 26""",SM-ECITY-WHEEL-R-26,,D1B67387,Smartmotion,"Kunshan Cyclisport Co., Ltd",3,"$1,001.60",$910.55,$125.80,$0.00,$0.00,$525.60,$384.95,42.28
VSETT 10+/11+ Communication cable,VS-10+-DUL-DRV-1-LINE,,A6F22088,VSETT,Ningbo Vsett,3,$85.72,$77.93,$0.00,$0.00,$0.00,$70.06,$7.87,10.1
"Smartmotion Hypersonic Neo / Black / S-16.5""",SM-HYPER-NEO-BLK--S-16.5,"G5SN210444, G5SN210537, G5SN210544",9D11192C,Smartmotion,"Kunshan Cyclisport Co., Ltd",3,"$10,841.25","$9,855.68",$183.75,$0.00,$0.00,"$7,422.54","$2,433.14",24.69
SM ECity rack with lights,SM-ECITY-RK-W-LHT,,CFD477BA,Smartmotion,"Kunshan Cyclisport Co., Ltd",3,$384.62,$349.65,$192.31,$0.00,$0.00,$349.65,$0.00,0
ZERO Universal LCD Throttle Bracket,ZER-BRA-UNI-LCD,,258D7E6F,Zero,Falcon PEV Pte Ltd,3,$40.50,$36.82,$4.50,$0.00,$0.00,$31.50,$5.32,14.44
VSETT 10+ Rear LED spotlights (Red/Yellow),VS-10+-R-LED-SPT-LGHTS-R/Y,,B1DB7111,VSETT,Ningbo Vsett,3,$10.00,$9.09,$3.25,$0.00,$0.00,$9.45,-$0.36,-4.01
VSETT 10+ Front Cover of Board +reflector (Plastic),VS-10+-F-COVR-BRD-REFL-PLAS,,4DB4A571,VSETT,Ningbo Vsett,3,$40.00,$36.36,$15.71,$0.00,$0.00,$45.70,-$9.34,-25.69
"Vsett inner 11""",,,,,,3,$52.50,$47.73,$0.00,$0.00,$0.00,$0.00,$47.73,100
Moto Disc Lock,MOTO_DSC_LCK,,AAB16276,,,3,$56.47,$51.34,$3.00,$0.00,$0.00,$38.06,$13.28,25.86
On Guard Mastiff Chain Lock 120 X 4mm,MASTIFF-CHN-LOCK -120,,2381F1B3,On Guard,Bikecorp,3,$68.79,$62.54,$3.00,$0.00,$0.00,$52.56,$9.98,15.95
QBP Lock 12mm Key 180cm,QBP-12MM-180-KEY,,BBBB45BD,QBP,KWT Imports,3,$45.41,$41.28,$0.00,$0.00,$0.00,$27.28,$14.00,33.92
VSETT 8/8+/9/9+ Light module,VS-8/8+/9/9+-LIGHT-MLD,,5BB48AE8,VSETT,Ningbo Vsett,3,$15.45,$14.05,$30.90,$0.00,$0.00,$42.14,-$28.09,-200
VSETT 10+ Battery / 60V 20.8AH,VS-10+-BATTERY-60V20.8,,87E18163,VSETT,Ningbo Vsett,3,$0.00,$0.00,"$2,223.24",$0.00,$0.00,"$1,826.52","-$1,826.52",0
ZERO 10X Suspension Pivot Axle Lower,ZER-10X-SUS-SHA-LOW,,5C40CC3F,Zero,Falcon PEV Pte Ltd,3,$32.67,$29.70,$0.00,$0.00,$0.00,$19.80,$9.90,33.33
SM Essence Front Forks / White,SM-ESS-F-FRK-WHITE,,94DB679E,Smartmotion,"Kunshan Cyclisport Co., Ltd",3,$300.00,$272.73,$0.00,$0.00,$0.00,$181.82,$90.91,33.33
Helmet - TRAJECTA w Fidlock / Black / MED,HELMET-TRAJECTA-BL-MD,,647FBDFB,,FE Sports,3,$264.00,$240.00,$528.00,$0.00,$0.00,$720.00,-$480.00,-200
SM Controller/ G4 Ecity,SM-CON-G4,,78777953,Smartmotion,"Kunshan Cyclisport Co., Ltd",3,$115.50,$105.00,$231.00,$0.00,$0.00,$163.17,-$58.17,-55.4
Zero Wake Handlebar BLACK,ZERO-WAKE-BAR-BLACK,,FEA3FBD8,WAKE,Falcon PEV Pte Ltd,3,$89.97,$81.79,$0.00,$0.00,$0.00,$42.90,$38.89,47.55
VSETT Handlebar Grips Right / VSETT11+,VS-HNDLBAR-GRIP-R-11+,,AAF58F44,VSETT,Ningbo Vsett,3,$52.59,$47.81,$0.00,$0.00,$0.00,$20.64,$27.17,56.83
TRANSPORT CHARGES FOR RETURNED ZERO SCOOTER ORDER,,,,,,3,$195.00,$177.27,$0.00,$0.00,$0.00,$0.00,$177.27,100
Oko Magic Milk Hi Fibre Sealant Liquid 250ml,MAG-MILK-SEAL,,128C9154,OKO,,3,$69.86,$63.51,$4.99,$0.00,$0.00,$39.42,$24.09,37.93
SM Inner Tubes / CST 26 X 1.9 -2.125,SM-IN-CST-26,,1D32D8FD,,,3,$27.00,$24.55,$0.00,$0.00,$0.00,$18.75,$5.80,23.61
"SM Lighting Cable / Julet 2pin flat / ECITY 24""",SM-LGHT-CBL-J2PMF10700,,A17F1C41,Smartmotion,"Kunshan Cyclisport Co., Ltd",3,$36.93,$33.57,$0.00,$0.00,$0.00,$22.38,$11.20,33.35
ZERO TYRE 8 Inch Series / 8X Solid Tyre (200x90),ZER-TYRE-8X-SOLID,,F61A10FD,Zero,Falcon PEV Pte Ltd,3,$60.99,$55.45,$0.00,$0.00,$0.00,$39.60,$15.85,28.58
VSETT 9/9+ Brake cable,VS-9/9+-BRK-CBLE,,A62AA7F3,VSETT,Ningbo Vsett,3,$11.64,$10.58,$0.00,$0.00,$0.00,$10.58,$0.00,0
"Tyre - 8.5 x 2""",,,,,,2,$35.90,$32.64,$0.00,$0.00,$0.00,$0.00,$32.64,100
Charging Port,,,,,,2,$24.20,$22.00,$0.00,$0.00,$0.00,$0.00,$22.00,100
SM XCity 27.5 / Teal,SMB-XCITY-27.5-TEAL,"SMWX20714810, SMWX200093",76B6C47C,,,2,"$4,900.00","$4,454.55",$0.00,$0.00,$5.50,"$3,207.46","$1,247.09",28
FREIGHT : SMBNAT2703,,,,,,2,$165.00,$150.00,$0.00,$0.00,$0.00,$4.00,$146.00,97.33
ZERO LCD DISPLAY,,,,,,2,$122.35,$111.23,$0.00,$0.00,$0.00,$0.00,$111.23,100
Due Date / STRICTLY 14 days from date of Invoice,Due-Date-14,,,,,2,$0.00,$0.00,$0.00,$0.00,$0.00,$0.00,$0.00,0
URBAN OFF ROAD TYRE,,,,,,2,$50.00,$45.45,$0.00,$0.00,$0.00,$0.00,$45.45,100
SM Essence 250w 10.4AH / Red,SMB-ESS-RED,"JL17071065, JL17070799",,,,2,"$2,541.00","$2,310.00",$0.00,$0.00,$0.00,"$1,770.64",$539.36,23.35
FRONT SUSPENSION COVER - ZERO 9 AND ZERO 10,,,,,,2,$9.00,$8.18,$0.00,$0.00,$0.00,$0.00,$8.18,100
ZERO CABLE FROM MOTOR TO CONTROLLER,,,,,,2,$39.90,$36.27,$0.00,$0.00,$0.00,$0.00,$36.27,100
ZERO Brake Caliper / ZERO 9 Front Brake Caliper,ZER-9-BRA-CAL-FRN,,AB1EFD3C,Zero,Falcon PEV Pte Ltd,2,$94.95,$86.32,$0.00,$0.00,$0.00,$52.47,$33.85,39.21
ZERO Brake Caliper / ZERO 10 Rear Brake Caliper,ZER-10-BRA-CAL-REA,,5F458725,Zero,Falcon PEV Pte Ltd,2,$79.97,$72.70,$0.00,$0.00,$0.00,$33.25,$39.45,54.26
"ZERO TYRE 8 Inch Series / 8"" Solid (200x65)","ZER-TYRE-8""-SOLID",,,,,2,$51.98,$47.25,$0.00,$0.00,$0.00,$2.00,$45.25,95.77
VSETT 9+ INNER TUBE,,,,,,2,$0.00,$0.00,$27.40,$0.00,$0.00,$0.00,$0.00,0
Front Light,,,,,,2,$100.00,$90.91,$0.00,$0.00,$0.00,$0.00,$90.91,100
SM MidCity 250w 15.6AH / Red,SMB-MID-RED,"SMWM2000143, SMWM2000178",613CBC03,,"Kunshan Cyclisport Co., Ltd",2,"$4,197.60","$3,816.00",$0.00,$0.00,$0.00,"$2,927.40",$888.60,23.29
ZERO 8 Electric Scooter / 10.4AH,ZERO-8-48V10.4,"F8410210417046, F8410210417088",,,,2,"$1,498.50","$1,362.27",$0.00,$0.00,$0.00,$920.00,$442.27,32.47
SM MidCity 250w 15.6AH / Sky Blue,SMB-MID-BLUE,"SMWM2000289, SMWM2000469",DC106569,,"Kunshan Cyclisport Co., Ltd",2,"$4,197.60","$3,816.00",$0.00,$0.00,$0.00,"$2,927.40",$888.60,23.29
E20 FOLDING BAG,,,,,,2,$109.90,$99.91,$109.88,$0.00,$0.00,$0.00,$99.91,100
"SM G3 ECity 250w 15.6AH / Blue 26"" Tyres",SMB-G3-ECITY-26-BLUE,"G3202, G3",,,,2,"$3,297.80","$2,998.00",$0.00,$0.00,$0.00,"$2,324.00",$674.00,22.48
MOTOR CORE CLASSIC 250W,,,,,,2,$396.00,$360.00,$0.00,$0.00,$0.00,$0.00,$360.00,100
ZERO 10 10X Brake Pad Set / NUTT,ZER-10-10X-BRK-PAD-NUTT,,A3C8C037,Zero,Falcon PEV Pte Ltd,2,$39.90,$36.27,$0.00,$0.00,$0.00,$11.66,$24.61,67.85
AZUR 1000L LIGHT,,,,,,2,$129.95,$118.14,$0.00,$0.00,$0.00,$0.00,$118.14,100
SCHWALBE SUPER MOTO,,,,,,2,$160.00,$145.45,$0.00,$0.00,$0.00,$0.00,$145.45,100
8X LIGHT COVERS,,,,,,2,$31.90,$29.00,$0.00,$0.00,$0.00,$0.00,$29.00,100
ZERO Key Lock,ZER-KEY-LOC,,E5936E37,Zero,Falcon PEV Pte Ltd,2,$110.00,$100.00,$5.00,$0.00,$0.00,$42.70,$57.30,57.3
SM Battery Charger / 36v 2Ah 2.1mm male - GEN. BRAND,SM-BC-36V20A2100,,5B2DD00F,Smartmotion,"Kunshan Cyclisport Co., Ltd",2,$198.00,$180.00,$0.00,$0.00,$0.00,$0.00,$180.00,100
"ZERO 10X TYRE Pneumatic Range / 10 x 3"" Off Road",ZER-10X-TYRE-10x3-OFF,,F267D64E,,,2,$80.00,$72.73,$1.08,$0.00,$0.00,$37.80,$34.93,48.03
TYRES 11X ROAD,,,,,,2,$70.00,$63.64,$0.00,$0.00,$0.00,$0.00,$63.64,100
"TYRES 8.5 X 2""",,,,,,2,$39.90,$36.27,$0.00,$0.00,$0.00,$0.00,$36.27,100
"INNER TUBE 26""",,,,,,2,$29.90,$27.18,$0.00,$0.00,$0.00,$0.00,$27.18,100
"INNER TUBE 24""",,,,,,2,$25.90,$23.55,$0.00,$0.00,$0.00,$0.00,$23.55,100
ROTOR 180MM,,,,,,2,$0.00,$0.00,$43.90,$0.00,$0.00,$0.00,$0.00,0
ZERO 8X LIGHT COVERS,,,,,,2,$25.90,$23.55,$0.00,$0.00,$0.00,$0.00,$23.55,100
ZERO 9 DRUM BRAKES,,,,,,2,$71.90,$65.36,$0.00,$0.00,$0.00,$0.00,$65.36,100
MID CITY CONTROLLERS PROGRAMMED,,,,,,2,$0.00,$0.00,$240.00,$0.00,$0.00,$0.00,$0.00,0
CHARGER 84v ZERO 11X,,,,,,2,$149.92,$136.29,$0.00,$0.00,$0.00,$0.00,$136.29,100
TRANSPORT : TFMXPRESS,,,,,,2,$0.00,$0.00,$300.00,$0.00,$0.00,$0.00,$0.00,0
ZERO 9 BRAKE LIGHTS,,,,,,2,$0.00,$0.00,$0.00,$0.00,$0.00,$0.00,$0.00,0
ZERO 9 FRONT LIGHTS,,,,,,2,$0.00,$0.00,$0.00,$0.00,$0.00,$0.00,$0.00,0
Phone Holder,,,,,,2,$65.95,$59.95,$0.00,$0.00,$0.00,$0.00,$59.95,100
ZERO 10X OFF ROAR 10X3,,,,,,2,$96.00,$87.27,$0.00,$0.00,$0.00,$0.00,$87.27,100
ZERO 10 10X Brake Pad Set / ZOOM,ZER-10-10X-BRK-PAD-ZOOM,,2ACD2D3C,Zero,Falcon PEV Pte Ltd,2,$49.90,$45.36,$0.00,$0.00,$0.00,$23.10,$22.26,49.08
SM Essence 250w 10.4AH / Blue,SMB-ESS-BLUE,"JL17070880, JL17071047",C841C6E0,Smartmotion,"Kunshan Cyclisport Co., Ltd",2,"$1,400.00","$1,272.73","$1,896.90",$0.00,$0.00,"$1,770.64",-$497.91,-39.12
CLOCKS,,,,,,2,$110.00,$100.00,$0.00,$0.00,$0.00,$0.00,$100.00,100
pump,,,,,,2,$170.00,$154.55,$0.00,$0.00,$0.00,$0.00,$154.55,100
RUGGED CLAMP,,,,,,2,$160.00,$145.45,$0.00,$0.00,$0.00,$0.00,$145.45,100
tube 27.5,,,,,,2,$20.00,$18.18,$0.00,$0.00,$0.00,$0.00,$18.18,100
BATTERY END CLASSIC,,,,,,2,$99.90,$90.82,$0.00,$0.00,$0.00,$0.00,$90.82,100
Chargers / 58.8V,CHR-58.8V,,D451C5E0,Zero,Falcon PEV Pte Ltd,2,$59.50,$54.09,$59.50,$0.00,$0.00,$46.20,$7.89,14.59
MID DRIVE MANIFOLD,,,,,,2,$69.90,$63.55,$0.00,$0.00,$0.00,$0.00,$63.55,100
MONSTER MIRROR,,,,,,2,$99.90,$90.82,$0.00,$0.00,$0.00,$0.00,$90.82,100
ZERO 10 TUBE 10X2,,,,,,2,$39.90,$36.27,$0.00,$0.00,$0.00,$0.00,$36.27,100
ZERO 10X Controller / 52V 23Ah - Front,ZER-10X-CON-52V23-A,,FB31A39A,,,2,$150.00,$136.36,$105.00,$0.00,$0.00,$147.00,-$10.64,-7.8
Onguard 8284 Fastlock,,,,,,2,$49.95,$45.41,$49.95,$0.00,$0.00,$0.00,$45.41,100
tires,,,,,,2,$30.00,$27.27,$0.00,$0.00,$0.00,$0.00,$27.27,100
tubes,,,,,,2,$40.00,$36.36,$0.00,$0.00,$0.00,$0.00,$36.36,100
ZERO 10X TUBE,,,,,,2,$39.95,$36.32,$0.00,$0.00,$0.00,$0.00,$36.32,100
disc lock,,,,,,2,$100.00,$90.91,$0.00,$0.00,$0.00,$0.00,$90.91,100
horizontal frame extension,,,,,,2,$50.00,$45.45,$0.00,$0.00,$0.00,$0.00,$45.45,100
"TUBES - 26""",,,,,,2,$14.00,$12.73,$0.00,$0.00,$0.00,$0.00,$12.73,100
ECITY TYRES,,,,,,2,$31.90,$29.00,$0.00,$0.00,$0.00,$0.00,$29.00,100
ZERO 10 BRAKE PADS,,,,,,2,$45.00,$40.91,$0.00,$0.00,$0.00,$0.00,$40.91,100
Pacer 48V LED strip,,,,,,2,$0.00,$0.00,$53.90,$0.00,$0.00,$0.00,$0.00,0
ZERO 8X Solid Tyre,ZER-8X-SOL-TYR,,299444FB,,,2,$110.00,$100.00,$20.00,$0.00,$0.00,$28.46,$71.54,71.54
Service (special Price),,,,,,2,$100.00,$90.91,$0.00,$0.00,$0.00,$0.00,$90.91,100
xioami pump,,,,,,2,$170.00,$154.55,$0.00,$0.00,$0.00,$0.00,$154.55,100
ZERO 10X REAR FENDER,,,,,,2,$35.00,$31.82,$0.00,$0.00,$0.00,$0.00,$31.82,100
Battery Repair,,,,,,2,$120.00,$109.09,$0.00,$0.00,$0.00,$0.00,$109.09,100
VSETT 9+ TIRE 8.5X3,,,,,,2,$60.00,$54.55,$0.00,$0.00,$0.00,$0.00,$54.55,100
ashima brake pads,,,,,,2,$39.90,$36.27,$0.00,$0.00,$0.00,$0.00,$36.27,100
"ZERO 10X TYRE Pneumatic Range / 10 x 3"" Road (Pneumatic)",ZER-10X-TYRE-10x3-ROAD,,C376EAB6,,,2,$63.06,$57.33,$0.00,$0.00,$0.00,$29.40,$27.93,48.72
ZERO 10X Suspension Shaft / Pivot Axle,ZER-10X-SUS-SHA,,A09194B4,Zero,Falcon PEV Pte Ltd,2,$72.00,$65.45,$0.00,$0.00,$0.00,$25.20,$40.25,61.5
Azur Mini head light,,,,,,2,$140.00,$127.27,$0.00,$0.00,$0.00,$0.00,$127.27,100
SM Catalyst Fork Suspension / Black,SM-CAT-FRK-SU-BLK,,F6C19C87,Smartmotion,"Kunshan Cyclisport Co., Ltd",2,$399.00,$362.73,$0.00,$0.00,$1.00,$153.08,$209.65,57.8
SM Classic Controller 2013 4 5 6,SM-CLS-CON-2013,,437E7C6C,Smartmotion,"Kunshan Cyclisport Co., Ltd",2,$249.00,$226.36,$51.00,$0.00,$0.00,$149.90,$76.46,33.78
X-city Derailleur Hanger,,,,,,2,$29.90,$27.18,$0.00,$0.00,$0.00,$0.00,$27.18,100
KAABO CONTROLLERS,,,,,,2,$498.00,$452.73,$0.00,$0.00,$0.00,$0.00,$452.73,100
SM Disc Rotor / Magura 1800MM,SM-DISC-ROTOR-MAGURA,,B79BA977,Smartmotion,"Kunshan Cyclisport Co., Ltd",2,$26.95,$24.50,$18.85,$0.00,$0.00,$18.85,$5.65,23.06
S/M ROTOR DISC,,,,,,2,$70.00,$63.64,$0.00,$0.00,$0.00,$0.00,$63.64,100
S/M BRAKE PADS,,,,,,2,$50.00,$45.45,$0.00,$0.00,$0.00,$0.00,$45.45,100
"off road tyre, smart sams",,,,,,2,$80.00,$72.73,$0.00,$0.00,$0.00,$0.00,$72.73,100
derailluer guard,,,,,,2,$25.00,$22.73,$0.00,$0.00,$0.00,$0.00,$22.73,100
Shopify merchant fee,,,,,,2,-$57.11,-$51.92,$0.00,$0.00,$0.00,$0.00,-$51.92,100
MANIFOLD MID CITY,,,,,,2,$76.90,$69.91,$0.00,$0.00,$0.00,$0.00,$69.91,100
SM Bottom Bracket / 122x68mm 24tpi Cartridge / ECITY,SM-BB-EC-SQ12200,,8471F37B,Smartmotion,"Kunshan Cyclisport Co., Ltd",2,$53.84,$48.95,$0.00,$0.00,$0.00,$32.63,$16.31,33.33
ZERO Kickstand / ZERO 9 Kickstand,ZER-9-KICK,,18A983BB,Zero,Falcon PEV Pte Ltd,2,$36.73,$33.39,$0.00,$0.00,$0.00,$21.00,$12.39,37.11
VSETT SCREENS - WITH NFC CARDS,,,,,,2,$0.00,$0.00,$140.00,$0.00,$0.00,$0.00,$0.00,0
VSETT LCD DISPLAY,,,,,,2,$0.00,$0.00,$0.00,$0.00,$0.00,$0.00,$0.00,0
SM Skewer - Front Wheel Q/R - OEM,SM-FNT-WHL-SPIG,,6E6A6520,Smartmotion,"Kunshan Cyclisport Co., Ltd",2,$15.99,$14.54,$12.30,$0.00,$0.00,$19.75,-$5.22,-35.9
ZERO 10X Brake Caliper / Rear,ZER-10X-BRAK-CAL-REA,,A9BE1A2E,Zero,Falcon PEV Pte Ltd,2,$34.97,$31.79,$34.97,$0.00,$0.00,$31.50,$0.29,0.92
SM Chain / 112 link 8 speed / EURBAN,SM-CHN-112,,27A457BD,Smartmotion,"Kunshan Cyclisport Co., Ltd",2,$44.00,$40.00,$0.00,$0.00,$0.00,$33.84,$6.16,15.4
SAFETY BUNDLE,,,,,,2,$498.00,$452.73,$0.00,$0.00,$0.00,$0.00,$452.73,100
Shopify Merchant Fee,,,,,,2,-$99.76,-$90.69,$0.00,$0.00,$0.00,$0.00,-$90.69,100
"SMARTMOTION MID-CITY 27.5"" REAR DERAILLEUR HANGER",,,,,,2,$17.90,$16.27,$0.00,$0.00,$0.00,$17.90,-$1.63,-10
VSETT 10+ NFC DISPLAY,,,,,,2,$152.24,$138.40,$0.00,$0.00,$0.00,$0.00,$138.40,100
VSETT 10+ Single/Dual Button Switch,VS-10+-BTN-SWTCH-SNG-DUL,,3355223,VSETT,Ningbo Vsett,2,$25.52,$23.20,$25.52,$0.00,$0.00,$35.07,-$11.87,-51.16
Motor Repair,,,,,,2,$100.00,$90.91,$0.00,$0.00,$0.00,$100.00,-$9.09,-10
11X TYRE - SLICKS,,,,,,2,$71.90,$65.36,$0.00,$0.00,$0.00,$0.00,$65.36,100
VSETT 9/9+ NFC Display,VS-9/9+-NFC-DISPLAY,,7DC40FB4,VSETT,Ningbo Vsett,2,$152.24,$138.40,$0.00,$0.00,$0.00,$50.74,$87.66,63.34
BELT DRIVE KIT + FITTING,,,,,,2,$500.00,$454.55,$0.00,$0.00,$0.00,$0.00,$454.55,100
CAP FOR CHARGING PORT,,,,,,2,$9.90,$9.00,$0.00,$0.00,$0.00,$0.00,$9.00,100
Derailleur Hanger - MID CITY,,,,,,2,$17.90,$16.27,$0.00,$0.00,$0.00,$0.00,$16.27,100
SM LED Light Strip in REAR CARGO RACK STAY,,,,,,2,$0.00,$0.00,$0.00,$0.00,$0.00,$0.00,$0.00,0
VSETT 9/9+ Kickstander,VS-9/9+-KIK-STND,,200C1A41,VSETT,Ningbo Vsett,2,$38.97,$35.43,$0.00,$0.00,$0.00,$3.50,$31.93,90.12
ZERO 8 Charger,ZER-8-CHA,,BEEE7034,,,2,$130.00,$118.18,$0.00,$0.00,$0.00,$42.00,$76.18,64.46
Helmet - STATUS / Carby/Charcoal / XXL,HELMET-STATUS-C/CH-XXL,,E45E9C00,,FE Sports,2,$599.98,$545.44,$0.00,$0.00,$0.00,$479.98,$65.46,12
SM DNM Air Shock Suspension / DNM AOY-36RC,SM-DNM-AOY-36RC,,93F25AEF,Smartmotion,"Kunshan Cyclisport Co., Ltd",2,$384.62,$349.65,$0.00,$0.00,$0.00,$233.10,$116.55,33.33
Fuse,,,,,,2,$0.00,$0.09,$4.00,$0.00,$0.00,$3.00,-$2.91,-3200.33
LABOUR CHARGE,,,,,,2,$113.85,$103.50,$0.00,$0.00,$0.00,$0.00,$103.50,100
BAR RAIL,,,,,,2,$50.00,$45.45,$0.00,$0.00,$0.00,$0.00,$45.45,100
ZERO 8X Battery / 52V 18AH,ZER-8X-BATT-52V18,"LGS-19X06K0D0090, NA",E0557975,Zero,Falcon PEV Pte Ltd,2,$950.00,$863.64,$950.00,$0.00,$0.00,"$1,330.00",-$466.36,-54
Xiaomi tyre,,,,,,2,$80.00,$72.73,$0.00,$0.00,$45.00,$35.00,$37.73,51.88
VSETT  Charging port + dust cap 10+/11+,VS-CRG-PRT - 10+/11+,,34E02A99,VSETT,Ningbo Vsett,2,$26.18,$23.80,$0.00,$0.00,$0.00,$4.20,$19.60,82.35
SM Controller/Basic / Vista,SM-CONT-BASIC-VISTA,,ED771109,Smartmotion,"Kunshan Cyclisport Co., Ltd",2,$230.72,$209.75,$0.00,$0.00,$0.00,$139.84,$69.91,33.33
SM Mud Guard/Classic / eCity Rear,SM-MUD-GRD-CL-EC-R,,C09F3B0E,Smartmotion,"Kunshan Cyclisport Co., Ltd",2,$31.50,$28.64,$6.95,$0.00,$0.00,$16.50,$12.14,42.38
Smartmotion Bike Cover,,,,,,2,$0.00,$0.00,$0.00,$0.00,$0.00,$0.00,$0.00,0
ZERO Disc Rotor / 120mm Z8X,ZER-DISC-ROT-Z8X-120,,28926120,,,2,$45.90,$41.73,$0.00,$0.00,$0.00,$16.80,$24.93,59.74
COMMUNICATION CABLES,,,,,,2,$39.90,$36.27,$0.00,$0.00,$0.00,$0.00,$36.27,100
Merchant Fees,,,,,,2,-$768.05,-$698.23,$0.00,$0.00,$0.00,$0.00,-$698.23,100
coil,,,,,,2,$10.00,$9.09,$0.00,$0.00,$0.00,$0.00,$9.09,100
rear tube,,,,,,2,$0.00,$0.00,$0.00,$0.00,$0.00,$0.00,$0.00,0
VSETT  Charging port + dust cap 8/8+/9/9+,VS-CRG-PRT - 8/8+/9/9+,,09EA6EED,VSETT,Ningbo Vsett,2,$38.00,$34.55,$0.00,$0.00,$0.00,$4.20,$30.35,87.84
Lock,,,,,,2,$40.00,$36.36,$0.00,$0.00,$0.00,$0.00,$36.36,100
VSETT 10+ Front Fender,VS-10+-F-FNDR,,837EB853,VSETT,Ningbo Vsett,2,$40.46,$36.78,$0.00,$0.00,$0.00,$6.98,$29.80,81.02
Seat Post,,,,,,2,$240.00,$218.18,$0.00,$0.00,$0.00,$0.00,$218.18,100
BATTERY RETURN,,,,,,2,$0.00,$0.00,$0.00,$0.00,$0.00,$0.00,$0.00,0
SM Sport Torque Sensor Bottom bracket,SM-SPT-TORQ-SEN-BOT-BRC,,2FDFACA0,Smartmotion,"Kunshan Cyclisport Co., Ltd",2,$249.00,$226.36,$0.00,$0.00,$0.00,$99.00,$127.36,56.27
MID RANGE KICKSTAND,,,,,,2,$43.90,$39.91,$0.00,$0.00,$0.00,$0.00,$39.91,100
CLASSIC KICKSTAND,,,,,,2,$49.90,$45.36,$0.00,$0.00,$0.00,$0.00,$45.36,100
Smartmotion Pacer 250W 48V / Orange / LGE / 14.5,SMB-PACER-LGE-14.5-OR,"JL16120533, JL16120776",103DD5C0,,,2,"$4,400.00","$4,000.00",$0.00,$0.00,$0.00,"$3,076.92",$923.08,23.08
ZERO 10X Controller / 52V 23Ah - Front,ZER-10X-CON-52V23-A,,,,,2,$210.00,$190.91,$0.00,$0.00,$0.00,$84.00,$106.91,56
VSETT 10+ Rear Fender light cover,VS-10+-R-FNDR-LGHT-COVR,,07F747C0,VSETT,Ningbo Vsett,2,$46.00,$41.82,$0.00,$0.00,$0.00,$7.00,$34.82,83.26
VSETT 10+ Right rocker arm Rear,VS-10+-RIGHT-RKR-ARM-R,,E15D6438,VSETT,Ningbo Vsett,2,$173.41,$157.65,$0.00,$0.00,$0.00,$41.90,$115.75,73.42
VSETT 10+ Left Rocker Arm Rear,VS-10+-LEFT-RKR-ARM-R,,AEEDA1A2,VSETT,Ningbo Vsett,2,$173.41,$157.65,$0.00,$0.00,$0.00,$41.90,$115.75,73.42
SM E20 Battery Lock,SM-BATT-LOCK-E20,,871E1B83,,,2,$0.00,$0.00,$38.20,$0.00,$0.00,$23.10,-$23.10,0
On guard alarm lock,,,,,,2,$180.00,$163.64,$0.00,$0.00,$0.00,$0.00,$163.64,100
Smartmotion G3 ECity 24 250W 36V / Blue,SMB-G3-ECITY-24-BLUE,"J26210244, J24210015",B90F2CF0,,,2,"$3,132.91","$2,848.10",$164.89,$0.00,$0.00,"$2,398.31",$449.79,15.79
ZERO 8X Motor 52V 800W / Front,ZER-8X-MOT-FRN,"8X MOTOR, TBA",D3338FE8,Zero,Falcon PEV Pte Ltd,2,$490.00,$445.45,$0.00,$0.00,$0.00,$254.10,$191.35,42.96
SM Lighting Manifold / Julet 2pin flat edge 3-way,SM-LGHT-MAN-CL-J2PMAN3200,,A53D30A9,Smartmotion,"Kunshan Cyclisport Co., Ltd",2,$9.23,$8.39,$9.23,$0.00,$0.00,$11.19,-$2.80,-33.34
8X brake pads,,,,,,2,$49.90,$45.36,$0.00,$0.00,$0.00,$0.00,$45.36,100
ZERO 9 Front Wheel Hub,ZER-9-WHE-HUB,,263FF1C0,Zero,Falcon PEV Pte Ltd,2,$63.00,$57.27,$0.00,$0.00,$0.00,$29.40,$27.87,48.67
GUB HORN,,,,,,2,$95.00,$86.36,$0.00,$0.00,$0.00,$0.00,$86.36,100
Smartmotion Essence 250w 10.4AH / White,SMB-ESS-WH,"JL1770872, JL17070998",BD8CDBFA,Smartmotion,"Kunshan Cyclisport Co., Ltd",2,"$2,541.00","$2,310.00",$254.80,$0.00,$0.00,"$1,789.22",$520.78,22.54
VSETT 11+ Rear Fender holder (L+R),VS-11+-R-FNDR-HOLDER-L/R,,78FC3900,VSETT,Ningbo Vsett,2,$66.00,$60.00,$0.00,$0.00,$0.00,$12.30,$47.70,79.5
WIND LIGHTS,,,,,,2,$100.00,$90.91,$0.00,$0.00,$0.00,$0.00,$90.91,100
ZERO Brake Caliper / ZERO 10 Front Brake Caliper,ZER-10-BRA-CAL-FRN,,E3D113CF,Zero,Falcon PEV Pte Ltd,2,$69.94,$63.58,$0.00,$0.00,$0.00,$31.50,$32.08,50.46
90/65-6.5 Slick Tyres,,,,,,2,$120.00,$109.09,$0.00,$0.00,$0.00,$120.00,-$10.91,-10
OVERPAYMENT,,,,,,2,$380.00,$345.45,$0.00,$0.00,$0.00,$0.00,$345.45,100
labour for pole,,,,,,2,$300.00,$272.73,$0.00,$0.00,$0.00,$0.00,$272.73,100
MID CITY / XCITYT COMMS CABLE,,,,,,2,$39.90,$36.27,$0.00,$0.00,$0.00,$0.00,$36.27,100
disc rotor,,,,,,2,$30.00,$27.27,$0.00,$0.00,$0.00,$0.00,$27.27,100
SM Battery - Slimline / 36V 17.5AH STD Charge Plug,SM-BTRY-CLS-17.5-SL-STD,,B849F91F,Smartmotion,"Kunshan Cyclisport Co., Ltd",2,"$2,098.00","$1,907.27",$0.00,$0.00,$100.00,"$1,536.92",$370.35,19.42
SM  Kick Stand / Classic,SM-STND-CLS,,9DE4A650,Smartmotion,"Kunshan Cyclisport Co., Ltd",2,$38.46,$34.96,$0.00,$0.00,$0.00,$23.31,$11.65,33.33
VSETT 8/8+ T bar,VS-8/8+-TBAR,,51CC9C46,VSETT,Ningbo Vsett,2,$98.53,$89.57,$0.00,$0.00,$0.00,$55.70,$33.87,37.82
VSETT 9+ Electric Scooter / 21AH,VS-9+-21,1,3C64588F,VSETT,Ningbo Vsett,2,"$4,998.00","$4,543.64",$0.00,$0.00,$0.00,"$1,443.68","$3,099.96",68.23
VSETT 10+ Electric Scooter / 25.6AH,VS-10+-25.6-LG,,53F97EBE,VSETT,Ningbo Vsett,2,"$7,998.00","$7,270.91",$0.00,$0.00,$0.00,"$2,525.73","$4,745.18",65.26
SM Motor Core / Dapu M155 CN 36-48v / PACER/CATALYST,SM-MTR-CR-DRHAM15502,,B5B1D2FC,Smartmotion,"Kunshan Cyclisport Co., Ltd",2,$0.00,$0.00,$384.62,$0.00,$0.00,$233.10,-$233.10,0
ZERO 8X Motor 52V 800W / Rear,ZER-8X-MOT-REA,"SN, TBC",6CA76851,Zero,Falcon PEV Pte Ltd,2,$490.00,$445.45,$0.00,$0.00,$0.00,$254.10,$191.35,42.96
BATTERY UPGRADE FROM 14.5AH TO 17.5AH,,,,,,2,$200.00,$181.82,$0.00,$0.00,$0.00,$0.00,$181.82,100
BATTERY REPAIR,,,,,,2,$89.95,$81.77,$0.00,$0.00,$0.00,$0.00,$81.77,100
On Guard Mastiff Chain Lock,MASTIFF-CHN-LOCK,,67475A24,On Guard,Bikecorp,2,$138.59,$125.99,$12.36,$0.00,$0.00,$115.81,$10.18,8.08
VSETT 9+ INDICATOR WIRES L&R,,,,,,2,$9.90,$9.00,$0.00,$0.00,$0.00,$9.90,-$0.90,-10
J.0011 X2 ZERO 10 MINI SERVICE & FRONT TYRE ISSUE ON ONE,,,,,,2,$98.00,$89.09,$0.00,$0.00,$0.00,$0.00,$89.09,100
ZERO 8X REPAIR,,,,,,2,$550.00,$500.00,$0.00,$0.00,$0.00,$0.00,$500.00,100
Schwalbe Smart Sam Tyre,,,,,,2,$140.00,$127.27,$0.00,$0.00,$0.00,$0.00,$127.27,100
SM Essence Front Fork / White,SM-ESS-FNT-FRK-WH,,134FD8A2,,"Kunshan Cyclisport Co., Ltd",2,$138.00,$125.45,$0.00,$0.00,$0.00,$27.62,$97.83,77.98
ZERO Shock Bush,ZER-SHOCK-BUSH,,1288236D,Zero,Falcon PEV Pte Ltd,2,$17.73,$16.12,$3.50,$0.00,$0.00,$13.43,$2.69,16.68
Zero Safety Bundle,ZER-SAF-BUND,,4C480A2B,Zero,Falcon PEV Pte Ltd,2,$560.00,$509.09,$0.00,$0.00,$0.00,$415.80,$93.29,18.32
SM Rear rack Pacer with lights,RE-RCK-PCR-W-LGT,,35466F00,,,2,$165.00,$150.00,$165.00,$0.00,$0.00,$0.00,$150.00,100
SM Chainring / 53t 5b 130bcd Black Alloy / E20,SM-CR-E25B130350,,8DE18FEB,Smartmotion,"Kunshan Cyclisport Co., Ltd",2,$30.77,$27.97,$30.77,$0.00,$0.00,$37.30,-$9.32,-33.33
ZERO LED Light / ZERO LED light Rear,ZER-LED-LIGHT-REA,,2F1CAB59,Zero,Falcon PEV Pte Ltd,2,$15.00,$13.64,$32.76,$0.00,$0.00,$30.21,-$16.57,-121.54
ZERO 10 1000W Motor,ZER-10-MOTOR,,3F559FAC,Zero,Falcon PEV Pte Ltd,2,$637.50,$579.55,$0.00,$0.00,$0.00,$388.50,$191.05,32.96
SM Controller Sport / 48V,SM-SPORT-CONT-48V,,3258D9E5,Smartmotion,"Kunshan Cyclisport Co., Ltd",2,$209.00,$190.00,$0.00,$0.00,$0.00,$0.00,$190.00,100
AZUR OPTIC,,,,,,2,$80.00,$72.73,$0.00,$0.00,$0.00,$0.00,$72.73,100
SUNTOUR NCX SUSPENSION SEAT POSTS 31.8MM,,,,,,2,$338.00,$307.27,$0.00,$0.00,$0.00,$0.00,$307.27,100
SM Brake Lever Mechanical / Right,SM-BRK-LVR-R,,22BA1570,Smartmotion,"Kunshan Cyclisport Co., Ltd",2,$54.90,$49.91,$0.00,$0.00,$0.00,$0.00,$49.91,100
VSETT 9/9+ Left brake lever,VS-9/9+-BRK-LVR-R,,B0603705,VSETT,Ningbo Vsett,2,$27.33,$24.85,$0.00,$0.00,$0.00,$14.42,$10.43,41.96
SM Motor Core / Dapu M123 FD 24-36v / ESSENCE,SM-MTR-CR-DFHAM12301-FD,,E9DECBB2,Smartmotion,"Kunshan Cyclisport Co., Ltd",2,$384.62,$349.65,$0.00,$0.00,$0.00,$233.10,$116.55,33.33
ZERO 10X Brake Cable,ZER-10X-BRAK-HOS,,C255628F,Zero,Falcon PEV Pte Ltd,2,$39.90,$36.27,$0.00,$0.00,$0.00,$27.94,$8.33,22.97
ZERO 10X 1000W Motor / Rear,ZER-10X-MOT-REA,"LGSDDM10'50H52V1000W-60V1200W201016, TBA",394F5B63,Zero,Falcon PEV Pte Ltd,2,$671.50,$610.45,$0.00,$0.00,$0.00,$423.50,$186.95,30.63
Ecity Rear wheel with motor,,,,,,2,$550.00,$500.00,$0.00,$0.00,$0.00,$0.00,$500.00,100
VSETT 8 Controller,VS-8/8+-CONTROLLER,,F49D3290,VSETT,Ningbo Vsett,2,$0.00,$0.00,$167.76,$0.00,$0.00,$152.51,-$152.51,0
SM Front Light / Buschel / E20 STEP THRU,SM-FL-SJ2PF642V0,,D50EFB94,Smartmotion,"Kunshan Cyclisport Co., Ltd",2,$185.00,$168.18,$0.00,$0.00,$0.00,$105.98,$62.21,36.99
HONEY COMB TYRE 8.5X2,,,,,,2,$60.00,$54.55,$0.00,$0.00,$0.00,$0.00,$54.55,100
DRAGON STYLE TYRE 10X3,,,,,,2,$120.00,$109.09,$0.00,$0.00,$0.00,$0.00,$109.09,100
SERVICE,,,,,,2,$160.00,$145.45,$0.00,$0.00,$0.00,$0.00,$145.45,100
SM MID-CITY CRANK SET,,,,,,2,$101.54,$92.31,$0.00,$0.00,$0.00,$101.54,-$9.23,-10
TYRE FITTING & HUB CLEANING,,,,,,2,$120.00,$109.09,$0.00,$0.00,$0.00,$0.00,$109.09,100
KAABO TYRE VALE,,,,,,2,$20.00,$18.18,$0.00,$0.00,$0.00,$0.00,$18.18,100
Helmet - TRAJECTA w Fidlock / Intrepid / XL,HELMET-TRAJECTA-INTR-XL,,75485272,,FE Sports,2,$364.00,$330.91,$299.00,$0.00,$0.00,$480.00,-$149.09,-45.05
SM Sport Power Supply Manifold,SM-SPT-PWR-MAN,,6B8C53ED,Smartmotion,"Kunshan Cyclisport Co., Ltd",2,$53.06,$48.24,$0.00,$0.00,$0.00,$37.05,$11.18,23.19
TYRE 12 1/2 X 2 1/4,,,,,,2,$0.00,$0.00,$50.00,$0.00,$0.00,$0.00,$0.00,0
"Smartmotion Hypersonic Neo / Blue / M-18""",SM-HYPER-NEO-BLU--M-18,"G5SN210455, G5SN210551",02AB9AD7,Smartmotion,"Kunshan Cyclisport Co., Ltd",2,"$7,325.00","$6,659.09",$0.00,$0.00,$0.00,"$4,498.50","$2,160.59",32.45
FIRST SERVICE,,,,,,2,$0.00,$0.00,$99.00,$0.00,$0.00,$0.00,$0.00,0
Ecity Rear wheeel axel nut,,,,,,2,$4.00,$3.64,$0.00,$0.00,$0.00,$0.00,$3.64,100
Hypersonic wheel set Return - Credit,,,,,,2,-$99.90,-$90.82,$0.00,$0.00,$222.78,$0.00,-$90.82,100
MAGIC MILK,,,,,,2,$70.90,$64.45,$0.00,$0.00,$0.00,$0.00,$64.45,100
INSTALLATION OF THUMB THROTTLES,,,,,,2,$100.00,$90.91,$0.00,$0.00,$0.00,$0.00,$90.91,100
WARRANTY BATTERY REPAIRS,,,,,,2,$0.00,$0.00,$0.00,$0.00,$0.00,$0.00,$0.00,0
SM E20 Battery Connector / 4 Pin only,10077,,715E7528,Smartmotion,"Kunshan Cyclisport Co., Ltd",2,$5.00,$4.55,$5.00,$0.00,$0.00,$0.00,$4.55,100
ZERO Rear Fork / ZERO 9 Rear Fork,ZER-9-REA-FOR,,287E9301,Zero,Falcon PEV Pte Ltd,2,$106.15,$96.50,$0.00,$0.00,$0.00,$67.15,$29.35,30.41
ZERO 8X Controller / 52V 26Ah - Rear,ZER-8X-CON-52V26-B,,F0E69389,Zero,Falcon PEV Pte Ltd,2,$150.00,$136.36,$150.00,$0.00,$0.00,$210.00,-$73.64,-54
Helmet - STATUS - VSETT / Black / XXL,HELMET-STATUS-VSETT-BL-XXL,,052334ED,VSETT,FE Sports,2,$444.30,$403.91,$204.69,$0.00,$0.00,$359.98,$43.93,10.88
VSETT 9/9+ Right brake lever,VS-9/9+-BRK-LVR-L,,A7A3A7DE,VSETT,Ningbo Vsett,2,$22.66,$20.60,$0.00,$0.00,$0.00,$20.60,$0.00,0
SM Battery - E20 Step Thru / 36V11.6AH E20 (2019-2020),SM-BTRY-E2S36116-P,,242358EF,Smartmotion,"Kunshan Cyclisport Co., Ltd",2,$537.69,$488.81,$537.69,$0.00,$0.00,$651.75,-$162.94,-33.33
VSETT 9/9+ Front LED light (White),VS-9/9+-F-LED-LIGHT-W,,C7E7C5DF,VSETT,Ningbo Vsett,2,$8.95,$8.14,$3.25,$0.00,$5.70,$5.91,$2.23,27.38
BRAKE LEVER S/HAND,,,,,,2,$35.00,$31.82,$0.00,$0.00,$0.00,$0.00,$31.82,100
TYRE INSTALLATION,,,,,,2,$120.00,$109.09,$0.00,$0.00,$0.00,$0.00,$109.09,100
SM Battery/Part/End/Classic / Non fuse Terminal End,SM-BAT-PRT-END-CL-H-TERM,,158458,,,2,$34.15,$31.05,$34.15,$0.00,$0.00,$0.00,$31.05,100
ZERO Head Set Cup Lower (with bearing),ZER-HS-SET-LOW,,D2D4B35A,Zero,Falcon PEV Pte Ltd,2,$80.00,$72.73,$0.00,$0.00,$0.00,$61.52,$11.21,15.41
SM Classic Hand grips,SM-CLS-HND-GRP,,043A76C3,Smartmotion,"Kunshan Cyclisport Co., Ltd",2,$50.28,$45.71,$0.00,$0.00,$0.00,$0.00,$45.71,100
HYPRSONIC REAR WHEEL,,,,,,2,$0.00,$0.00,$576.30,$0.00,$0.00,$576.30,-$576.30,0
Helmet - TRAJECTA w Fidlock / Intrepid / LGE,HELMET-TRAJECTA-INTR-LGE,,E6DE0D46,,FE Sports,2,$663.00,$602.73,$0.00,$0.00,$0.00,$480.00,$122.73,20.36
CLARKS GEAR WIRE,,,,,,2,$15.00,$13.64,$0.00,$0.00,$0.00,$0.00,$13.64,100
Zero Wake Handlebar RED,ZERO-WAKE-BAR-RED,,40620C60,WAKE,Falcon PEV Pte Ltd,2,$59.98,$54.53,$0.00,$0.00,$0.00,$29.85,$24.68,45.26
ZERO Light Module / 11X,ZER-LIGHT-MOD-11X,,0AC6A45F,,Falcon PEV Pte Ltd,2,$31.94,$29.04,$0.00,$0.00,$0.00,$19.36,$9.68,33.33
ZERO 10 FIRST SERVICE,,,,,,2,$0.00,$0.00,$0.00,$0.00,$0.00,$0.00,$0.00,0
SM Hypersonic G5 Throttles,SM-HYPER G5-THROTTLE,,5DF76FB3,,,2,$49.62,$45.11,$0.00,$0.00,$0.00,$15.04,$30.07,66.66
On Guard  X Series Scooby chain lock,SCO-CHN-LCK,,2D23A6FF,On Guard,Bikecorp,2,$71.50,$65.00,$0.00,$0.00,$0.00,$50.00,$15.00,23.08
E-CITY REAR WHEEL WITH MOTOR,,,,,,2,$550.00,$500.00,$0.00,$0.00,$0.00,$550.00,-$50.00,-10
Aluminium Phone Holder,AL-PH-HOLD,,1AD45C6A,,,2,$68.31,$62.10,$3.60,$0.00,$0.00,$36.04,$26.06,41.96
VSETT 8+ Front Controller,VS-8+-CNTLR- F,,2E0BAC22,VSETT,Ningbo Vsett,2,$0.00,$0.00,$167.76,$0.00,$0.00,$152.51,-$152.51,0
ZERO Throttle LCD / 12V Power,ZER-LCD-12V,,BE273FD4,Zero,Falcon PEV Pte Ltd,2,$65.60,$59.64,$65.60,$0.00,$0.00,$84.00,-$24.36,-40.85
SM Battery - Slimline / 36V 10.4AH External Fuse,SM-BTRY-CLS-10.4-SL-ExtFuse,,D636699F,Smartmotion,"Kunshan Cyclisport Co., Ltd",2,"$1,075.38",$977.62,$0.00,$0.00,$0.00,$651.75,$325.87,33.33
ZERO Pole Locking Clip,ZER-POL-LOC-CLI,,94775B0A,Zero,Falcon PEV Pte Ltd,2,$69.22,$62.93,$0.00,$0.00,$0.00,$31.50,$31.43,49.94
SM Brake Lever / RH Hydraulic w/Sensor / MIDCITY,SM-BL-LHHTA2PM00-1,,54E79845,Smartmotion,"Kunshan Cyclisport Co., Ltd",2,$0.00,$0.00,$146.16,$0.00,$0.00,$88.58,-$88.58,0
WingLights / 360 FIXED,WING-LIGHTS-360,,D467289C,CYCL,,2,$160.00,$145.45,$0.00,$0.00,$0.00,$0.00,$145.45,100
X-CITY ON/OFF SWITCH - COLOUR,,,,,,2,$0.00,$0.00,$0.00,$0.00,$0.00,$0.00,$0.00,0
SM Mud Guard/Mid Drive / MidCity Front,SM-MUD-GRD-MID-MC-F,,76380B03,Smartmotion,"Kunshan Cyclisport Co., Ltd",2,$47.41,$43.10,$2.50,$0.00,$0.00,$38.40,$4.70,10.9
SM Light Box DC to DC converter - Pacer GT,SM-LB-MC-PGT,,37FB4C75,Smartmotion,"Kunshan Cyclisport Co., Ltd",2,$0.00,$0.00,$76.92,$0.00,$0.00,$46.62,-$46.62,0
VSETT 10+ ZOOM oil Brake / 1960mm,VS-10+-ZOOM-OIL-BRAKE-1960,,819F633A,VSETT,Ningbo Vsett,2,$190.00,$172.72,$0.00,$0.00,$0.00,$89.62,$83.10,48.11
KAABO HEADSET BEARINGS,,,,,,2,$60.00,$54.55,$0.00,$0.00,$0.00,$0.00,$54.55,100
VSETT 9+ Battery / 48V 15.6AH,VS-9+-BATTERY-48V15.6,,02729E4C,VSETT,Ningbo Vsett,2,$0.00,$33.26,$731.76,$0.00,$0.00,$665.24,-$631.97,-1900
TORQUE WASHER,,,,,,2,$9.80,$8.91,$0.00,$0.00,$4.90,$0.00,$8.91,100
VSETT 9/9+ Front shim,VS-9/9+-SHIM-F,,BF61011F,VSETT,Ningbo Vsett,2,$123.24,$112.04,$176.00,$0.00,$0.00,$235.28,-$123.24,-110
Holy Cow Chain Lube 117ml,HOL-COW-LUBE,,AE354FD9,,,2,$29.00,$26.36,$1.00,$0.00,$0.00,$0.00,$26.36,100
Zero Chargers / 60V 5A Fast Charger,ZER-CHGR-60V-FAST,,C87CF9D4,Zero,Falcon PEV Pte Ltd,2,$315.85,$287.14,$0.00,$0.00,$0.00,$218.50,$68.64,23.9
Service / Safety,10067,,EDA11128,,,2,$98.00,$89.09,$0.00,$0.00,$0.00,$0.00,$89.09,100
SM GUB Phone Holder,SM-GUB-PH-HLD,,1ACA75DB,Smartmotion,,2,$58.41,$53.10,$2.50,$0.00,$11.00,$26.08,$27.02,50.88
111 Controller Non-Series,,,,,,2,$200.00,$181.82,$0.00,$0.00,$0.00,$200.00,-$18.18,-10
SM Hypersonic Neo Wheel / Rear,SM-HYP-NEO-WHL-REAR,,3DB38638,Smartmotion,"Kunshan Cyclisport Co., Ltd",2,$0.00,$0.00,$407.00,$0.00,$0.00,$0.00,$0.00,0
headset extender,,,,,,2,$70.00,$63.64,$0.00,$0.00,$0.00,$70.00,-$6.36,-10
Blade fuse,,,,,,2,$4.00,$3.64,$2.00,$0.00,$0.00,$0.00,$3.64,100
"SM Wheelset / 26"" Rear w/DP23 Rim / ECITY/EURBAN",SM-WHL-SET-R-DP23,,BA42C9A8,Smartmotion,"Kunshan Cyclisport Co., Ltd",2,$846.16,$769.24,$0.00,$0.00,$0.00,$512.82,$256.42,33.33
ALP Drop 6.0 Gloves - Black / 3X Large,ALP-GL-DROP6.0-BK-3XL,,D5B47D29,Alpinestars,Bikesportz Imports Pty Ltd,2,$109.95,$99.95,$9.95,$0.00,$0.00,$119.90,-$19.95,-19.95
ZERO LED Light Strip Cover / No Install Z10,ZER-LIG-STR-COV-Z10,,BDFB29F4,Zero,Falcon PEV Pte Ltd,2,$24.00,$21.82,$0.00,$0.00,$0.00,$24.00,-$2.18,-10
THROTTLE 36V THUMB,,,,,,2,$99.90,$90.82,$0.00,$0.00,$0.00,$0.00,$90.82,100
ZERO 10 52V 18Ah Battery / 52V 18AH,ZER-10-BATT-52V18,"LGS21X11K26D0221H, LGS21X11K26D0212H",C9CC0406,Zero,Falcon PEV Pte Ltd,2,$950.00,$863.64,$665.00,$0.00,$0.00,$999.95,-$136.31,-15.78
PMT TYRES,,,,,,2,$580.00,$527.27,$0.00,$0.00,$0.00,$0.00,$527.27,100
AFTERSHOKZ AIR Wireless Bluetooth Headphones / Midnight Blue,AFTRSHKZ-AIR-HDPHNS-MBLUE,,6FF52F5B,,FE Sports,2,$327.10,$297.36,$16.90,$0.00,$6.00,$338.00,-$40.64,-13.67
STRATA 2 Goggle Upsol - Clear,STRATA-GOGGLE-UPSOL-CLR,,93C49410,,FE Sports,2,$131.67,$119.70,$14.63,$0.00,$0.00,$146.30,-$26.60,-22.22
Service / First,SERVICE-FIRST,,4E9EE1F8,,,2,$99.00,$90.00,$99.00,$0.00,$0.00,$0.00,$90.00,100
Krush Rapid Wash 1 Litre,KRRW1L,,C5CBBAED,KRUSH,Bikecorp,2,$37.98,$34.53,$0.00,$0.00,$0.00,$24.18,$10.35,29.97
FREEDOM/GRAVEL TYRES 27.5 X 2,,,,,,2,$40.00,$36.36,$0.00,$0.00,$0.00,$0.00,$36.36,100
Build,,,,,,2,$200.00,$181.82,$0.00,$0.00,$0.00,$0.00,$181.82,100
VSETT 10+ Brake shim,VS-10+-BRK-SHIM,,6CD9E36E,VSETT,Ningbo Vsett,2,$24.00,$21.82,$0.00,$0.00,$0.00,$17.80,$4.02,18.42
VSETT 10+ Front Cover of Board +reflector (ABS Plastic),VS-10+-F-COVR-BRD-REFL-ABS,,198F50DC,VSETT,Ningbo Vsett,2,$36.47,$33.37,$3.53,$0.00,$0.00,$31.42,$1.95,5.86
"20"" TYRE KENDA",,,,,,2,$33.00,$30.00,$0.00,$0.00,$0.00,$0.00,$30.00,100
SM Rear Wheelset / DISC w/DAPU M155 MTR / ECITY/EURB,SM-RE-WHL-SET-CLS,,A8129951,Smartmotion,"Kunshan Cyclisport Co., Ltd",2,$604.16,$549.24,$0.00,$0.00,$0.00,$366.15,$183.08,33.33
BRAKE SENSOR ECITY,,,,,,2,$36.80,$33.45,$0.00,$0.00,$0.00,$0.00,$33.45,100
SM Lock - SYR Dead Bolt System - E20 ST (2021),SM-SEC-E2S-KDL00,,326B5331,Smartmotion,"Kunshan Cyclisport Co., Ltd",2,$0.00,$0.00,$46.16,$0.00,$0.00,$27.97,-$27.97,0
Mid drive speed sensor,,,,,,2,$49.90,$45.36,$0.00,$0.00,$0.00,$49.90,-$4.54,-10
ZERO 10X Plastic Guard Pair,ZER-10X-PLA-GUA,,ECEA30A5,Zero,Falcon PEV Pte Ltd,2,$60.00,$54.55,$0.00,$0.00,$0.00,$42.00,$12.55,23
Postage,,,,,,2,$25.75,$24.25,$0.00,$0.00,$0.00,$0.00,$24.25,100
SM Saddle / Sports,SM-SAD-SE-SRVSP,,2511CBF8,Smartmotion,"Kunshan Cyclisport Co., Ltd",2,$65.00,$59.09,$50.00,$0.00,$0.00,$80.30,-$21.21,-35.9
SM TYRE 27.5 X 2,,,,,,2,$40.00,$36.36,$0.00,$0.00,$0.00,$0.00,$36.36,100
SM Inner Tubes / 27.5 X 1.9-2.1,SM-IN-27-1.9,,1.80E+04,,,2,$19.00,$17.27,$0.00,$0.00,$7.00,$7.32,$9.95,57.62
Ceramic Brake Pads / ZERO9/VSETT9,CERAMIC-BRK-PADS-Z9-V9,,ACC1FF44,,,2,$70.00,$63.64,$0.00,$0.00,$0.00,$49.00,$14.64,23
Diagnostics,WS-DIAG,,9739705A,,,2,$100.00,$90.91,$0.00,$0.00,$0.00,$0.00,$90.91,100
SM Hypersonic Neo Wheel / Front,SM-HYP-NEO-WHL-FRT,,C0DC78F2,Smartmotion,"Kunshan Cyclisport Co., Ltd",2,$0.00,$0.00,$297.00,$0.00,$0.00,$0.00,$0.00,0
"SM Wheelset / 26"" Front w/DP23 Rim / ECITY/EURBAN",SM-WHL-SET-F-DP23,,7E271B97,Smartmotion,"Kunshan Cyclisport Co., Ltd",2,$171.00,$155.45,$165.15,$0.00,$0.00,$234.73,-$79.27,-50.99
SM Rear rack Pacer with lights,RE-RCK-PCR-W-LGT,,,,,2,$370.00,$336.36,$0.00,$0.00,$20.00,$0.00,$336.36,100
MOTOR BEARING 6002,,,,,,2,$30.00,$27.27,$0.00,$0.00,$0.00,$0.00,$27.27,100
MOTOR BEARINGS 6004,,,,,,2,$40.00,$36.36,$0.00,$0.00,$0.00,$0.00,$36.36,100
ZERO 10X Front Fork,ZER-10X-FRO-FOR,,A0FA0842,Zero,Falcon PEV Pte Ltd,2,$315.00,$286.36,$0.00,$0.00,$0.00,$173.25,$113.11,39.5
Workshop - belt drive installation,,,,,,2,$103.50,$94.09,$0.00,$0.00,$0.00,$0.00,$94.09,100
FREIGHT :SMBNAT2708,,,,,,1,$65.00,$59.09,$0.00,$0.00,$0.00,$0.00,$59.09,100
FREIGHT,,,,,,1,$55.00,$50.00,$0.00,$0.00,$0.00,$0.00,$50.00,100
DELIVERED BY IAN - 02/08/2021,,,,,,1,$0.00,$0.00,$0.00,$0.00,$0.00,$0.00,$0.00,0
FREIGHT - SMBNAT2718,,,,,,1,$55.00,$50.00,$0.00,$0.00,$0.00,$0.00,$50.00,100
LABOUR FOR REPAIR TO WHEEL,,,,,,1,$89.00,$80.91,$0.00,$0.00,$0.00,$0.00,$80.91,100
COMMUNICATION CABLE CLASSIC,,,,,,1,$19.95,$18.14,$0.00,$0.00,$0.00,$0.00,$18.14,100
MANIFOLD CLASSIC,,,,,,1,$25.95,$23.59,$0.00,$0.00,$0.00,$0.00,$23.59,100
SLIMLINE DOCKING STATION SHELL - FUSED,,,,,,1,$34.95,$31.77,$0.00,$0.00,$0.00,$0.00,$31.77,100
VISTA MOTOR CORE 250W,,,,,,1,$150.00,$136.36,$0.00,$0.00,$0.00,$0.00,$136.36,100
Freight Costs / QLD Metro,10011,,FC896585,,,1,$55.00,$50.00,$0.00,$0.00,$55.00,$0.00,$50.00,100
zero 9 set and post,,,,,,1,$150.00,$136.36,$0.00,$0.00,$0.00,$0.00,$136.36,100
SM Pacer 250W 48V / Orange / Large / 17.5AH,SMB-PACER-LGE-17.5-OR,JL16120568,616C7B77,,,1,"$2,420.00","$2,200.00",$0.00,$0.00,$0.00,"$1,631.70",$568.30,25.83
FREIGHT - SMBNAT2719 in the box with the Pacer,,,,,,1,$0.00,$0.00,$0.00,$0.00,$0.00,$0.00,$0.00,0
CHARGER 84V,,,,,,1,$89.95,$81.77,$0.00,$0.00,$0.00,$0.00,$81.77,100
CHARGER 67.2V,,,,,,1,$81.02,$73.65,$0.00,$0.00,$0.00,$0.00,$73.65,100
CHARGER 58.8v,,,,,,1,$71.02,$64.56,$0.00,$0.00,$0.00,$0.00,$64.56,100
AUSTRALIA POST 0307059026749006000992,,,,,,1,$10.95,$9.95,$0.00,$0.00,$10.95,$0.00,$9.95,100
CHARGER 54.6V,,,,,,1,$71.02,$64.56,$0.00,$0.00,$0.00,$0.00,$64.56,100
FREIGHT : SMBNAT2696,,,,,,1,$0.00,$0.00,$0.00,$0.00,$0.00,$0.00,$0.00,0
WARRANTY ITEM  - MANIFOLD,,,,,,1,$0.00,$0.00,$35.95,$0.00,$0.00,$0.00,$0.00,0
WARRANTY ITEM - FRONT MUDGUARD MID DRIVE,,,,,,1,$0.00,$0.00,$35.95,$0.00,$0.00,$0.00,$0.00,0
WARRANTY BATTERY REPAIR #7199,,,,,,1,$0.00,$0.00,$129.00,$0.00,$0.00,$0.00,$0.00,0
"G4 ECITY RED 26"" 36V 15.6AH",,,,,,1,"$1,703.90","$1,549.00",$0.00,$0.00,$0.00,$0.00,"$1,549.00",100
AUSTRALIA POST TRACKING: 0307009619991006020992,,,,,,1,$0.00,$0.00,$0.00,$0.00,$0.00,$0.00,$0.00,0
WARRANTY ITEM - 11 INCH ROAD TYRE VSETT 11+,,,,,,1,$0.00,$0.00,$38.50,$0.00,$0.00,$0.00,$0.00,0
WARRANTY ITEM - 11 INCH TYRE - VSETT 11+,,,,,,1,$0.00,$0.00,$25.95,$0.00,$0.00,$0.00,$0.00,0
AUSTRALIA POST R444728014616445,,,,,,1,$9.45,$8.59,$0.00,$0.00,$0.00,$0.00,$8.59,100
AUSTRALIA EXPRESS POST,,,,,,1,$12.85,$11.68,$0.00,$0.00,$12.85,$0.00,$11.68,100
FREIGHT : AUSTRALIA POST,,,,,,1,$22.95,$20.86,$0.00,$0.00,$0.00,$0.00,$20.86,100
FRONT LIGHT AND CABLES,,,,,,1,$71.50,$65.00,$0.00,$0.00,$0.00,$0.00,$65.00,100
WARRANTY PART,,,,,,1,$0.00,$0.00,$0.00,$0.00,$0.00,$0.00,$0.00,0
SM MidCity 24 / White,SMB-MC-24-WH,SMWM2400067,,,,1,"$2,098.80","$1,908.00",$0.00,$0.00,$0.00,"$1,111.11",$796.89,41.77
VSETT 9+ DECKCOVER,,,,,,1,$45.00,$40.91,$0.00,$0.00,$0.00,$0.00,$40.91,100
VSETT 9+ B CONTROLLER,,,,,,1,$99.00,$90.00,$0.00,$0.00,$0.00,$0.00,$90.00,100
VSETT 10+ CONTROLLER,,,,,,1,$99.00,$90.00,$0.00,$0.00,$0.00,$0.00,$90.00,100
VSETT 9+ A CONTROLLER,,,,,,1,$99.00,$90.00,$0.00,$0.00,$0.00,$0.00,$90.00,100
THROTTLE REPLACEMENT,,,,,,1,$0.00,$0.00,$35.95,$0.00,$0.00,$0.00,$0.00,0
WARRANTY PART - WOODEN BOARD PACER REAR RACK,,,,,,1,$0.00,$0.00,$25.00,$0.00,$0.00,$0.00,$0.00,0
ZERO REAR SUSPENSION ZERO 10,,,,,,1,$59.50,$54.09,$0.00,$0.00,$0.00,$0.00,$54.09,100
ZERO REAR SUSPENSION - ZERO 9,,,,,,1,$55.00,$50.00,$0.00,$0.00,$0.00,$0.00,$50.00,100
ZERO CABLE FROM DISPLAY TO CONTROLLER - COMMUNICATIONS CABLE,,,,,,1,$19.95,$18.14,$0.00,$0.00,$0.00,$0.00,$18.14,100
"SM G3 ECity 250w 15.6AH / Blue 24"" Tyres",SMB-G3-ECITY-24-BLUE,JL16040615,6E8048E4,,,1,"$1,648.90","$1,499.00",$0.00,$0.00,$0.00,"$1,137.10",$361.90,24.14
ZERO KEY AND IGNITION SWITCH,,,,,,1,$55.00,$50.00,$0.00,$0.00,$0.00,$0.00,$50.00,100
WARRANTY RECALL PART - ZERO 11X HEADSTEM,,,,,,1,$0.00,$0.00,$150.00,$0.00,$0.00,$0.00,$0.00,0
RETURN OF DANIEL NAGY ZERO 10X SCOOTER - COST OF FREIGHT TO BE CHARGE,,,,,,1,$65.00,$59.09,$0.00,$0.00,$0.00,$0.00,$59.09,100
ZERO Brake Lever / Left,ZER-BRA-LEV-LEF,,,,,1,$36.00,$32.73,$0.00,$0.00,$0.00,$14.00,$18.73,57.22
ZERO IMMOBILISER,,,,,,1,$55.00,$50.00,$0.00,$0.00,$0.00,$0.00,$50.00,100
Due Date / STRICTLY 7 days from date of Invoice,Due-Date-7,,,,,1,$0.00,$0.00,$0.00,$0.00,$0.00,$0.00,$0.00,0
ZERO COMMUNICATION CABLE,,,,,,1,$17.55,$15.95,$0.00,$0.00,$0.00,$0.00,$15.95,100
ZERO KEY AND IGNOTION SWITCH,,,,,,1,$55.00,$50.00,$0.00,$0.00,$0.00,$0.00,$50.00,100
ZERO 11X THROTTLE,,,,,,1,$64.50,$58.64,$0.00,$0.00,$0.00,$0.00,$58.64,100
SM MidCity 250w 15.6AH / Black,SMB-MID-BLK,SMWM2000151,,,"Kunshan Cyclisport Co., Ltd",1,"$2,098.80","$1,908.00",$0.00,$0.00,$0.00,"$1,463.70",$444.30,23.29
ZERO 10 CONTROLLER - REPLACEMENT,,,,,,1,$0.00,$0.00,$90.00,$0.00,$0.00,$0.00,$0.00,0
36V THROTTLE - PACER,,,,,,1,$32.95,$29.95,$0.00,$0.00,$0.00,$0.00,$29.95,100
36V SPORT CONTROLLER,,,,,,1,$99.00,$90.00,$0.00,$0.00,$0.00,$0.00,$90.00,100
WARRANTY PART - XCITY REAR RACK WITH LIGHTS,,,,,,1,$0.00,$0.00,$165.00,$0.00,$0.00,$0.00,$0.00,0
36 V CHARGER - MISSING FROM XCITY BIKE ON ARRIVAL,,,,,,1,$0.00,$0.00,$90.00,$0.00,$0.00,$0.00,$0.00,0
36V 15.6AH BATTERY SLIMLINE,,,,,,1,$0.00,$0.00,$899.00,$0.00,$0.00,$0.00,$0.00,0
Jb.0698,,,,,,1,$55.00,$50.00,$0.00,$0.00,$0.00,$0.00,$50.00,100
VSETT 10+ Battery - WARRANTY PART #264,,,,,,1,$0.00,$0.00,"$1,100.00",$0.00,$0.00,$0.00,$0.00,0
Jb.0750,,,,,,1,$90.00,$81.82,$0.00,$0.00,$0.00,$0.00,$81.82,100
Kryptonite lock (evolution),,,,,,1,$100.00,$90.91,$0.00,$0.00,$0.00,$0.00,$90.91,100
Jb.0747,,,,,,1,$84.00,$76.36,$0.00,$0.00,$0.00,$0.00,$76.36,100
BATTERY SLIMLINE 15.6AH 36V,,,,,,1,$0.00,$0.00,$603.97,$0.00,$0.00,$0.00,$0.00,0
Basket,,,,,,1,$100.00,$90.91,$0.00,$0.00,$0.00,$0.00,$90.91,100
Brake cable,,,,,,1,$10.00,$9.09,$0.00,$0.00,$0.00,$0.00,$9.09,100
Battery repair,,,,,,1,$0.00,$0.00,$0.00,$0.00,$0.00,$0.00,$0.00,0
Due Date / STRICTLY 7 days from date of Invoice,Due-Date-7,,F6BCE5C4,,,1,$0.00,$0.00,$0.00,$0.00,$0.00,$0.00,$0.00,0
LIVALL BH51M SMART HELMET,,,,,,1,$159.50,$145.00,$0.00,$0.00,$0.00,$0.00,$145.00,100
SMARTMOTION FOLDING BIKE BAG,,,,,,1,$52.45,$47.68,$0.00,$0.00,$0.00,$0.00,$47.68,100
On Guard D Lock,,,,,,1,$69.95,$63.59,$0.00,$0.00,$0.00,$0.00,$63.59,100
Custom fitment,,,,,,1,$0.00,$0.00,$0.00,$0.00,$0.00,$0.00,$0.00,0
ZERO Rear Fork / ZERO 10 Rear Fork,ZER-10-REA-FOR,,AA7E602E,Zero,Falcon PEV Pte Ltd,1,$59.99,$54.54,$0.00,$0.00,$0.00,$23.33,$31.21,57.22
HYPERSONIC CONTROLLER - BAFANG,,,,,,1,$108.90,$99.00,$0.00,$0.00,$0.00,$0.00,$99.00,100
ECITY ELECTRICALS,,,,,,1,$178.85,$162.59,$0.00,$0.00,$0.00,$0.00,$162.59,100
PACER 48V MOTOR CORE,,,,,,1,$0.00,$0.00,$250.00,$0.00,$0.00,$0.00,$0.00,0
Zero 8 Split rim both sides,,,,,,1,$38.50,$35.00,$0.00,$0.00,$0.00,$0.00,$35.00,100
Mid city chainring  left right arms,,,,,,1,$49.50,$45.00,$0.00,$0.00,$0.00,$0.00,$45.00,100
zero 10X  suspension shock rear,,,,,,1,$60.50,$55.00,$0.00,$0.00,$0.00,$0.00,$55.00,100
Zero 10X suspension shocks front,,,,,,1,$60.50,$55.00,$0.00,$0.00,$0.00,$0.00,$55.00,100
Pacer Rack - No LED,,,,,,1,$110.00,$100.00,$0.00,$0.00,$0.00,$0.00,$100.00,100
Essence Controller,,,,,,1,$104.37,$94.88,$0.00,$0.00,$0.00,$0.00,$94.88,100
Zero 10 locking Pin,,,,,,1,$10.94,$9.95,$0.00,$0.00,$0.00,$0.00,$9.95,100
Cog,,,,,,1,$15.00,$13.64,$0.00,$0.00,$0.00,$0.00,$13.64,100
Chain,,,,,,1,$35.00,$31.82,$0.00,$0.00,$0.00,$0.00,$31.82,100
Job No. 0681,,,,,,1,$0.00,$0.00,$0.00,$0.00,$0.00,$0.00,$0.00,0
Warranty Claim - Steven Fox #295,,,,,,1,$0.00,$0.00,$0.00,$0.00,$0.00,$0.00,$0.00,0
"FORK 26"" RIGID RED",,,,,,1,$77.00,$70.00,$0.00,$0.00,$0.00,$0.00,$70.00,100
Brick battery,,,,,,1,$800.00,$727.27,$0.00,$0.00,$0.00,$0.00,$727.27,100
CONTROLLER ZERO 10X REAR 52V,,,,,,1,$92.40,$84.00,$0.00,$0.00,$0.00,$0.00,$84.00,100
WARRANTY PART - ZERO 10X MOTOR 52V,,,,,,1,$0.00,$0.00,$280.00,$0.00,$0.00,$0.00,$0.00,0
WARRANTY PART - ZERO 10X CONTROLLER FRONT,,,,,,1,$0.00,$0.00,$92.50,$0.00,$0.00,$0.00,$0.00,0
SUSPENSION FORKS SUPPLIED AND FITTED,,,,,,1,$200.00,$181.82,$0.00,$0.00,$0.00,$0.00,$181.82,100
WARRANTY REPAIR - ZERO 8 REPAIR - KEEPS TURNING OFF JOB CARD #0682,,,,,,1,$0.00,$0.00,$0.00,$0.00,$0.00,$0.00,$0.00,0
ZERO Battery Charger / 8/9,ZER-BATT-CGR-8/9,,,,,1,$54.50,$49.55,$0.00,$0.00,$0.00,$23.10,$26.45,53.38
THROTTLE,,,,,,1,$0.00,$0.00,$34.95,$0.00,$0.00,$0.00,$0.00,0
ECITY FRONT LIGHT,,,,,,1,$54.50,$49.55,$0.00,$0.00,$0.00,$0.00,$49.55,100
HYPERSONIC CONTROLLER - CALEB,,,,,,1,$103.85,$94.41,$0.00,$0.00,$0.00,$0.00,$94.41,100
ZERO 10X Electric Scooter / 18AH,ZERO-10X-52V18,F10X518210519005,,,,1,"$1,799.25","$1,635.68",$0.00,$0.00,$0.00,$952.00,$683.68,41.8
"SM G3 ECity 250w 15.6AH / Red 26"" Tyres",SMB-G3-ECITY-26-RED,G32621030026,,,,1,"$1,648.90","$1,499.00",$0.00,$0.00,$0.00,"$1,162.00",$337.00,22.48
SM Battery Charger / 36v 3Ah 3pin Male - GEN. BRAND,SM-BC-36V3A3PM00,,,,,1,$76.15,$69.23,$0.00,$0.00,$0.00,$46.15,$23.07,33.33
SM XCity 27.5 / Camo,SMB-XCITY-27.5-CAMO,SMWX2000033,,,,1,"$2,450.00","$2,227.27",$0.00,$0.00,$0.00,"$1,603.73",$623.54,28
SM G3 EUrban 250W 36V 15.6AH / Blue,SMB-G3-EURB-BLUE,JL17070507,,,,1,"$1,648.90","$1,499.00",$0.00,$0.00,$0.00,"$1,114.60",$384.40,25.64
SM E20 Step Thru / White,SMB-E20-ST-WH,SME20210502,,,,1,"$1,593.90","$1,449.00",$0.00,$0.00,$0.00,$925.56,$523.44,36.12
ZERO 9 Electric Scooter / 48V 13AH,ZERO-9-48V13,F9413210519061,,,,1,$974.25,$885.68,$0.00,$0.00,$0.00,$517.00,$368.68,41.63
BASIL BLACK REAR BASKET,,,,,,1,$165.00,$150.00,$0.00,$0.00,$0.00,$0.00,$150.00,100
BATTERY REPAIR - INTERNAL FUSE REPLACED,,,,,,1,$105.00,$95.45,$0.00,$0.00,$20.00,$0.00,$95.45,100
J.0714 ZERO 10 FLAT REAR & CHECK OVER,,,,,,1,$25.00,$22.73,$0.00,$0.00,$0.00,$0.00,$22.73,100
CONTROLLER ESSENCE,,,,,,1,$99.00,$90.00,$0.00,$0.00,$0.00,$0.00,$90.00,100
DISASSEMBLE TOOL ESSENCE,,,,,,1,$99.00,$90.00,$0.00,$0.00,$0.00,$0.00,$90.00,100
WHOLE FRONT WHEEL ESSENCE,,,,,,1,$250.00,$227.27,$0.00,$0.00,$0.00,$0.00,$227.27,100
Motor Core ESSENCE,,,,,,1,$198.00,$180.00,$0.00,$0.00,$0.00,$0.00,$180.00,100
GUB Phone Holder,,,,,,1,$0.00,$0.00,$49.00,$0.00,$0.00,$0.00,$0.00,0
MID DRIVE MOTOR REPAIR,,,,,,1,$0.00,$0.00,$139.00,$0.00,$0.00,$0.00,$0.00,0
SLIDE WHEEL BASE,,,,,,1,$50.00,$45.45,$0.00,$0.00,$0.00,$0.00,$45.45,100
Pacer Spoke,,,,,,1,$3.00,$2.73,$0.00,$0.00,$0.00,$3.00,-$0.27,-10
VSETT 8.5X3 TIRE,,,,,,1,$36.00,$32.73,$0.00,$0.00,$0.00,$0.00,$32.73,100
DC TO DC 12V CONVERTOR - ZERO 9 LIGHTBOX,,,,,,1,$17.50,$15.91,$0.00,$0.00,$0.00,$0.00,$15.91,100
ZERO 10X STEERING POLE,,,,,,1,$62.30,$56.64,$0.00,$0.00,$0.00,$0.00,$56.64,100
ZERO 10 REAR FENDER,,,,,,1,$25.00,$22.73,$0.00,$0.00,$0.00,$0.00,$22.73,100
WARRANTY OTEM - MID CITY SEAT,,,,,,1,$0.00,$0.00,$65.00,$0.00,$0.00,$0.00,$0.00,0
WARRANTY ITEM - E20 STEP THRU SCREEN,,,,,,1,$0.00,$0.00,$150.00,$0.00,$0.00,$0.00,$0.00,0
WARRANTY ITEM - OLD MID CITY CONTROLLER FOR BLACK AND WHITE SCREEN,,,,,,1,$0.00,$0.00,$0.00,$0.00,$0.00,$0.00,$0.00,0
PEDAL SENSOR,,,,,,1,$17.55,$15.95,$0.00,$0.00,$0.00,$0.00,$15.95,100
CLASSIC MOTOR CORE,,,,,,1,$176.00,$160.00,$0.00,$0.00,$0.00,$0.00,$160.00,100
battery slide with lock,,,,,,1,$43.94,$39.95,$0.00,$0.00,$43.94,$0.00,$39.95,100
E20 Battery top cover,,,,,,1,$0.00,$0.00,$0.00,$0.00,$0.00,$0.00,$0.00,0
8X brake caliper,,,,,,1,$35.00,$31.82,$0.00,$0.00,$0.00,$0.00,$31.82,100
Bleeding tool and pin,,,,,,1,$0.00,$0.00,$0.00,$0.00,$0.00,$0.00,$0.00,0
vsett 9+ rear caliper,,,,,,1,$34.97,$31.79,$0.00,$0.00,$0.00,$0.00,$31.79,100
Vsett 9+ kick stand,,,,,,1,$19.23,$17.48,$0.00,$0.00,$0.00,$0.00,$17.48,100
Trigger Throttle,,,,,,1,$15.95,$14.50,$0.00,$0.00,$0.00,$0.00,$14.50,100
SM Essence 250w 10.4AH / White,SMB-ESS-WH,"JL170070887, JL17070887, JL17070887",BD8CDBFA,Smartmotion,"Kunshan Cyclisport Co., Ltd",1,"$1,270.50","$1,155.00",$0.00,$0.00,$0.00,$885.32,$269.68,23.35
"SM XCITY TEAL 24"" 250W 36V 15.6AH",,,,,,1,"$2,800.00","$2,545.45",$0.00,$0.00,$0.00,$0.00,"$2,545.45",100
BOLTS FOR VSETT 10+ REAR WHEEL,,,,,,1,$5.95,$5.41,$0.00,$0.00,$0.00,$0.00,$5.41,100
ZERO 8 CHARGER 54.6V,,,,,,1,$60.16,$54.69,$0.00,$0.00,$0.00,$0.00,$54.69,100
CLASSIC SCREEN LCD,,,,,,1,$99.00,$90.00,$0.00,$0.00,$0.00,$0.00,$90.00,100
ZERO 10 MUDGUARD,,,,,,1,$18.24,$16.58,$0.00,$0.00,$0.00,$0.00,$16.58,100
WARRANTY PART - LIGHTBOX XCITY,,,,,,1,$0.00,$0.00,$65.00,$0.00,$0.00,$0.00,$0.00,0
ZERO LCD THUMB THROTTLE,,,,,,1,$59.50,$54.09,$0.00,$0.00,$0.00,$0.00,$54.09,100
BATTERY 14.5AH SPORT BATTRY 48V,,,,,,1,$603.90,$549.00,$0.00,$0.00,$0.00,$0.00,$549.00,100
WARRANTY PART MID CITY LIGHT BOX,,,,,,1,$0.00,$0.00,$65.00,$0.00,$0.00,$0.00,$0.00,0
CLASSIC MANIFOLD,,,,,,1,$34.95,$31.77,$0.00,$0.00,$0.00,$0.00,$31.77,100
"ZERO 10X TYRE Pneumatic Range / 10 x 3"" Urban Offroad",ZER-10X-TYRE-10x3-URB-OFF,,51B77BED,,Falcon PEV Pte Ltd,1,$40.00,$36.36,$0.00,$0.00,$6.22,$15.75,$20.61,56.69
LED STRIP PACER REAR RACK,,,,,,1,$0.00,$0.00,$24.95,$0.00,$0.00,$0.00,$0.00,0
MID CITY CONTROLLER - OLD STYLE BLACK AND WHITE SCREEN,,,,,,1,$0.00,$0.00,$99.00,$0.00,$0.00,$0.00,$0.00,0
Charge port,,,,,,1,$24.95,$22.68,$0.00,$0.00,$0.00,$24.95,-$2.27,-10
HYDRAULIC ZOOM BRAKE KIT,,,,,,1,$165.00,$150.00,$0.00,$0.00,$0.00,$0.00,$150.00,100
CONTROLLER 11X,,,,,,1,$179.00,$162.73,$0.00,$0.00,$0.00,$0.00,$162.73,100
MID CITY DERAILUR,,,,,,1,$0.00,$0.00,$19.95,$0.00,$0.00,$0.00,$0.00,0
ZERO 9 MOTOR CABLE,,,,,,1,$15.95,$14.50,$0.00,$0.00,$0.00,$0.00,$14.50,100
HYDRAULIC BRAKE KIT SET,,,,,,1,$165.00,$150.00,$0.00,$0.00,$0.00,$0.00,$150.00,100
BATTERY END,,,,,,1,$35.95,$32.68,$0.00,$0.00,$1.00,$0.00,$32.68,100
CONTROLLER MID CITY BLACK AND WHITE OLD STYLE,,,,,,1,$120.00,$109.09,$0.00,$0.00,$0.00,$0.00,$109.09,100
ZERO 8X CONTROLLER 26AH B REAR,,,,,,1,$120.00,$109.09,$0.00,$0.00,$0.00,$0.00,$109.09,100
ZERO 10 REAR CALLIPERS,,,,,,1,$38.95,$35.41,$0.00,$0.00,$0.00,$0.00,$35.41,100
REAR BOLTS FOR VSETT 10+,,,,,,1,$5.95,$5.41,$0.00,$0.00,$0.00,$0.00,$5.41,100
BRAKE LEVER SET ECITY,,,,,,1,$76.95,$69.95,$0.00,$0.00,$0.00,$0.00,$69.95,100
MID CITY CHAIN RING,,,,,,1,$49.50,$45.00,$0.00,$0.00,$0.00,$0.00,$45.00,100
BATTERY END REPAIR,,,,,,1,$0.00,$0.00,$55.00,$0.00,$0.00,$0.00,$0.00,0
TYRE,,,,,,1,$36.00,$32.73,$0.00,$0.00,$0.00,$0.00,$32.73,100
JOB #0716 EGLIDE SCOOTER LABOUR,,,,,,1,$65.00,$59.09,$0.00,$0.00,$0.00,$0.00,$59.09,100
ZERO 10 REPAIR WARRANTY #299,,,,,,1,$0.00,$0.00,$129.00,$0.00,$0.00,$0.00,$0.00,0
BATTERY 15.6AH SLIMLINE,,,,,,1,$0.00,$0.00,$603.97,$0.00,$0.00,$0.00,$0.00,0
DIANOSTIC KIT - MID DRIVE,,,,,,1,$0.00,$0.00,$300.00,$0.00,$0.00,$0.00,$0.00,0
DIAGNOSTIC KIT - CLASSIC/BASIC,,,,,,1,$0.00,$0.00,$250.00,$0.00,$0.00,$0.00,$0.00,0
J.0501 ZERO 9 FIRST SERVICES LOOSE HANDLE BAR,,,,,,1,$0.00,$0.00,$0.00,$0.00,$0.00,$0.00,$0.00,0
J.0499 ZERO 8X FIT NEW KEY LOCK SOLDER IN WIRING LOOM,,,,,,1,$45.00,$40.91,$0.00,$0.00,$0.00,$0.00,$40.91,100
ZERO BRAKE LIGHT,,,,,,1,$10.00,$9.09,$0.00,$0.00,$0.00,$0.00,$9.09,100
ZERO KEY LOCK BARREL,,,,,,1,$65.00,$59.09,$0.00,$0.00,$0.00,$0.00,$59.09,100
HANBLE BAR EXTENSION,,,,,,1,$25.00,$22.73,$0.00,$0.00,$0.00,$0.00,$22.73,100
J.0483 ZERO 9 F9413L201223025 ERROR 8 & LIGHTS NOT WORKING,,,,,,1,$0.00,$0.00,$0.00,$0.00,$0.00,$0.00,$0.00,0
ZERO 9 COMMS CABLE,,,,,,1,$0.00,$0.00,$0.00,$0.00,$0.00,$0.00,$0.00,0
ZERO 9 LIGHT BOX,,,,,,1,$0.00,$0.00,$0.00,$0.00,$0.00,$0.00,$0.00,0
XIAOMI PUMP,,,,,,1,$85.00,$77.27,$0.00,$0.00,$0.00,$0.00,$77.27,100
ZERO LCD DISPLAY THUMB,,,,,,1,$0.00,$0.00,$0.00,$0.00,$0.00,$0.00,$0.00,0
ZERO 9 48V-10.4A F9410210417013,,,,,,1,"$1,199.00","$1,090.00",$0.00,$0.00,$0.00,$0.00,"$1,090.00",100
HYRAULIC BRAKE FRONT AND REAR ZOOM,,,,,,1,$165.00,$150.00,$0.00,$0.00,$0.00,$0.00,$150.00,100
10 x 3 OFF ROAD TYRE,,,,,,1,$24.50,$22.27,$0.00,$0.00,$0.00,$0.00,$22.27,100
Mi Scooter Brake handle(Part ordered in),,,,,,1,$35.00,$31.82,$0.00,$0.00,$0.00,$0.00,$31.82,100
J.0509 ZERO 9 FIRST SERVICE & FLAT TIRE,,,,,,1,$35.00,$31.82,$0.00,$0.00,$0.00,$0.00,$31.82,100
ZERO 10 FRONT BRAKE HOSE INSTALLED WRONG & STEM LOOSE & REAR END LOOSE & BRAKES DISC HITTING,,,,,,1,$0.00,$0.00,$0.00,$0.00,$0.00,$0.00,$0.00,0
ZOOM FRONT HYDRAULIC HOSE/LINE,,,,,,1,$0.00,$0.00,$0.00,$0.00,$0.00,$0.00,$0.00,0
J.0505 VSETT 10+ REAR TIRE NOT ALIGNED & SPORT MODE NOT WORKING,,,,,,1,$0.00,$0.00,$0.00,$0.00,$0.00,$0.00,$0.00,0
Helmet and lock combo,,,,,,1,$0.00,$0.00,$0.00,$0.00,$0.00,$0.00,$0.00,0
ZERO 10X ROAD TIRE 10X3,,,,,,1,$45.00,$40.91,$0.00,$0.00,$0.00,$0.00,$40.91,100
SM Battery Charger / 36v 3Ah 3pin Male - GEN. BRAND,SM-BC-36V3A3PM00,,5ED8B9D9,Smartmotion,"Kunshan Cyclisport Co., Ltd",1,$100.00,$90.91,$0.00,$0.00,$1.00,$46.15,$44.76,49.23
OLD EURBAN SCREEN,,,,,,1,$150.00,$136.36,$0.00,$0.00,$0.00,$0.00,$136.36,100
VSETT 9+ REPAIR JOB CARD 0086,,,,,,1,$158.00,$143.64,$0.00,$0.00,$0.00,$0.00,$143.64,100
ZERO 9 SCOOTER REPAIR ERIDE SOLUTIONS CUSTOMER,,,,,,1,$40.00,$36.36,$0.00,$0.00,$0.00,$0.00,$36.36,100
VP components,,,,,,1,$30.00,$27.27,$0.00,$0.00,$0.00,$0.00,$27.27,100
CLASSIC FRONT LIGHT,,,,,,1,$54.95,$49.95,$0.00,$0.00,$0.00,$0.00,$49.95,100
PACER SIDE BAG,,,,,,1,$54.95,$49.95,$0.00,$0.00,$0.00,$0.00,$49.95,100
"WARRANTY ITEM #733 REAR RIM ECITY 26""",,,,,,1,$0.00,$0.00,$89.00,$0.00,$0.00,$0.00,$0.00,0
ZERO 8 REAR TIRE S/HAND,,,,,,1,$30.00,$27.27,$0.00,$0.00,$0.00,$0.00,$27.27,100
J.0511 ZERO 8 FIT TIRE TO REAR & FRONT TIRE /TUBE,,,,,,1,$70.00,$63.64,$0.00,$0.00,$0.00,$0.00,$63.64,100
Custom controller,,,,,,1,$25.00,$22.73,$0.00,$0.00,$0.00,$0.00,$22.73,100
CATALYST SCREEN CASING,,,,,,1,$19.95,$18.14,$0.00,$0.00,$0.00,$0.00,$18.14,100
XCITY DERAULUER HANGER,,,,,,1,$6.55,$5.95,$0.00,$0.00,$0.00,$0.00,$5.95,100
WARRANTY PART - PACER GT FRONT MUDGUARD,,,,,,1,$0.00,$0.00,$34.95,$0.00,$0.00,$0.00,$0.00,0
J.0514 ZERO 9 FLAT REAR & CHECK OVER,,,,,,1,$35.00,$31.82,$0.00,$0.00,$0.00,$0.00,$31.82,100
J.0473 ZERO 10X DAMAGED STEM & SMOKE COME OUT REAR,,,,,,1,$250.00,$227.27,$0.00,$0.00,$0.00,$0.00,$227.27,100
ZERO 10X LCD DISPLAY,,,,,,1,$60.00,$54.55,$0.00,$0.00,$0.00,$0.00,$54.55,100
ZERO 10X STEM,,,,,,1,$130.00,$118.18,$0.00,$0.00,$0.00,$0.00,$118.18,100
ZERO 10X Controller / 52V 18Ah - Rear,ZER-10X-CON-52V18-B,,88B1A32D,,,1,$150.00,$136.36,$0.00,$0.00,$0.00,$42.00,$94.36,69.2
fitting tube,,,,,,1,$29.00,$26.36,$0.00,$0.00,$0.00,$0.00,$26.36,100
ZERO 8 BATTERY 48V-13AMP,,,,,,1,$0.00,$0.00,$0.00,$0.00,$0.00,$0.00,$0.00,0
J.0080 ZERO 8 NO POWER WILL TURN ON BATTERY ISSUE,,,,,,1,$0.00,$0.00,$0.00,$0.00,$0.00,$0.00,$0.00,0
FREIGHT -RESIDENTAIL DELIVERY,,,,,,1,$85.00,$77.27,$0.00,$0.00,$0.00,$85.00,-$7.73,-10
ZERO 10X TIRE 10X3 OFF ROAD,,,,,,1,$45.00,$40.91,$0.00,$0.00,$0.00,$0.00,$40.91,100
ZOOM PADS 10X,,,,,,1,$19.00,$17.27,$0.00,$0.00,$0.00,$0.00,$17.27,100
ZERO Disc Rotor / 140mm Z10X,ZER-DISC-ROT-Z10X-140,,FAA08508,,,1,$24.95,$22.68,$0.00,$0.00,$0.00,$8.40,$14.28,62.97
J.0750 ZERO 9 FIT NEW BRAKE DISC,,,,,,1,$30.00,$27.27,$0.00,$0.00,$0.00,$0.00,$27.27,100
first service free,,,,,,1,$0.00,$0.00,$0.00,$0.00,$0.00,$0.00,$0.00,0
fitting of tube,,,,,,1,$29.00,$26.36,$0.00,$0.00,$0.00,$0.00,$26.36,100
first free service,,,,,,1,$0.00,$0.00,$0.00,$0.00,$0.00,$0.00,$0.00,0
Dianne E-city,,,,,,1,$0.00,$0.00,$0.00,$0.00,$0.00,$0.00,$0.00,0
J.0721 HEROS8 FLAT REAR & KAABO NOT GETTING FULL SPEED,,,,,,1,$80.00,$72.73,$0.00,$0.00,$0.00,$0.00,$72.73,100
THROTTLE LEVER & SPRING,,,,,,1,$15.00,$13.64,$0.00,$0.00,$0.00,$0.00,$13.64,100
ZERO 8 PIVOT PIN ASSY,,,,,,1,$0.00,$0.00,$15.00,$0.00,$0.00,$0.00,$0.00,0
ZERO 8 FRONT HUB SIDE,,,,,,1,$0.00,$0.00,$15.00,$0.00,$0.00,$0.00,$0.00,0
J.0084 ZERO 8 FRONT WHEEL MAKING NOISE AT 20KMS & MISSING BOLT FROM FOLDING MECH,,,,,,1,$0.00,$0.00,$0.00,$0.00,$0.00,$0.00,$0.00,0
build zero 8x,,,,,,1,$0.00,$0.00,$0.00,$0.00,$0.00,$0.00,$0.00,0
Communication cable,,,,,,1,$15.00,$13.64,$0.00,$0.00,$0.00,$0.00,$13.64,100
J.KUSH BLACK WONT TURN ON & SERVICE,,,,,,1,$85.00,$77.27,$0.00,$0.00,$0.00,$0.00,$77.27,100
IGNITION BARREL,,,,,,1,$65.00,$59.09,$0.00,$0.00,$0.00,$0.00,$59.09,100
Trike,,,,,,1,"$2,695.00","$2,450.00",$0.00,$0.00,$0.00,$0.00,"$2,450.00",100
xiamoi,,,,,,1,$85.00,$77.27,$0.00,$0.00,$0.00,$0.00,$77.27,100
MANIFOLD MID DRIVE,,,,,,1,$34.95,$31.77,$0.00,$0.00,$0.00,$0.00,$31.77,100
Controller Classic ECITY,,,,,,1,$150.00,$136.36,$0.00,$0.00,$0.00,$0.00,$136.36,100
ON/OFF BUTTON MID CITY,,,,,,1,$34.95,$31.77,$0.00,$0.00,$0.00,$0.00,$31.77,100
C500B ECITY DISPLAY,,,,,,1,$99.00,$90.00,$0.00,$0.00,$0.00,$0.00,$90.00,100
MID CITY CONTROLLER,,,,,,1,$99.00,$90.00,$0.00,$0.00,$0.00,$0.00,$90.00,100
MID DRIVE MOTOR WITH CONTROLLER,,,,,,1,$795.00,$722.73,$0.00,$0.00,$0.00,$0.00,$722.73,100
WARRANTY ITEM #241 SPORT BATTERY REPAIR,,,,,,1,$0.00,$0.00,$250.00,$0.00,$0.00,$0.00,$0.00,0
WARRANTY PART - VSETT 10+ CONTROLLER,,,,,,1,$0.00,$0.00,$180.00,$0.00,$0.00,$0.00,$0.00,0
WARRANTY PART - PIN ZERO 10X,,,,,,1,$0.00,$0.00,$10.95,$0.00,$0.00,$0.00,$0.00,0
WARRANTY ITEM #303 SLIMLINE BATTERY 15.6AH,,,,,,1,$0.00,$0.00,$899.00,$0.00,$0.00,$0.00,$0.00,0
Joanne Smith,,,,,,1,$0.00,$0.00,$0.00,$0.00,$0.00,$0.00,$0.00,0
J.0485 2X ZERO 11X SERVICE & HEADSET RECOIL,,,,,,1,$0.00,$0.00,$0.00,$0.00,$0.00,$0.00,$0.00,0
Dianne 0434952044,,,,,,1,$139.00,$126.36,$0.00,$0.00,$0.00,$0.00,$126.36,100
ALP Paragon Lite Knee Protector - Black / Small,ALP-PR-KNEE-LITE-BK-S,,2A528CCF,Alpinestars,Bikesportz Imports Pty Ltd,1,$89.95,$81.77,$10.00,$0.00,$0.00,$58.62,$23.15,28.31
zero 10 tube 10x2,,,,,,1,$19.95,$18.14,$0.00,$0.00,$0.00,$0.00,$18.14,100
FRONT MUDGUARD ECITY,,,,,,1,$35.95,$32.68,$0.00,$0.00,$0.00,$0.00,$32.68,100
KICKSTAND,,,,,,1,$29.95,$27.23,$0.00,$0.00,$0.00,$0.00,$27.23,100
CLASSIC CONTROLLER ECITY,,,,,,1,$150.00,$136.36,$0.00,$0.00,$0.00,$0.00,$136.36,100
install fob,,,,,,1,$50.00,$45.45,$0.00,$0.00,$50.00,$0.00,$45.45,100
SM Classic front forks / White,SM-CLS-FNT-FRK-WH,,A72883B7,Smartmotion,"Kunshan Cyclisport Co., Ltd",1,$92.31,$83.92,$0.00,$0.00,$0.00,$0.00,$83.92,100
ZERO External Battery Kit / 52V 23AH,ZER-EXT-BATT-52V23,,0FA328B7,Zero,Falcon PEV Pte Ltd,1,"$1,000.00",$909.09,$255.00,$0.00,$0.00,$599.66,$309.43,34.04
HORIZONTAL BAR,,,,,,1,$25.00,$22.73,$0.00,$0.00,$0.00,$0.00,$22.73,100
ZERO 10X TUBE 10X2.5,,,,,,1,$19.95,$18.14,$0.00,$0.00,$19.95,$0.00,$18.14,100
ZERO OFF ROAD 10X3,,,,,,1,$45.00,$40.91,$0.00,$0.00,$0.00,$0.00,$40.91,100
HELMET - STATUS / Carby/Charcoal / LG,HELMET-STATUS-C/CH-LG,,B5831826,,FE Sports,1,$0.00,$0.00,$299.99,$0.00,$0.00,$179.99,-$179.99,0
AZUR 1000 LIGHT,,,,,,1,$85.00,$77.27,$0.00,$0.00,$0.00,$0.00,$77.27,100
MID CITY DERAILUER HANGER,,,,,,1,$11.95,$10.86,$0.00,$0.00,$0.00,$0.00,$10.86,100
J.0009 NINEBOT CHECK HEADSET & FIT LOCKING CLIP,,,,,,1,$25.00,$22.73,$0.00,$0.00,$0.00,$0.00,$22.73,100
FIT PLASTIC SIDE PLATE TO IGNITION,,,,,,1,$25.00,$22.73,$0.00,$0.00,$0.00,$0.00,$22.73,100
J.0513 NINEBOT SN:NGND2039K3402 CHECK WIRING TO MOTOR DOWN ON POWER,,,,,,1,$0.00,$0.00,$0.00,$0.00,$0.00,$0.00,$0.00,0
J.0092 ZERO 10X F10X523L201104036 FRONT TIRE FLAT & WOBBLE IN BOTH WHEELS,,,,,,1,$0.00,$0.00,$0.00,$0.00,$0.00,$0.00,$0.00,0
ZERO 10X MOTOR HUB S/HAND,,,,,,1,$0.00,$0.00,$0.00,$0.00,$0.00,$0.00,$0.00,0
AZUR MIRROR,,,,,,1,$45.00,$40.91,$0.00,$0.00,$0.00,$0.00,$40.91,100
J.0507 ZERO 11X FREE SERVICE & HEADSET RECOIL,,,,,,1,$0.00,$0.00,$0.00,$0.00,$0.00,$0.00,$0.00,0
ZERO 11X FREE SERVICE & HEADSET RECOIL,,,,,,1,$0.00,$0.00,$0.00,$0.00,$0.00,$0.00,$0.00,0
ZERO 11X HEADSET,,,,,,1,$0.00,$0.00,$0.00,$0.00,$0.00,$0.00,$0.00,0
Sally 0412861363,,,,,,1,$0.00,$0.00,$0.00,$0.00,$0.00,$0.00,$0.00,0
Tetteh Anang 0415429217,,,,,,1,$89.00,$80.91,$15.00,$0.00,$0.00,$0.00,$80.91,100
J.0012 ZERO 10X FLAT REAR TIRE,,,,,,1,$40.00,$36.36,$0.00,$0.00,$0.00,$0.00,$36.36,100
J.0004 VSETT 10+ V10P60V6121030005 ERROR 00-06,,,,,,1,$0.00,$0.00,$0.00,$0.00,$0.00,$0.00,$0.00,0
Shimano 8sd Hub,,,,,,1,$450.00,$409.09,$0.00,$0.00,$0.00,$0.00,$409.09,100
Chain and Cog System,,,,,,1,$15.00,$13.64,$0.00,$0.00,$0.00,$0.00,$13.64,100
Labour (fixed price),,,,,,1,$150.00,$136.36,$0.00,$0.00,$0.00,$0.00,$136.36,100
Chain Tensioner,,,,,,1,$45.00,$40.91,$0.00,$0.00,$0.00,$0.00,$40.91,100
Shimano Shifter Kit,,,,,,1,$35.00,$31.82,$0.00,$0.00,$0.00,$0.00,$31.82,100
Shimano 8sp Shifter,,,,,,1,$45.00,$40.91,$0.00,$0.00,$0.00,$0.00,$40.91,100
J.0013 ZERO 9 SUPPLY TIRE/TUBE/LCD DISPLAY & CHECK SETTINGS,,,,,,1,$0.00,$0.00,$0.00,$0.00,$0.00,$0.00,$0.00,0
E20 KICKSTAND - OLD MODEL,,,,,,1,$35.95,$32.68,$0.00,$0.00,$0.00,$0.00,$32.68,100
ZERO 10X MOTOR BOLTS,,,,,,1,$10.85,$9.86,$0.00,$0.00,$0.00,$0.00,$9.86,100
MID CITY DERAILEUR HANGER,,,,,,1,$8.95,$8.14,$0.00,$0.00,$0.00,$0.00,$8.14,100
MID CITY CHAIN RING 40T,,,,,,1,$35.95,$32.68,$0.00,$0.00,$0.00,$0.00,$32.68,100
Livall BH51 smart helmet,,,,,,1,$174.30,$158.45,$74.70,$0.00,$0.00,$0.00,$158.45,100
"J,0014 FIT NEW TUBE TO RIM [ TUBE SUPPLIED ]",,,,,,1,$30.00,$27.27,$0.00,$0.00,$0.00,$0.00,$27.27,100
ZERO 10X SERVICE & THROTTLE DAMAGED & BRAKES,,,,,,1,$100.00,$90.91,$0.00,$0.00,$0.00,$0.00,$90.91,100
WORKSHOP SUPPLY BRAKE FLUID/SPRAY/GREASE,,,,,,1,$10.00,$9.09,$0.00,$0.00,$0.00,$0.00,$9.09,100
MID CITY CLOURED SCREEN,,,,,,1,$0.00,$0.00,$150.00,$0.00,$0.00,$0.00,$0.00,0
Labour (Fixed Price),,,,,,1,$150.00,$136.36,$0.00,$0.00,$0.00,$0.00,$136.36,100
ZERO 10 Front Wheel Hub,ZER-10-WHE-HUB,,FB35850D,Zero,Falcon PEV Pte Ltd,1,$35.00,$31.82,$0.00,$0.00,$0.00,$10.50,$21.32,67
CATALYST REAR WHEEL MOTOR AND RIM,,,,,,1,$280.00,$254.55,$0.00,$0.00,$0.00,$0.00,$254.55,100
XCITY CAMO 36V 15.6AH 250W,,,,,,1,"$2,975.00","$2,704.55",$0.00,$0.00,$0.00,$0.00,"$2,704.55",100
azur grip,,,,,,1,$30.00,$27.27,$0.00,$0.00,$0.00,$0.00,$27.27,100
PACER SATCHEL SIDE BAG,,,,,,1,$54.95,$49.95,$0.00,$0.00,$0.00,$0.00,$49.95,100
ZERO 8 10.4AH REPAIR,,,,,,1,$0.00,$0.00,$365.00,$0.00,$0.00,$0.00,$0.00,0
WARRANTY ITEM - FULL TEKTRO HYDRAULIC BRAKE KIT,,,,,,1,$0.00,$0.00,$250.00,$0.00,$0.00,$0.00,$0.00,0
ADJUSTABLE HEADSTEM,,,,,,1,$0.00,$0.00,$65.95,$0.00,$0.00,$0.00,$0.00,0
MID CITY DERAILER,,,,,,1,$0.00,$0.00,$35.95,$0.00,$0.00,$0.00,$0.00,0
REAR CASSETTE XCITY 9 SPEED,,,,,,1,$0.00,$0.00,$35.95,$0.00,$0.00,$0.00,$0.00,0
J.0490 ZERO10 F10518201104128 HAD HARD HIT IN FRONT END INSURANCE QUOTE,,,,,,1,$349.00,$317.27,$0.00,$0.00,$0.00,$0.00,$317.27,100
WORKSHOP SUPPLY,,,,,,1,$25.00,$22.73,$0.00,$0.00,$0.00,$0.00,$22.73,100
SM Battery end 2013 14 15,SM-BTRY-END-14-15,,0A0C50D0,,,1,$10.00,$9.09,$39.95,$0.00,$0.00,$0.00,$9.09,100
Shane Paxaen 0404091351,,,,,,1,$324.83,$295.30,$0.00,$0.00,$0.00,$0.00,$295.30,100
J.0501 ZERO 10 SERVICE & BRAKES & REAR FENDER,,,,,,1,$89.00,$80.91,$0.00,$0.00,$0.00,$0.00,$80.91,100
J.0502 ZERO 9 FLAT REAR,,,,,,1,$35.00,$31.82,$0.00,$0.00,$0.00,$0.00,$31.82,100
Pacer MTS35 27.5 RIM,,,,,,1,$49.00,$44.55,$0.00,$0.00,$49.00,$0.00,$44.55,100
mid drive cover plate,,,,,,1,$10.95,$9.95,$0.00,$0.00,$10.95,$0.00,$9.95,100
Mid Drive lock ring,,,,,,1,$5.95,$5.41,$0.00,$0.00,$5.95,$0.00,$5.41,100
Labour service,,,,,,1,$100.00,$90.91,$0.00,$0.00,$0.00,$0.00,$90.91,100
ZERO 9 48V-13AMP $1499.00,,,,,,1,$0.00,$0.00,$0.00,$0.00,$0.00,$0.00,$0.00,0
SMART MOTION CHARGER,,,,,,1,$90.00,$81.82,$0.00,$0.00,$0.00,$0.00,$81.82,100
SM G3 EUrban 250W 36V 15.6AH / Red,SMB-G3-EURB-RED,RED,D5709697,,,1,"$1,648.90","$1,499.00",$0.00,$0.00,$0.00,"$1,114.60",$384.40,25.64
honey comb,,,,,,1,$20.00,$18.18,$0.00,$0.00,$0.00,$0.00,$18.18,100
Zero Trigger Throttle and Spring,,,,,,1,$10.95,$9.95,$0.00,$0.00,$0.00,$0.00,$9.95,100
J.0509 VSETT 10+ FLAT REAR,,,,,,1,$35.00,$31.82,$0.00,$0.00,$0.00,$0.00,$31.82,100
XCITY REAR WHEEL SET,,,,,,1,$150.33,$136.66,$0.00,$0.00,$0.00,$0.00,$136.66,100
J.0503 SMART MOTION VISTA SERVICE & MISSING BOLT,,,,,,1,$89.00,$80.91,$0.00,$0.00,$0.00,$0.00,$80.91,100
WARRANTY ITEM - REAR RACK EURBAN,,,,,,1,$0.00,$0.00,$150.00,$0.00,$0.00,$0.00,$0.00,0
ZERO 10X FRONT SWING ARM,,,,,,1,$115.00,$104.55,$0.00,$0.00,$0.00,$0.00,$104.55,100
J.0507 KAABO WOLF WARRIOR SERVICE & BRAKES & SPOT LIGHT NOT WORKING,,,,,,1,$200.00,$181.82,$0.00,$0.00,$0.00,$0.00,$181.82,100
J.0506 ZERO 10X SUPPLY PIVOT BRACKET & BOLT,,,,,,1,$35.00,$31.82,$0.00,$0.00,$0.00,$0.00,$31.82,100
MID CITY MOTOR COG,,,,,,1,$0.00,$0.00,$15.95,$0.00,$0.00,$0.00,$0.00,0
ZERO 8X Front Light Cover,ZER-8X-CVR-FRT,,3349E985,Zero,Falcon PEV Pte Ltd,1,$12.60,$11.45,$0.00,$0.00,$0.00,$6.30,$5.15,45
VSETT 9+ TUBE 8.5X2,,,,,,1,$18.00,$16.36,$0.00,$0.00,$0.00,$0.00,$16.36,100
J.0510 APOLLO PHANTOM Pha215101EK BOTH MOTORS CUTTING OUT AFTER 10KMS,,,,,,1,$0.00,$0.00,$0.00,$0.00,$0.00,$0.00,$0.00,0
ZERO 10 TIRE 10X2.5,,,,,,1,$40.00,$36.36,$0.00,$0.00,$0.00,$0.00,$36.36,100
Slime,,,,,,1,$5.00,$4.55,$0.00,$0.00,$0.00,$0.00,$4.55,100
J.0511 ZERO10X FLAT REAR TIRE,,,,,,1,$8.52,$7.75,$0.00,$0.00,$0.00,$0.00,$7.75,100
ZERO 8 BRACKET BOLTS,,,,,,1,$5.00,$4.55,$0.00,$0.00,$0.00,$0.00,$4.55,100
REPLACE TYRE AND TUBE,,,,,,1,$55.00,$50.00,$0.00,$0.00,$0.00,$0.00,$50.00,100
VISTA WHEEL REPAIR - MOTOR CORE REPLACEMENT,,,,,,1,$190.00,$172.73,$0.00,$0.00,$0.00,$0.00,$172.73,100
segway tyre,,,,,,1,$20.00,$18.18,$0.00,$0.00,$0.00,$0.00,$18.18,100
segway tube,,,,,,1,$25.00,$22.73,$0.00,$0.00,$0.00,$0.00,$22.73,100
J.0512 ZERO 8 F8410200713074 CUT OUT WON'T TURN ON,,,,,,1,$0.00,$0.00,$0.00,$0.00,$0.00,$0.00,$0.00,0
ZERO 48V-13AMP BATTERY,,,,,,1,$0.00,$0.00,$0.00,$0.00,$0.00,$0.00,$0.00,0
Fiik Scooter green,,,,,,1,$500.00,$454.55,$0.00,$0.00,$0.00,$0.00,$454.55,100
J.0512 APOLLO PRO SERVICE & CHECK BRAKES & FIT REAR FENDER,,,,,,1,$89.00,$80.91,$0.00,$0.00,$0.00,$0.00,$80.91,100
FENDER,,,,,,1,$50.00,$45.45,$0.00,$0.00,$0.00,$0.00,$45.45,100
Comfort seat,,,,,,1,$40.00,$36.36,$0.00,$0.00,$0.00,$0.00,$36.36,100
SR Suntor Seat post,,,,,,1,$130.00,$118.18,$0.00,$0.00,$0.00,$0.00,$118.18,100
Catalyst Kit,,,,,,1,$200.00,$181.82,$0.00,$0.00,$200.00,$0.00,$181.82,100
Tannus Tyre Kit,,,,,,1,$100.00,$90.91,$0.00,$0.00,$0.00,$0.00,$90.91,100
17Ah Upgrade,,,,,,1,$200.00,$181.82,$0.00,$0.00,$0.00,$0.00,$181.82,100
CLASSIC SEAT,,,,,,1,$0.00,$0.00,$69.00,$0.00,$0.00,$0.00,$0.00,0
j.0517 APOLLO PRO FLAT REAR TIRE,,,,,,1,$35.00,$31.82,$0.00,$0.00,$0.00,$0.00,$31.82,100
J.0515 ZERO 8X HEADSET ISSUES & FIT NEW FRONT LIGHT & REAR LIGHT COVER & BRAKES,,,,,,1,$89.00,$80.91,$0.00,$0.00,$0.00,$0.00,$80.91,100
ZERO 8X REAR LIGHT COVER,,,,,,1,$9.00,$8.18,$0.00,$0.00,$0.00,$0.00,$8.18,100
ZERO 8X FRONT LIGHT,,,,,,1,$30.00,$27.27,$0.00,$0.00,$0.00,$0.00,$27.27,100
ZERO HEADSET BEARING,,,,,,1,$10.00,$9.09,$0.00,$0.00,$0.00,$0.00,$9.09,100
override trike,,,,,,1,$325.00,$295.45,$0.00,$0.00,$0.00,$0.00,$295.45,100
J.0518 VSETT 9+ FLAT REAR,,,,,,1,$35.00,$31.82,$0.00,$0.00,$0.00,$0.00,$31.82,100
Shopify Mechant Fee,,,,,,1,-$130.68,-$118.80,$0.00,$0.00,$0.00,$0.00,-$118.80,100
Azur - front basket,,,,,,1,$89.95,$81.77,$0.00,$0.00,$0.00,$0.00,$81.77,100
jb. 0760,,,,,,1,$0.00,$0.00,$99.00,$0.00,$99.00,$0.00,$0.00,0
Jb. 0815,,,,,,1,$0.00,$0.00,$50.00,$0.00,$0.00,$0.00,$0.00,0
ZERO 11X 11 x 3 inch Tube,ZER-11X-TUBE,,809855DB,,,1,$20.00,$18.18,$1.06,$0.00,$0.00,$8.19,$9.99,54.95
Brake lever and caliper,,,,,,1,$135.00,$122.73,$15.00,$0.00,$0.00,$0.00,$122.73,100
J.0520 ZERO 10X REPAIR IGNITION HOUSING,,,,,,1,$25.00,$22.73,$0.00,$0.00,$0.00,$0.00,$22.73,100
IGNITION HOUSING,,,,,,1,$25.00,$22.73,$0.00,$0.00,$0.00,$0.00,$22.73,100
Merchant Fee Shopify,,,,,,1,-$30.68,-$27.89,$0.00,$0.00,$0.00,$0.00,-$27.89,100
J.0521 ZERO 10X FULL SERVICE & BRAKES & RUGGED CLAMP,,,,,,1,$20.00,$18.18,$0.00,$0.00,$0.00,$0.00,$18.18,100
SCOOTER HELMET,,,,,,1,$0.00,$0.00,$89.00,$0.00,$0.00,$0.00,$0.00,0
SCOOTER LOCK,,,,,,1,$0.00,$0.00,$49.95,$0.00,$0.00,$0.00,$0.00,0
J.0519 ZERO 10X F10X523L201223006 BRAKE LEVER PULLING INTO HANDLE BAR,,,,,,1,$0.00,$0.00,$0.00,$0.00,$0.00,$0.00,$0.00,0
ZOOM BRAKE LEVER ASSMY,,,,,,1,$0.00,$0.00,$0.00,$0.00,$0.00,$0.00,$0.00,0
SM Pedal Sensor / Cadence w/DISC / ECITY/EURBAN,SM-PD-SEN-W/DISC,,EB383735,Smartmotion,"Kunshan Cyclisport Co., Ltd",1,$19.23,$17.48,$0.00,$0.00,$0.00,$11.66,$5.83,33.33
VSETT 9+ TYRE 8.5X3,,,,,,1,$25.00,$22.73,$0.00,$0.00,$0.00,$0.00,$22.73,100
VSETT 8+ CHARGER,,,,,,1,$60.00,$54.55,$0.00,$0.00,$0.00,$0.00,$54.55,100
ZERO 8 Tyre / ZERO 8 Rear Tyre,ZER-8-TYRE-REA,,3F97FFC3,,Falcon PEV Pte Ltd,1,$50.00,$45.45,$5.00,$0.00,$0.00,$19.83,$25.62,56.37
Charging Port Fitted,,,,,,1,$50.00,$45.45,$0.00,$0.00,$0.00,$0.00,$45.45,100
full 10x headset,,,,,,1,$80.00,$72.73,$0.00,$0.00,$0.00,$0.00,$72.73,100
ZERO 9 Brake Pad (pair),ZER-9-BRK-PAD,,CAD80A93,,,1,$20.00,$18.18,$4.95,$0.00,$0.00,$4.20,$13.98,76.9
ZERO 10X Dual Motor Button Switch,ZER-10X-BUT-SWI,,9D24246B,Zero,Falcon PEV Pte Ltd,1,$25.00,$22.73,$0.00,$0.00,$0.00,$5.25,$17.48,76.9
Shimano Altus Derailleur (RD-M310),,,,,,1,$35.99,$32.72,$0.00,$0.00,$0.00,$0.00,$32.72,100
J.0767 KAABO GOT WET WILL NOT TURN ON,,,,,,1,$110.00,$100.00,$0.00,$0.00,$0.00,$0.00,$100.00,100
"J,0526 NINEBOT MAX ERROR 15",,,,,,1,$35.00,$31.82,$0.00,$0.00,$0.00,$0.00,$31.82,100
Vsett 9+ Controller (A),,,,,,1,$0.00,$0.00,$0.00,$0.00,$0.00,$0.00,$0.00,0
Vsett 9+ deck,,,,,,1,$0.00,$0.00,$0.00,$0.00,$0.00,$0.00,$0.00,0
J.0104 VSETT 9 V9S52V6121030002 FRONT LIGHT NOT WORKING,,,,,,1,$0.00,$0.00,$0.00,$0.00,$0.00,$0.00,$0.00,0
SM Basic L side crank,SM-BC-LS-CRK,,2EFC70E5,Smartmotion,"Kunshan Cyclisport Co., Ltd",1,$25.00,$22.73,$5.00,$0.00,$0.00,$13.99,$8.74,38.46
ZERO 8 SUSPENSION BOLTS,,,,,,1,$10.95,$9.95,$0.00,$0.00,$0.00,$0.00,$9.95,100
Vsett 10+ battery 28Ah,,,,,,1,$0.00,$0.00,$0.00,$0.00,$0.00,$0.00,$0.00,0
GLOVES,,,,,,1,$30.00,$27.27,$0.00,$0.00,$0.00,$0.00,$27.27,100
TRIKE REAR MUDGUARD,,,,,,1,$24.95,$22.68,$0.00,$0.00,$0.00,$0.00,$22.68,100
ECITY FRONT WHEEL,,,,,,1,$175.00,$159.09,$0.00,$0.00,$0.00,$0.00,$159.09,100
"ECITY REAR WHEEL 24""",,,,,,1,$0.00,$0.00,$350.00,$0.00,$0.00,$0.00,$0.00,0
J.0522 SMART MOTION PACER SERVICE & BRAKES,,,,,,1,$100.00,$90.91,$0.00,$0.00,$0.00,$0.00,$90.91,100
Suntour Seat post,,,,,,1,$160.00,$145.45,$0.00,$0.00,$0.00,$0.00,$145.45,100
J.0529 VSETT 9+ FIRST SERVICE & FLAT REAR TIRE & BRAKES & DISC,,,,,,1,$0.00,$0.00,$0.00,$0.00,$0.00,$0.00,$0.00,0
urban wide tyre 10inch,,,,,,1,$45.00,$40.91,$0.00,$0.00,$0.00,$0.00,$40.91,100
brake pads Zoom,,,,,,1,$20.00,$18.18,$0.00,$0.00,$0.00,$0.00,$18.18,100
humm merchant fee,,,,,,1,-$345.96,-$314.51,$0.00,$0.00,$0.00,$0.00,-$314.51,100
Vsett LCD,,,,,,1,$0.00,$0.00,$0.00,$0.00,$0.00,$0.00,$0.00,0
Vsett10+ Controller,,,,,,1,$0.00,$0.00,$0.00,$0.00,$0.00,$0.00,$0.00,0
Zero 8 front wheel,,,,,,1,$55.00,$50.00,$0.00,$0.00,$0.00,$0.00,$50.00,100
vsett 9 controller,,,,,,1,$0.00,$0.00,$0.00,$0.00,$0.00,$0.00,$0.00,0
PACER GT CRANK CHAIN RING,,,,,,1,$0.00,$0.00,$55.00,$0.00,$0.00,$0.00,$0.00,0
J.0514 APOLLO PHANTOM Pha215086EK GUARDS NOT ALIGNED & DAMAGED,,,,,,1,$0.00,$0.00,$0.00,$0.00,$0.00,$0.00,$0.00,0
J.0516 APOLLO CITY CITY21230EK MOTOR MELTED & MOTOR PLAYING UP,,,,,,1,$0.00,$0.00,$0.00,$0.00,$0.00,$0.00,$0.00,0
Warranty - Brake Bleed Kit,,,,,,1,$0.00,$0.00,$15.95,$0.00,$0.00,$0.00,$0.00,0
ZERO Battery Charger / 8/9,ZER-BATT-CGR-8/9,,C59D7301,,Falcon PEV Pte Ltd,1,$99.00,$90.00,$0.00,$0.00,$0.00,$23.10,$66.90,74.33
mid city free hub,,,,,,1,$0.00,$0.00,$50.00,$0.00,$0.00,$0.00,$0.00,0
SM charging port,,,,,,1,$8.00,$7.27,$0.00,$0.00,$0.00,$0.00,$7.27,100
VSETT 9+ KICKSTAND,,,,,,1,$19.25,$17.50,$0.00,$0.00,$0.00,$0.00,$17.50,100
VSETT SCREENS - NFC CARDS,,,,,,1,$70.00,$63.64,$0.00,$0.00,$0.00,$0.00,$63.64,100
Custom repair,,,,,,1,$75.00,$68.18,$0.00,$0.00,$0.00,$0.00,$68.18,100
J.0535 ZERO 10 FLAT REAR TIRE & BRAKES & LOOSE HANDLE BAR,,,,,,1,$35.00,$31.82,$0.00,$0.00,$0.00,$0.00,$31.82,100
VSETT PADS,,,,,,1,$19.95,$18.14,$0.00,$0.00,$0.00,$0.00,$18.14,100
ZERO 8 FRONT BOLTS,,,,,,1,$5.00,$4.55,$0.00,$0.00,$0.00,$0.00,$4.55,100
J.0532 VSETT 10+ V10P60V6121030018 ERROR 8,,,,,,1,$0.00,$0.00,$0.00,$0.00,$0.00,$0.00,$0.00,0
ZERO10X TUBE,,,,,,1,$19.95,$18.14,$0.00,$0.00,$0.00,$0.00,$18.14,100
J.0530 APOLLO PHANTOM CHECK BRAKES & FIT NEW FRONT DISC & LEVER SENDOR WIRE,,,,,,1,$60.00,$54.55,$0.00,$0.00,$0.00,$0.00,$54.55,100
J.0544 VSETT 10+ FIRST SERVICE 200KMS,,,,,,1,$0.00,$0.00,$0.00,$0.00,$0.00,$0.00,$0.00,0
Shopify Merchant fee,,,,,,1,-$86.68,-$78.80,$0.00,$0.00,$0.00,$0.00,-$78.80,100
brake cable,,,,,,1,$10.00,$9.09,$0.00,$0.00,$0.00,$0.00,$9.09,100
tektro front caliper ( second hand ),,,,,,1,$25.00,$22.73,$0.00,$0.00,$0.00,$0.00,$22.73,100
j.0542 ZERO 9 FIRST SERVICE FLAT REAR TIRE,,,,,,1,$0.00,$0.00,$0.00,$0.00,$0.00,$0.00,$0.00,0
SM Pacer Suspension Forks White,PCR-SUS-FRK-W,,A4D2B293,,,1,$0.00,$0.00,$250.00,$0.00,$0.00,$250.00,-$250.00,0
J.0549 NINEBOT INSTALLED WHEEL,,,,,,1,$40.00,$36.36,$0.00,$0.00,$0.00,$0.00,$36.36,100
J.0543 VSETT 9 FIRST SERVICE & FLAT REAR TIRE,,,,,,1,$0.00,$0.00,$0.00,$0.00,$0.00,$0.00,$0.00,0
VSETT 10+ 60V - 25.6AMP V10P60V6121070054,,,,,,1,"$2,649.00","$2,408.18",$0.00,$0.00,$0.00,$0.00,"$2,408.18",100
SM Battery Charger / 36v 2Ah 2.1mm male - SM BRAND,SM-BC-36V20A2101,,8299ED8F,,,1,$90.00,$81.82,$9.00,$0.00,$0.00,$46.15,$35.66,43.59
J.0540 ZERO 10 FLAT REAR TIRE,,,,,,1,$35.00,$31.82,$0.00,$0.00,$0.00,$0.00,$31.82,100
Acera Derailleur,,,,,,1,$40.00,$36.36,$0.00,$0.00,$0.00,$0.00,$36.36,100
SM Shifter/8Speed / Shimano,SM-SHFT-8SPD-SHIM,,B98F4DEC,Smartmotion,"Kunshan Cyclisport Co., Ltd",1,$45.95,$41.77,$0.00,$0.00,$0.00,$32.17,$9.60,22.99
Battery rebuild,,,,,,1,$500.00,$454.55,$0.00,$0.00,$0.00,$0.00,$454.55,100
VSETT 10+ FIT 2X SAFETY BUNDLE,,,,,,1,$120.00,$109.09,$0.00,$0.00,$0.00,$0.00,$109.09,100
Front LED Zero,,,,,,1,$10.00,$9.09,$0.00,$0.00,$0.00,$0.00,$9.09,100
Zero 9 Front Mudguard,,,,,,1,$20.00,$18.18,$0.00,$0.00,$0.00,$0.00,$18.18,100
J.0537 VSETT 10+ V10P60V6121030030 ERROR 8 ON LCD DISPLAY,,,,,,1,$0.00,$0.00,$0.00,$0.00,$0.00,$0.00,$0.00,0
ZERO 10X TIRE 10X3 ROAR,,,,,,1,$35.00,$31.82,$0.00,$0.00,$0.00,$0.00,$31.82,100
J.0810 ZERO 10X SERVICE & FLAT REAR TIRE,,,,,,1,$100.00,$90.91,$0.00,$0.00,$0.00,$0.00,$90.91,100
BRAKES PADS,,,,,,1,$19.00,$17.27,$0.00,$0.00,$0.00,$0.00,$17.27,100
ZITTO grips,,,,,,1,$25.00,$22.73,$0.00,$0.00,$0.00,$0.00,$22.73,100
BATTERY WARRANTY REPAIR,,,,,,1,$0.00,$0.00,$109.00,$0.00,$0.00,$0.00,$0.00,0
"26"" REAR WHEEL FOR SMARTMOTIPON ESSENCE ELECTRIC BIKE",,,,,,1,$200.00,$181.82,$0.00,$0.00,$0.00,$200.00,-$18.18,-10
J.0835 MID CITY SERVICE & WHEEL COMING LOOSE & GUARD MISSING BOLT,,,,,,1,$100.00,$90.91,$0.00,$0.00,$0.00,$0.00,$90.91,100
workshop - Jobcard 0552 labour,,,,,,1,$60.00,$54.55,$0.00,$0.00,$0.00,$0.00,$54.55,100
VSETT 11+ FREE SERVICE & CHECK BRAKES & HORN,,,,,,1,$0.00,$0.00,$0.00,$0.00,$0.00,$0.00,$0.00,0
folding clip,,,,,,1,$15.00,$13.64,$0.00,$0.00,$0.00,$0.00,$13.64,100
Vavle kit,,,,,,1,$13.00,$11.82,$0.00,$0.00,$0.00,$0.00,$11.82,100
VSETT 9+ DECK,,,,,,1,$0.00,$0.00,$200.00,$0.00,$0.00,$0.00,$0.00,0
VSETT Handlebar grip (R),VS-HNDL-BAR-GRIP-R,,8F19CF39,,,1,$19.28,$17.53,$0.00,$0.00,$0.00,$6.88,$10.64,60.72
Pacer GT Trade in,,,,,,1,$0.00,$0.00,$0.00,$0.00,$0.00,$0.00,$0.00,0
11X service,,,,,,1,$0.00,$0.00,$0.00,$0.00,$0.00,$0.00,$0.00,0
10X First service,,,,,,1,$0.00,$0.00,$0.00,$0.00,$0.00,$0.00,$0.00,0
indicator wire,,,,,,1,$9.28,$8.44,$0.00,$0.00,$2.33,$0.00,$8.44,100
MOTOR REPAIR ZERO 9,,,,,,1,$0.00,$0.00,$189.00,$0.00,$0.00,$0.00,$0.00,0
J.0803 ZERO 10X FIT CHARGING PORT & RESET CONTROLLER,,,,,,1,$15.00,$13.64,$0.00,$0.00,$0.00,$0.00,$13.64,100
J.0849 VSETT 10+ FULL SERVICE & BRAKE PADS & FIT NEW HANDLE BARS,,,,,,1,$100.00,$90.91,$0.00,$0.00,$0.00,$0.00,$90.91,100
HELI-COIL M5,,,,,,1,$15.00,$13.64,$0.00,$0.00,$0.00,$0.00,$13.64,100
WAKE HANDLE BARS,,,,,,1,$49.95,$45.41,$0.00,$0.00,$0.00,$0.00,$45.41,100
ZERO 11X 72V Battery / 35AH,ZER-11X-BATT-35,LGS-20X12K29D0059S,6EDBF323,Zero,Falcon PEV Pte Ltd,1,"$2,400.00","$2,181.82",$850.00,$0.00,$0.00,"$2,275.00",-$93.18,-4.27
Ecity rear wheel set with motor,,,,,,1,$350.00,$318.18,$0.00,$0.00,$0.00,$0.00,$318.18,100
Shimano Cassette - Warranty Supply,,,,,,1,-$31.68,-$28.80,$0.00,$0.00,$0.00,$0.00,-$28.80,100
J.0839 KUSH FIT REAR TIRE SUPPLIED,,,,,,1,$50.00,$45.45,$0.00,$0.00,$0.00,$0.00,$45.45,100
BENT VALVE,,,,,,1,$8.00,$7.27,$0.00,$0.00,$0.00,$0.00,$7.27,100
Wake Handle Bar,,,,,,1,$70.00,$63.64,$0.00,$0.00,$0.00,$0.00,$63.64,100
bar attachment,,,,,,1,$25.00,$22.73,$0.00,$0.00,$0.00,$0.00,$22.73,100
Scooter Repair- Zero 9 F9413L20104030,,,,,,1,$0.00,$0.00,$0.00,$0.00,$0.00,$0.00,$0.00,0
merchant fee shopify,,,,,,1,-$27.48,-$24.98,$0.00,$0.00,$0.00,$0.00,-$24.98,100
Full service,,,,,,1,$100.00,$90.91,$0.00,$0.00,$0.00,$0.00,$90.91,100
TEKTRO HYDRAULIC BRAKE KIT,,,,,,1,$0.00,$0.00,$250.00,$0.00,$0.00,$0.00,$0.00,0
SM BIKE COVER,,,,,,1,$0.00,$0.00,$25.95,$0.00,$0.00,$0.00,$0.00,0
Charging port dust cover,,,,,,1,$0.00,$0.00,$0.00,$0.00,$0.00,$0.00,$0.00,0
TRIKE BLACK 15.6AH,,,,,,1,"$2,495.00","$2,268.18",$200.00,$0.00,$0.00,$0.00,"$2,268.18",100
True Blu tyre sealent,,,,,,1,$30.00,$27.27,$0.00,$0.00,$0.00,$0.00,$27.27,100
ZERO Main Steering Tube / ZERO 8,ZER-8-MAI-STE,,2065543E,Zero,Falcon PEV Pte Ltd,1,$34.61,$31.46,$0.00,$0.00,$0.00,$15.75,$15.71,49.94
Vsett 10+ Handlebars,,,,,,1,$110.00,$100.00,$0.00,$0.00,$0.00,$0.00,$100.00,100
VSETT 9 Charger,VS-9-CHARGER-52V,,89332ACD,VSETT,Ningbo Vsett,1,$65.00,$59.09,$0.00,$0.00,$0.00,$17.46,$41.63,70.45
SM Pedal Assist Sensor / Compact KT-V12 / E20,SM-PAS-E2SA3P00,,9B239F8E,Smartmotion,"Kunshan Cyclisport Co., Ltd",1,$0.00,$0.00,$19.23,$0.00,$0.00,$11.66,-$11.66,0
ZERO 9 MOTOR REPAIR,,,,,,1,$0.00,$0.00,$179.00,$0.00,$0.00,$0.00,$0.00,0
E20 STEP THRU SCREEN,,,,,,1,$108.90,$99.00,$0.00,$0.00,$0.00,$0.00,$99.00,100
SM Communications Manifold / Anerma / E20,SM-CL-AMAN413700,,FE25AAA3,Smartmotion,"Kunshan Cyclisport Co., Ltd",1,$45.38,$41.25,$0.00,$0.00,$0.00,$27.51,$13.75,33.33
Ecity display,,,,,,1,$169.00,$153.64,$0.00,$0.00,$0.00,$0.00,$153.64,100
ZERO 10x motor,,,,,,1,$250.00,$227.27,$0.00,$0.00,$0.00,$250.00,-$22.73,-10
ZERO 8 10.4 a/h battery repair,,,,,,1,$0.00,$0.00,$179.00,$0.00,$0.00,$179.00,-$179.00,0
FREE HUB BODY MID CITY,,,,,,1,$0.00,$0.00,$50.00,$0.00,$0.00,$0.00,$0.00,0
TRANSPORT - DAVID FRASIER,,,,,,1,$150.00,$136.36,$0.00,$0.00,$150.00,$0.00,$136.36,100
BATTERY REPAIR - 36V 14.5AH SPORT,,,,,,1,$0.00,$0.00,$159.00,$0.00,$0.00,$0.00,$0.00,0
SUSPENSION FORKS FOR PACER,,,,,,1,$0.00,$0.00,$130.00,$0.00,$0.00,$0.00,$0.00,0
lock,,,,,,1,$15.00,$13.64,$0.00,$0.00,$0.00,$0.00,$13.64,100
Wheel and Tyre combo,,,,,,1,$235.00,$213.64,$0.00,$0.00,$0.00,$0.00,$213.64,100
Fittment,,,,,,1,$35.00,$31.82,$0.00,$0.00,$0.00,$0.00,$31.82,100
SM Battery/Part/Power/Button / Push,SM-BAT-POW-BUT-PUSH,,03FBBD9D,Smartmotion,"Kunshan Cyclisport Co., Ltd",1,$18.15,$16.50,$0.00,$0.00,$0.00,$0.00,$16.50,100
ZERO 10X STEERING TUBE,,,,,,1,$89.00,$80.91,$0.00,$0.00,$0.00,$89.00,-$8.09,-10
ON/OFF BUTTON XCITY,,,,,,1,$24.95,$22.68,$0.00,$0.00,$0.00,$0.00,$22.68,100
j.0930 INOKIM THROTTLE NOT WORKING,,,,,,1,$30.00,$27.27,$0.00,$0.00,$30.00,$0.00,$27.27,100
INOKIM LCD DISPLAY,,,,,,1,$100.00,$90.91,$0.00,$0.00,$0.00,$0.00,$90.91,100
Helmet - TRAJECTA w Fidlock / Black/White,HELMET-TRAJECTA-BL/WH,,D0D73843,,FE Sports,1,$399.00,$362.73,$0.00,$0.00,$0.00,$399.00,-$36.27,-10
REAR BRAKE CABLE END ASSEMBLY,,,,,,1,$16.25,$14.77,$0.00,$0.00,$0.00,$0.00,$14.77,100
Smartmotion MidCity 24 250W 36V / Sienna,SMB-MC-24-SIENNA,SMWM2000157,93500C71,,,1,"$2,098.80","$1,908.00",$0.00,$0.00,$0.00,"$1,272.00",$636.00,33.33
Workshop job card0563,,,,,,1,$55.50,$50.45,$0.00,$0.00,$0.00,$0.00,$50.45,100
J.0931 SCOOTER FLAT TIRE,,,,,,1,$40.00,$36.36,$0.00,$0.00,$0.00,$0.00,$36.36,100
tube 8x2,,,,,,1,$20.00,$18.18,$0.00,$0.00,$0.00,$0.00,$18.18,100
MID CITY REAR WHEEL,,,,,,1,$0.00,$0.00,$250.00,$0.00,$0.00,$0.00,$0.00,0
Motor Core repair,,,,,,1,$0.00,$0.00,$180.00,$0.00,$0.00,$180.00,-$180.00,0
Custom throttle mod,,,,,,1,$0.00,$0.00,$0.00,$0.00,$0.00,$0.00,$0.00,0
APOLLO,,,,,,1,"$1,950.00","$1,772.73",$0.00,$0.00,$0.00,"$1,950.00",-$177.27,-10
Seat post,,,,,,1,$160.00,$145.45,$0.00,$0.00,$0.00,$0.00,$145.45,100
MOTOR CORE REPAIR,,,,,,1,$180.00,$163.64,$0.00,$0.00,$0.00,$0.00,$163.64,100
ZERO 10X Charger / 67.2V 21Ah/LTD,ZER-10X-CHAR-67.2,,9839CC07,,Falcon PEV Pte Ltd,1,$95.00,$86.36,$0.00,$0.00,$0.00,$31.50,$54.86,63.53
J.0932 FIT NEW TIRE TO FRONT,,,,,,1,$60.00,$54.55,$0.00,$0.00,$0.00,$0.00,$54.55,100
2 X SCREWS FOR KEY AND LOCK,,,,,,1,$0.00,$0.00,$0.00,$0.00,$0.00,$0.00,$0.00,0
segway nine bot max circuit board,,,,,,1,$130.00,$118.18,$0.00,$0.00,$0.00,$0.00,$118.18,100
Segway brake handle,,,,,,1,$25.00,$22.73,$0.00,$0.00,$0.00,$0.00,$22.73,100
J.0847 ZERO 8 DAMAGED DECK & SERVICE,,,,,,1,$150.00,$136.36,$0.00,$0.00,$0.00,$0.00,$136.36,100
J.0935 WHITE SCOOTER FIT NEW TIRE & TUBE TO FRONT,,,,,,1,$40.00,$36.36,$0.00,$0.00,$0.00,$0.00,$36.36,100
TIRE 10X2.7-6.5,,,,,,1,$30.00,$27.27,$0.00,$0.00,$0.00,$0.00,$27.27,100
TRUE BLUE TIRE SEALANT,,,,,,1,$30.00,$27.27,$0.00,$0.00,$0.00,$0.00,$27.27,100
SM Motor - Mid Drive / BAFANG,SM-MOTOR-MID-BAF,,E1BBEF64,Smartmotion,"Kunshan Cyclisport Co., Ltd",1,$0.00,$0.00,$769.23,$0.00,$0.00,$0.00,$0.00,0
ZERO 9 REPAIR,,,,,,1,$0.00,$0.00,$0.00,$0.00,$0.00,$0.00,$0.00,0
"CHAINRING MID CITY 24""",,,,,,1,$29.62,$26.93,$0.00,$0.00,$0.00,$0.00,$26.93,100
SM REARVIZ SLIM LINE Rear View Mirror,2CB2DF,,0C2B502E,,,1,$45.00,$40.91,$0.00,$0.00,$0.00,$0.00,$40.91,100
J.0833 ZERO 8X ERROR 6 UNDER THROTTLE MISSING BOLT IN STEM & CHECK OVER,,,,,,1,$0.00,$0.00,$50.00,$0.00,$0.00,$0.00,$0.00,0
Fit Steering damper,,,,,,1,$50.00,$45.45,$0.00,$0.00,$50.00,$0.00,$45.45,100
"ECITY 26"" FRONT MUDGUARD",,,,,,1,$0.00,$0.00,$35.95,$0.00,$0.00,$0.00,$0.00,0
PACER GT BELGT DRIVE SYSTEM FITTED,,,,,,1,$200.00,$181.82,$0.00,$0.00,$0.00,$0.00,$181.82,100
E20 STEP THRU BATTERY REPAIR,,,,,,1,$0.00,$0.00,$0.00,$0.00,$0.00,$0.00,$0.00,0
Monster Pro,,,,,,1,$75.00,$68.18,$0.00,$0.00,$75.00,$0.00,$68.18,100
e-bike throttle,,,,,,1,$49.95,$45.41,$0.00,$0.00,$0.00,$0.00,$45.41,100
10X steering tube,,,,,,1,$62.30,$56.64,$0.00,$0.00,$0.00,$0.00,$56.64,100
ZERO Steering Tube Collar,ZER-ST-TUB-COL,,E5F623A8,Zero,Falcon PEV Pte Ltd,1,$18.07,$16.43,$0.00,$0.00,$0.00,$8.54,$7.89,48.01
ZERO Rear Suspension Bracket,ZER-REA-SUS-BRA,,C0A57083,Zero,Falcon PEV Pte Ltd,1,$28.00,$25.45,$0.00,$0.00,$0.00,$12.60,$12.85,50.5
8X / 10X brake  Kit,,,,,,1,$90.00,$81.82,$0.00,$0.00,$0.00,$0.00,$81.82,100
48V single pin charger,,,,,,1,$74.00,$67.27,$10.00,$0.00,$0.00,$0.00,$67.27,100
ZERO 8X Kickstand,ZER-8X-KIC,,E4EA4A99,Zero,Falcon PEV Pte Ltd,1,$17.50,$15.91,$0.00,$0.00,$0.00,$8.40,$7.51,47.2
Mid City Rim 27.5  Silver,,,,,,1,$40.00,$36.36,$0.00,$0.00,$0.00,$0.00,$36.36,100
ZERO 9 Front Fender,ZER-9-FRO-MUD,,48DA5DF3,Zero,Falcon PEV Pte Ltd,1,$12.60,$11.45,$0.00,$0.00,$0.00,$4.20,$7.25,63.33
8X Handlebar,,,,,,1,$55.00,$50.00,$0.00,$0.00,$0.00,$0.00,$50.00,100
Merchant Fee- Humm,,,,,,1,-$406.89,-$369.90,$0.00,$0.00,$0.00,$0.00,-$369.90,100
ZERO 8 WON'T TURN ON,,,,,,1,$35.00,$31.82,$0.00,$0.00,$0.00,$0.00,$31.82,100
Tyre fitment,,,,,,1,$25.00,$22.73,$0.00,$0.00,$0.00,$0.00,$22.73,100
First Sevice,,,,,,1,$0.00,$0.00,$100.00,$0.00,$0.00,$0.00,$0.00,0
DERAILLEUR HANGER,,,,,,1,$24.95,$22.68,$0.00,$0.00,$0.00,$0.00,$22.68,100
SM Pedal Assist Sensor / Compact P12L / E20 Original,SM-PAS-E2CR3PM01,,AB631028,Smartmotion,"Kunshan Cyclisport Co., Ltd",1,$19.23,$17.48,$0.00,$0.00,$0.00,$11.66,$5.83,33.33
No Power,,,,,,1,$0.00,$0.00,$0.00,$0.00,$0.00,$0.00,$0.00,0
CAP Battery,,,,,,1,$399.00,$362.73,$0.00,$0.00,$0.00,$0.00,$362.73,100
Check Tyre,,,,,,1,$0.00,$0.00,$0.00,$0.00,$0.00,$0.00,$0.00,0
Check Throttle,,,,,,1,$25.00,$22.73,$0.00,$0.00,$25.00,$0.00,$22.73,100
outer brake cable,,,,,,1,$5.00,$4.55,$0.00,$0.00,$0.00,$0.00,$4.55,100
BATTERY REPAIR 15.6AH SLIMLINE,,,,,,1,$0.00,$0.00,$0.00,$0.00,$0.00,$0.00,$0.00,0
Test Zero 10x 60V,,,,,,1,$0.00,$0.00,$0.00,$0.00,$0.00,$0.00,$0.00,0
Tube 200x50,,,,,,1,$10.00,$9.09,$0.00,$0.00,$10.00,$0.00,$9.09,100
Tyre 200x50,,,,,,1,$25.00,$22.73,$0.00,$0.00,$25.00,$0.00,$22.73,100
Zero 8X 26Ah,,,,,,1,"$1,800.00","$1,636.36",$0.00,$0.00,"$1,800.00",$0.00,"$1,636.36",100
Zero 10X 23Ah,,,,,,1,"$2,200.00","$2,000.00",$0.00,$0.00,"$2,200.00",$0.00,"$2,000.00",100
Light,,,,,,1,$30.00,$27.27,$0.00,$0.00,$0.00,$0.00,$27.27,100
wing light,,,,,,1,$59.00,$53.64,$0.00,$0.00,$0.00,$0.00,$53.64,100
check back brake,,,,,,1,$20.00,$18.18,$0.00,$0.00,$20.00,$0.00,$18.18,100
"check charger port, ones not charing",,,,,,1,$20.00,$18.18,$0.00,$0.00,$20.00,$0.00,$18.18,100
2 tyres and tubes,,,,,,1,$70.00,$63.64,$0.00,$0.00,$70.00,$0.00,$63.64,100
MTB Handle Bar,,,,,,1,$60.00,$54.55,$0.00,$0.00,$0.00,$0.00,$54.55,100
tony forrest. invoice RES: 5029,,,,,,1,"$2,698.00","$2,452.73",$0.00,$0.00,$0.00,$0.00,"$2,452.73",100
catalyst forks,,,,,,1,$250.00,$227.27,$0.00,$0.00,$0.00,$0.00,$227.27,100
BMS replaced uder warranty,,,,,,1,$0.00,$0.00,$0.00,$0.00,$0.00,$0.00,$0.00,0
SM Disc Rotor / Tektro 180MM,SM-DISC-ROTOR-TEKTRO,,7B524417,Smartmotion,"Kunshan Cyclisport Co., Ltd",1,$18.85,$17.14,$0.00,$0.00,$0.00,$0.00,$17.14,100
warranty headstem replacement,,,,,,1,$0.00,$0.00,$0.00,$0.00,$0.00,$0.00,$0.00,0
ZERO 10X 52V-24A S:#F10X523L210805035,,,,,,1,$0.00,$0.00,$0.00,$0.00,$0.00,$0.00,$0.00,0
PHONR HOLDER,,,,,,1,$25.00,$22.73,$0.00,$0.00,$0.00,$0.00,$22.73,100
ZERO 10X / ZERO 9 FIRST SERVICE,,,,,,1,$0.00,$0.00,$0.00,$0.00,$0.00,$0.00,$0.00,0
2X ZERO 10 FLAT REAR TIRES & CHECK OVER,,,,,,1,$60.00,$54.55,$0.00,$0.00,$0.00,$0.00,$54.55,100
FIT NEW CHARGING PORT,,,,,,1,$30.05,$27.32,$0.00,$0.00,$0.00,$0.00,$27.32,100
Kick Stand,,,,,,1,$25.00,$22.73,$0.00,$0.00,$25.00,$0.00,$22.73,100
Fix Folding Mech,,,,,,1,$25.00,$22.73,$0.00,$0.00,$25.00,$0.00,$22.73,100
ZERO 11X HEADSTEM,,,,,,1,$0.00,$0.00,$0.00,$0.00,$0.00,$0.00,$0.00,0
ZERO Brake Lever / Right,ZER-BRA-LEV-RIG,,BFBF41F8,Zero,Falcon PEV Pte Ltd,1,$28.97,$26.34,$0.00,$0.00,$8.00,$12.60,$13.74,52.16
Serevice,,,,,,1,$89.00,$80.91,$0.00,$0.00,$89.00,$0.00,$80.91,100
E20 front forks,,,,,,1,$0.00,$0.00,$100.00,$0.00,$0.00,$100.00,-$100.00,0
SM Handlebar / 31.6mm Comfort - Alloy / MID/XCITY,SM-HB-XC31666000,,366A2808,Smartmotion,"Kunshan Cyclisport Co., Ltd",1,$30.00,$27.27,$0.00,$0.00,$0.00,$18.18,$9.09,33.33
ZERO Rear Brake hose / ZERO 9,ZER-9-BRA-HOS,,3381026E,Zero,Falcon PEV Pte Ltd,1,$5.25,$4.77,$0.00,$0.00,$0.00,$2.10,$2.67,56
SMART MOTION E20 BATTERY ISSUES WONT TURN ON,,,,,,1,$0.00,$0.00,$0.00,$0.00,$0.00,$0.00,$0.00,0
DRAGON GTS LCD DAMAGED & FRONT LIGHT DAMAGED & SERVICE,,,,,,1,$0.00,$0.00,$0.00,$0.00,$0.00,$0.00,$0.00,0
KUSH CUTTING OUT UND CHECK BATTERY & BMSER LOAD,,,,,,1,$0.00,$0.00,$0.00,$0.00,$0.00,$0.00,$0.00,0
battery not working,,,,,,1,$0.00,$0.00,$0.00,$0.00,$0.00,$0.00,$0.00,0
MI SCOOTER ERROR CODES,,,,,,1,$40.00,$36.36,$0.00,$0.00,$0.00,$0.00,$36.36,100
Thottle cutting out while riding,,,,,,1,$0.00,$0.00,$0.00,$0.00,$0.00,$0.00,$0.00,0
REPLACEMENT BELT DRIVE KIT - GATES,,,,,,1,$0.00,$0.00,$300.00,$0.00,$0.00,$0.00,$0.00,0
FOLDING PIN ZERO 10,,,,,,1,$24.95,$22.68,$0.00,$0.00,$0.00,$0.00,$22.68,100
SR Suntour Seat Post,,,,,,1,$120.00,$109.09,$29.00,$0.00,$0.00,$0.00,$109.09,100
Ninebot front stem,,,,,,1,$75.00,$68.18,$0.00,$0.00,$0.00,$75.00,-$6.82,-10
Suspension forks,,,,,,1,$0.00,$0.00,$0.00,$0.00,$0.00,$0.00,$0.00,0
play in bottom bracket,,,,,,1,$25.00,$22.73,$0.00,$0.00,$25.00,$0.00,$22.73,100
Brake Lever,,,,,,1,$49.95,$45.41,$0.00,$0.00,$0.00,$49.95,-$4.54,-10
Rear Guard,,,,,,1,$15.00,$13.64,$0.00,$0.00,$0.00,$15.00,-$1.36,-10
Controller,,,,,,1,$250.00,$227.27,$0.00,$0.00,$0.00,$250.00,-$22.73,-10
VSETT 9 9+10+ The horn switch,VS-10+-HORN-SWTCH,,60ECBD42,VSETT,Ningbo Vsett,1,$22.95,$20.86,$0.00,$0.00,$0.00,$7.65,$13.21,63.33
ROOKIE PRO KNEE PADS,,,,,,1,$50.00,$45.45,$0.00,$0.00,$0.00,$0.00,$45.45,100
ALP Paragon Plus Elbow Protector - BLK / XXL,ALP-PR-ELBW-PLUS-BK-XXL,,BFF39E9C,Alpinestars,Bikesportz Imports Pty Ltd,1,$79.95,$72.68,$0.00,$0.00,$0.00,$0.00,$72.68,100
ZERO 9 Front Block,ZER-9-FRO-BLK,,F3B002ED,Zero,Falcon PEV Pte Ltd,1,$35.00,$31.82,$0.00,$0.00,$0.00,$24.50,$7.32,23
XIOAMI DAMAGED THROTTLE & CHECK OVER,,,,,,1,$75.00,$68.18,$0.00,$0.00,$0.00,$0.00,$68.18,100
XIOAMI GOOD S/HAND THROTTLE,,,,,,1,$25.00,$22.73,$0.00,$0.00,$0.00,$0.00,$22.73,100
AZUR LIGHT 1000L,,,,,,1,$49.95,$45.41,$0.00,$0.00,$0.00,$0.00,$45.41,100
Smartmotion 36V single Pin charger,,,,,,1,$99.00,$90.00,$0.00,$0.00,$0.00,$0.00,$90.00,100
ZERO 10X / ZERO 11X FIRST SERVICE,,,,,,1,$0.00,$0.00,$0.00,$0.00,$0.00,$0.00,$0.00,0
APOLLO PHANTOM REPAIR FOLDING UNIT & FLAT REAR TIRE,,,,,,1,$47.50,$43.18,$0.00,$0.00,$0.00,$0.00,$43.18,100
zero lighting box,,,,,,1,$30.00,$27.27,$0.00,$0.00,$0.00,$0.00,$27.27,100
labour front tannis,,,,,,1,$25.00,$22.73,$0.00,$0.00,$0.00,$0.00,$22.73,100
catalyst tube (front),,,,,,1,$20.00,$18.18,$0.00,$0.00,$0.00,$0.00,$18.18,100
smart sam tyre (rear),,,,,,1,$50.00,$45.45,$0.00,$0.00,$0.00,$0.00,$45.45,100
Freehub body,,,,,,1,$0.00,$0.00,$0.00,$0.00,$0.00,$0.00,$0.00,0
J.0523 NANROBOT THROTTLE WONT WORK & FIT NEW ZOOM BRAKE KIT,,,,,,1,$200.00,$181.82,$0.00,$0.00,$0.00,$0.00,$181.82,100
ON/OFF SWITCH CATALYST,,,,,,1,$29.95,$27.23,$0.00,$0.00,$0.00,$0.00,$27.23,100
J.0884 ZERO10 SERVICE & CHECK FRONT TIRE,,,,,,1,$80.00,$72.73,$0.00,$0.00,$0.00,$0.00,$72.73,100
PEDAL ASSIST SENSOR P14L,,,,,,1,$19.23,$17.48,$0.00,$0.00,$0.00,$0.00,$17.48,100
MOTOR CABLE,,,,,,1,$0.00,$0.00,$19.95,$0.00,$0.00,$0.00,$0.00,0
FRONT WHEEL SPACER KIT ZERO 9,,,,,,1,$15.95,$14.50,$0.00,$0.00,$0.00,$0.00,$14.50,100
VSETT 9/9+ Rear Fender,VS-9/9+-R-FNDR,,71A4196A,VSETT,Ningbo Vsett,1,$10.47,$9.52,$0.00,$0.00,$0.00,$2.79,$6.73,70.69
VSETT 9/9+ Front Fender,VS-9/9+-F-FNDR,,DC7BBC37,VSETT,Ningbo Vsett,1,$10.47,$9.52,$0.00,$0.00,$0.00,$2.79,$6.73,70.69
catalyst on off switch,,,,,,1,$0.00,$0.00,$0.00,$0.00,$0.00,$0.00,$0.00,0
Pedal assist sensor cable,,,,,,1,$0.00,$0.00,$0.00,$0.00,$0.00,$0.00,$0.00,0
Motor cable,,,,,,1,$0.00,$0.00,$19.95,$0.00,$0.00,$0.00,$0.00,0
catalyst pedal assist sensor,,,,,,1,$0.00,$0.00,$19.95,$0.00,$0.00,$0.00,$0.00,0
Catalyst display,,,,,,1,$0.00,$0.00,$99.00,$0.00,$0.00,$0.00,$0.00,0
J.0314 DRAGON GTS SERVICE & FIT NEW HEAD LIGHT & LCD DISPLAY,,,,,,1,$85.00,$77.27,$0.00,$0.00,$0.00,$0.00,$77.27,100
DRAGON GTS LCD DISPLAY,,,,,,1,$85.00,$77.27,$0.00,$0.00,$0.00,$0.00,$77.27,100
DRAGON GTS HEAD LIGHT,,,,,,1,$30.00,$27.27,$0.00,$0.00,$0.00,$0.00,$27.27,100
VSETT 10+ Right rocker arm Front,VS-10+-RIGHT-RKR-ARM-F,,9D39B77A,VSETT,Ningbo Vsett,1,$98.00,$89.09,$0.00,$0.00,$0.00,$20.95,$68.14,76.48
VSETT 10+ Left Rocker Arm Front,VS-10+-LEFT-RKR-ARM-F,,548E35D3,VSETT,Ningbo Vsett,1,$98.00,$89.09,$0.00,$0.00,$0.00,$20.95,$68.14,76.48
black oneal,,,,,,1,$109.95,$99.95,$0.00,$0.00,$0.00,$0.00,$99.95,100
Oneal full face,,,,,,1,$109.95,$99.95,$0.00,$0.00,$0.00,$0.00,$99.95,100
J.0888 ZERO 8 FIT NEW TYRE TO SCOOTER & CHECK OVER,,,,,,1,$70.00,$63.64,$0.00,$0.00,$0.00,$0.00,$63.64,100
Fob,,,,,,1,$35.00,$31.82,$0.00,$0.00,$0.00,$0.00,$31.82,100
electric bell,,,,,,1,$14.95,$13.59,$0.00,$0.00,$0.00,$0.00,$13.59,100
BABY SEAT,,,,,,1,$150.00,$136.36,$0.00,$0.00,$0.00,$0.00,$136.36,100
J.0881 2X E-BIKES FREE-GO/REGENCY,,,,,,1,$50.00,$45.45,$0.00,$0.00,$0.00,$0.00,$45.45,100
SM E20 CARRY BAG,,,,,,1,$99.00,$90.00,$0.00,$0.00,$0.00,$0.00,$90.00,100
SM Lighting Manifold / Julet 2pin flat edge 2-way,SM-LGHT-MAN-CL-J2PMAN2200,,F5158A0D,Smartmotion,"Kunshan Cyclisport Co., Ltd",1,$0.00,$0.00,$8.46,$0.00,$0.00,$5.13,-$5.13,0
"SM E20 Forks / 20"" DISC  Red/Black",SM-FRK-E2S-R17900,,8E6DE840,Smartmotion,"Kunshan Cyclisport Co., Ltd",1,$0.00,$0.00,$53.08,$0.00,$0.00,$32.17,-$32.17,0
J.0889 ZERO 10 FIRST SERVICE & FLAT REAR,,,,,,1,$40.00,$36.36,$0.00,$0.00,$0.00,$0.00,$36.36,100
ZERO Motor Rim Cover / ZERO 10,ZER-RIM-REAR-10,,D15F2FA2,Zero,Falcon PEV Pte Ltd,1,$19.23,$17.48,$0.00,$0.00,$0.00,$10.50,$6.98,39.94
X city on/off button,,,,,,1,$0.00,$0.00,$19.95,$0.00,$0.00,$0.00,$0.00,0
"Ecity rear wheel 24""",,,,,,1,$0.00,$0.00,$0.00,$0.00,$0.00,$0.00,$0.00,0
key,,,,,,1,$25.00,$22.73,$0.00,$0.00,$0.00,$0.00,$22.73,100
J.0892 VSETT 8 FIRST SERVICE,,,,,,1,$0.00,$0.00,$0.00,$0.00,$0.00,$0.00,$0.00,0
MID DRIVE MOTOR COVER,,,,,,1,$0.00,$0.00,$15.95,$0.00,$0.00,$0.00,$0.00,0
controller,,,,,,1,$104.90,$95.36,$0.00,$0.00,$0.00,$0.00,$95.36,100
ZERO 8 Battery / 48V 10AH,ZER-8-BATT-48V10,NA,794DE52F,Zero,Falcon PEV Pte Ltd,1,$0.00,$0.00,$685.00,$0.00,$0.00,$479.50,-$479.50,0
SM Brake Lever Hydraulic Magura / Right,SM-BRK-LVR-HYD-MGR-R,,1FE19577,Smartmotion,"Kunshan Cyclisport Co., Ltd",1,$69.95,$63.59,$0.00,$0.00,$0.00,$46.15,$17.44,27.43
Battery Repair Parts,,,,,,1,$20.00,$18.18,$0.00,$0.00,$0.00,$0.00,$18.18,100
Tyre 27.5 x2 for Pacer,,,,,,1,$0.00,$0.00,$25.99,$0.00,$0.00,$0.00,$0.00,0
ALP Paragon Lite Knee Protector - Black / X Large,ALP-PR-KNEE-LITE-BK-XL,,EDD31FBC,Alpinestars,Bikesportz Imports Pty Ltd,1,$99.95,$90.86,$0.00,$0.00,$0.00,$0.00,$90.86,100
ALP Paragon Lite Elbow Protector - Black / Large,ALP-PR-ELBW-LITE-BK-L,,6EC4EB86,Alpinestars,Bikesportz Imports Pty Ltd,1,$94.95,$86.32,$0.00,$0.00,$0.00,$0.00,$86.32,100
j.0315 kush no power,,,,,,1,$40.00,$36.36,$0.00,$0.00,$0.00,$0.00,$36.36,100
J.0886 S/M MIDCITY SERVICE FIT WIND LIGHTS & OPTIC MIRROR,,,,,,1,$80.00,$72.73,$0.00,$0.00,$0.00,$0.00,$72.73,100
ZERO 10 52V-18A S/HAND,,,,,,1,"$1,100.00","$1,000.00",$0.00,$0.00,$0.00,$0.00,"$1,000.00",100
vsett 10+ tube 10x25,,,,,,1,$19.95,$18.14,$0.00,$0.00,$0.00,$0.00,$18.14,100
J.0896 MACHINE SCOOTER FLAT REAR,,,,,,1,$40.00,$36.36,$0.00,$0.00,$0.00,$0.00,$36.36,100
Belt Drive Upgrade,,,,,,1,$100.00,$90.91,$150.00,$0.00,$0.00,$0.00,$90.91,100
J.0901 SM E20 FIT NEW TUBE SUPPLIED TO REAR,,,,,,1,$40.00,$36.36,$0.00,$0.00,$0.00,$0.00,$36.36,100
ZERO 10X Controller / 60V 21Ah - Front,ZER-10X-CON-60V21-A,,6A07F20B,Zero,Falcon PEV Pte Ltd,1,$150.00,$136.36,$0.00,$0.00,$0.00,$105.00,$31.36,23
REFURBISHED E-CITY BATTERY,,,,,,1,$635.00,$577.27,$0.00,$0.00,$0.00,$635.00,-$57.73,-10
J.0890 BULLET FIX STEM,,,,,,1,$30.00,$27.27,$0.00,$0.00,$0.00,$0.00,$27.27,100
labour to straight stem,,,,,,1,$25.00,$22.73,$0.00,$0.00,$0.00,$0.00,$22.73,100
fix throttle,,,,,,1,$0.00,$0.00,$0.00,$0.00,$0.00,$0.00,$0.00,0
"KICKSTAND ECITY 24""",,,,,,1,$24.95,$22.68,$0.00,$0.00,$0.00,$0.00,$22.68,100
Communication Cable,,,,,,1,$0.00,$0.00,$19.95,$0.00,$0.00,$0.00,$0.00,0
Middrive Motor Repair,,,,,,1,$0.00,$0.00,$0.00,$0.00,$0.00,$0.00,$0.00,0
Rocker switch,,,,,,1,$0.00,$0.00,$6.00,$0.00,$0.00,$0.00,$0.00,0
ALP Paragon Lite Knee Protector - Black / Medium,ALP-PR-KNEE-LITE-BK-M,,48F1262D,Alpinestars,Bikesportz Imports Pty Ltd,1,$99.95,$90.86,$0.00,$0.00,$0.00,$0.00,$90.86,100
Helmet - AIRCRAFT COMPOSITE Silo / XL,AIRCFT-HELM-SILO-XL,,74C0E1FE,,FE Sports,1,$499.99,$454.54,$0.00,$0.00,$0.00,$499.99,-$45.45,-10
CDX BELT 118T,CDX-BELT,,,,,1,$97.90,$89.00,$0.00,$0.00,$0.00,$68.20,$20.80,23.37
Zero LCD (Second Hand),,,,,,1,$50.00,$45.45,$0.00,$0.00,$50.00,$0.00,$45.45,100
Thumb Throttle Conversion,,,,,,1,$100.00,$90.91,$0.00,$0.00,$0.00,$0.00,$90.91,100
Merchant fees,,,,,,1,-$72.28,-$65.71,$0.00,$0.00,$0.00,$0.00,-$65.71,100
merchant fee,,,,,,1,-$72.28,-$65.71,$0.00,$0.00,$0.00,$0.00,-$65.71,100
Merchant fee,,,,,,1,-$55.48,-$50.44,$0.00,$0.00,$0.00,$0.00,-$50.44,100
Battery load and charge test,,,,,,1,$85.00,$77.27,$0.00,$0.00,$0.00,$0.00,$77.27,100
Valve,,,,,,1,$8.00,$7.27,$0.00,$0.00,$0.00,$0.00,$7.27,100
j.0915 KAABO CHARGER REPAIR END,,,,,,1,$25.00,$22.73,$0.00,$0.00,$0.00,$0.00,$22.73,100
zero 10x 52v-18AMP S: F10X518210805004,,,,,,1,$200.00,$181.82,$0.00,$0.00,$0.00,$0.00,$181.82,100
FITTING LABOUR,,,,,,1,$20.00,$18.18,$0.00,$0.00,$0.00,$0.00,$18.18,100
ZERO THROTTLE/SPRING,,,,,,1,$15.00,$13.64,$0.00,$0.00,$0.00,$0.00,$13.64,100
J.0914 X2 ZERO 10X SERVICES & BRAKE UPGRADE,,,,,,1,$300.00,$272.73,$0.00,$0.00,$0.00,$0.00,$272.73,100
vista pedal assist,,,,,,1,$0.00,$0.00,$0.00,$0.00,$0.00,$0.00,$0.00,0
J.0920 ZERO 8 REPAIR KICK STAND,,,,,,1,$25.00,$22.73,$0.00,$0.00,$0.00,$0.00,$22.73,100
SM Stand / Classic,SM-STND-CLS,,9DE4A650,Smartmotion,"Kunshan Cyclisport Co., Ltd",1,$19.23,$17.48,$0.00,$0.00,$0.00,$11.66,$5.83,33.33
SM Pacer 44T/104 Chainring,,,,,,1,$29.63,$26.94,$0.00,$0.00,$0.00,$0.00,$26.94,100
SM Bottom Bracket / 128x68mm Cartridge  / Sport,SM-BB-E2S-SQ1280,,49D94F02,Smartmotion,"Kunshan Cyclisport Co., Ltd",1,$26.92,$24.47,$0.00,$0.00,$0.00,$16.32,$8.16,33.33
DISCOUNT FOR DAMAGED ECITY WHITE,,,,,,1,-$100.00,-$90.91,$0.00,$0.00,$0.00,$0.00,-$90.91,100
brake bleed and charger port installation,,,,,,1,$65.00,$59.09,$0.00,$0.00,$0.00,$0.00,$59.09,100
SMARTMOTION KICKSTAND S/HAND,,,,,,1,$35.00,$31.82,$0.00,$0.00,$0.00,$0.00,$31.82,100
overpayment,,,,,,1,$385.08,$350.07,$0.00,$0.00,$315.93,$0.00,$350.07,100
J.0916 ZERO 10X FIRST SERVICE,,,,,,1,$0.00,$0.00,$0.00,$0.00,$0.00,$0.00,$0.00,0
12 Inch Inner Tube,,,,,,1,$20.00,$18.18,$0.00,$0.00,$0.00,$20.00,-$1.82,-10
Horn and alarm,,,,,,1,$124.95,$113.59,$0.00,$0.00,$0.00,$0.00,$113.59,100
Vsett 10+ Mudguard Light,,,,,,1,$13.00,$11.82,$0.00,$0.00,$0.00,$0.00,$11.82,100
10 inch tyre Xiaomi,,,,,,1,$35.00,$31.82,$0.00,$0.00,$0.00,$0.00,$31.82,100
SMARTMOTION HELMET,,,,,,1,$55.00,$50.00,$0.00,$0.00,$0.00,$0.00,$50.00,100
CREDIT FOR WARRANTY ITEMS RE264,,,,,,1,-$27.62,-$25.11,$0.00,$0.00,$0.00,$0.00,-$25.11,100
J.0906 VALK SCOOTER,,,,,,1,$45.00,$40.91,$0.00,$0.00,$0.00,$0.00,$40.91,100
ZERO 9 13AH SINC - CREDIT,,,,,,1,-$974.25,-$885.68,$0.00,$0.00,$0.00,$0.00,-$885.68,100
SPORT SCREEN OLD SYTLE - CREDIT,,,,,,1,-$90.00,-$81.82,$0.00,$0.00,$0.00,$0.00,-$81.82,100
SUSPENSION SEAT POST - CREDIT,,,,,,1,-$23.08,-$20.98,$0.00,$0.00,$0.00,$0.00,-$20.98,100
VSETT 10+ Front LED spotlights (White/Yellow),VS-10+-F-LED-SPT-LGHTS-W/Y,,48666A0E,VSETT,Ningbo Vsett,1,$3.25,$2.95,$0.00,$0.00,$0.00,$2.95,$0.00,0
Suspension Forks,,,,,,1,$0.00,$0.00,$101.50,$0.00,$0.00,$0.00,$0.00,0
zoom brakes (set),,,,,,1,$165.00,$150.00,$0.00,$0.00,$0.00,$0.00,$150.00,100
fiik scooter,,,,,,1,$0.00,$0.00,$0.00,$0.00,$0.00,$0.00,$0.00,0
FIIK KIDS SCOOTER BLACK,,,,,,1,$0.00,$0.00,$599.00,$0.00,$0.00,$0.00,$0.00,0
J.0928 X2 ZERO 8 FIRST SERVICE REAR MOTOR LOCKED UP,,,,,,1,$0.00,$0.00,$0.00,$0.00,$0.00,$0.00,$0.00,0
10X grips,,,,,,1,$40.00,$36.36,$0.00,$0.00,$0.00,$0.00,$36.36,100
kabbo brake lever,,,,,,1,$20.00,$18.18,$0.00,$0.00,$0.00,$0.00,$18.18,100
brake pads,,,,,,1,$49.90,$45.36,$0.00,$0.00,$0.00,$0.00,$45.36,100
Kabbo Mantis tyre,,,,,,1,$45.00,$40.91,$0.00,$0.00,$0.00,$0.00,$40.91,100
WHEEL MAGNET - MID RANGE,,,,,,1,$10.95,$9.95,$0.00,$0.00,$0.00,$0.00,$9.95,100
ON/OFF BUTTON MID RANGE,,,,,,1,$25.95,$23.59,$0.00,$0.00,$0.00,$0.00,$23.59,100
SM COMMUNICATION MID DRIVE,,,,,,1,$19.95,$18.14,$0.00,$0.00,$0.00,$0.00,$18.14,100
SM COMMUNICATION CABLE,,,,,,1,$19.95,$18.14,$0.00,$0.00,$0.00,$0.00,$18.14,100
J.0926 ZERO 10X FLAT REAR,,,,,,1,$0.00,$0.00,$35.00,$0.00,$0.00,$0.00,$0.00,0
ZERO 8X Electric Scooter / 26AH LG ,ZERO-8X-52V26-LG,F8X526L006001,61627EBA,Zero,Falcon PEV Pte Ltd,1,"$2,024.25","$1,840.23",$0.00,$0.00,$0.00,"$1,459.50",$380.73,20.69
S/H calliper,,,,,,1,$30.00,$27.27,$0.00,$0.00,$0.00,$0.00,$27.27,100
ZERO LCD DISPLAY S/HAND,,,,,,1,$50.00,$45.45,$0.00,$0.00,$0.00,$0.00,$45.45,100
J.0932 VSETT 10+ FLAT REAR,,,,,,1,$35.00,$31.82,$0.00,$0.00,$0.00,$0.00,$31.82,100
EZI CAR RACK,,,,,,1,$650.00,$590.91,$0.00,$0.00,$0.00,$650.00,-$59.09,-10
Solid Tyre Xiaomi,,,,,,1,$30.00,$27.27,$0.00,$0.00,$0.00,$0.00,$27.27,100
key ignition s/hand,,,,,,1,$50.00,$45.45,$0.00,$0.00,$0.00,$0.00,$45.45,100
VSETT 10+ Electric Scooter / 20.8AH,VS-10+-20.8,,53F97EBE,VSETT,Ningbo Vsett,1,"$3,449.00","$3,135.45",$0.00,$0.00,$0.00,"$1,262.87","$1,872.59",59.72
Disc Lock,,,,,,1,$40.00,$36.36,$0.00,$0.00,$0.00,$0.00,$36.36,100
ZERO 8X Handle Grip (Pair),ZER-8X-GRI,,970EAB7A,Zero,Falcon PEV Pte Ltd,1,$40.00,$36.36,$0.00,$0.00,$5.00,$24.50,$11.86,32.62
Special Deal Package,,,,,,1,$70.00,$63.64,$0.00,$0.00,$0.00,$0.00,$63.64,100
J.0937 ZERO 10X FIT THUMB THROTTLE & CHARGING PORTS & CHECK OVER,,,,,,1,$75.00,$68.18,$0.00,$0.00,$0.00,$0.00,$68.18,100
J.0941 SCOOTER FIT SEAT POST,,,,,,1,$25.00,$22.73,$0.00,$0.00,$0.00,$0.00,$22.73,100
J.0935 GTS DRAGON SERVICE & REPAIR FLAT REAR TIRE,,,,,,1,$97.50,$88.64,$0.00,$0.00,$0.00,$0.00,$88.64,100
J.0943 AIKE2 SCOOTER REPAIR FLAT TIRE,,,,,,1,$35.00,$31.82,$0.00,$0.00,$0.00,$0.00,$31.82,100
J.0940 MIDCITY DRIVE UNIT MAKING NOISE,,,,,,1,$0.00,$0.00,$0.00,$0.00,$0.00,$0.00,$0.00,0
Winglight,,,,,,1,$45.00,$40.91,$0.00,$0.00,$0.00,$0.00,$40.91,100
Cagefix BBB/BBC-110 Bottle Cage Stem Clamps,,,,,,1,$10.00,$9.09,$0.00,$0.00,$0.00,$10.00,-$0.91,-10
SM Brake Lever / RH Mech. Wuxing w/Sensor / E20,SM-BL-RHMWJ2PM00,,16CA9AC3,Smartmotion,"Kunshan Cyclisport Co., Ltd",1,$80.00,$72.73,$0.00,$0.00,$0.00,$61.54,$11.19,15.38
SM E20 QUILL,,,,,,1,$0.00,$0.00,$55.00,$0.00,$0.00,$55.00,-$55.00,0
test,,,,,,1,$1.00,$0.91,$0.00,$0.00,$0.00,$0.00,$0.91,100
j.0945 e-bike repair flat rear,,,,,,1,$20.00,$18.18,$0.00,$0.00,$0.00,$0.00,$18.18,100
"26"" tube",,,,,,1,$12.50,$11.36,$0.00,$0.00,$0.00,$0.00,$11.36,100
HETZER SCOOTER REPAIR THROTTLE/BRAKE & REFIT GRIPS,,,,,,1,$0.00,$0.00,$0.00,$0.00,$0.00,$0.00,$0.00,0
ZERO 8/ ZERO 9 REPAIR FLAT TYRES,,,,,,1,$0.00,$0.00,$0.00,$0.00,$0.00,$0.00,$0.00,0
RAZOR REPAIR WIRING & CHARGER,,,,,,1,$50.00,$45.45,$0.00,$0.00,$50.00,$0.00,$45.45,100
SM Mud Guard/Mid Drive / Pacer GT Rear,SM-MUD-GRD-MID-PAC-R,,C7326010,Smartmotion,"Kunshan Cyclisport Co., Ltd",1,$16.88,$15.35,$0.00,$0.00,$0.00,$10.23,$5.12,33.34
SM Motor - Classic / G3,SM-MOTOR-CL-G3,,67363AB3,Smartmotion,"Kunshan Cyclisport Co., Ltd",1,$0.00,$0.00,$244.76,$0.00,$0.00,$0.00,$0.00,0
REAR TRIANGLE FOR HYPERSONIC,,,,,,1,$0.00,$0.00,$250.00,$0.00,$0.00,$250.00,-$250.00,0
E-BIKE WHEEL NOISE COMING FROM HUB QUOTE PLEASE,,,,,,1,$50.00,$45.45,$0.00,$0.00,$50.00,$0.00,$45.45,100
Zero Throttle Trigger,,,,,,1,$10.00,$9.09,$0.00,$0.00,$0.00,$10.00,-$0.91,-10
SM Suspension Seat Post / Satori Solo 27.2mm 34mm,SM-SE-PS2724001,,EC18168E,Smartmotion,"Kunshan Cyclisport Co., Ltd",1,$35.00,$31.82,$0.00,$0.00,$0.00,$26.92,$4.90,15.39
NINEBOT MAX ON/OFF SWITCH NOT WORKING,,,,,,1,$0.00,$0.00,$0.00,$0.00,$0.00,$0.00,$0.00,0
E-SCOOTER REPAIR FLAT TYRE,,,,,,1,$0.00,$0.00,$0.00,$0.00,$0.00,$0.00,$0.00,0
GUB ELECTRIC HORN,,,,,,1,$40.00,$36.36,$0.00,$0.00,$0.00,$0.00,$36.36,100
zero 9 service,,,,,,1,$0.00,$0.00,$100.00,$0.00,$0.00,$0.00,$0.00,0
zero 8 service,,,,,,1,$0.00,$0.00,$80.00,$0.00,$0.00,$0.00,$0.00,0
Zero Mode Controller,,,,,,1,$25.00,$22.73,$0.00,$0.00,$0.00,$0.00,$22.73,100
First Service VSETT10+ SN: 70022,,,,,,1,$0.00,$0.00,$0.00,$0.00,$0.00,$0.00,$0.00,0
tube,,,,,,1,$19.95,$18.14,$0.00,$0.00,$0.00,$0.00,$18.14,100
TUBE 27.5X1.90-2.10,,,,,,1,$15.00,$13.64,$0.00,$0.00,$0.00,$0.00,$13.64,100
j.0000 E-BIKE REPAIR FLAT TIRE,,,,,,1,$25.00,$22.73,$0.00,$0.00,$0.00,$0.00,$22.73,100
phone case,,,,,,1,$25.00,$22.73,$0.00,$0.00,$0.00,$0.00,$22.73,100
MID DRIVE BASE MOTOR COVER PLATE,,,,,,1,$0.00,$0.00,$24.85,$0.00,$0.00,$24.85,-$24.85,0
ZERO T-Bar / ZERO T-Bar,ZER-T-BAR,,2E93DEC6,Zero,Falcon PEV Pte Ltd,1,$55.00,$50.00,$0.00,$0.00,$0.00,$42.30,$7.70,15.4
j.0003 SM E20 FIRST SERVICE & NEW BASKET,,,,,,1,$0.00,$0.00,$0.00,$0.00,$0.00,$0.00,$0.00,0
ZERO LED Light Strip Cover / No Install,ZER-LIG-STR-COV-Z9,,571C8F47,Zero,Falcon PEV Pte Ltd,1,$9.23,$8.39,$0.00,$0.00,$0.00,$4.20,$4.19,49.95
VSETT 9/9+ Main tube,VS-9/9+-MAIN-TUBE,,0735D667,VSETT,Ningbo Vsett,1,$83.40,$75.82,$0.00,$0.00,$0.00,$75.82,$0.00,0
SM Brake Lever Hydraulic Tektro / Standard Right,SM-BRK-LVR-HYD-TKT-STD-R,,8E87431F,Smartmotion,"Kunshan Cyclisport Co., Ltd",1,$32.14,$29.22,$0.00,$0.00,$0.00,$0.00,$29.22,100
ZERO 10 FRONT SUSPENSION,,,,,,1,$66.92,$60.84,$0.00,$0.00,$0.00,$0.00,$60.84,100
SM Crank right side Essence Vista,SM-CRNK-R-SD-EV,,7417AD2D,Smartmotion,"Kunshan Cyclisport Co., Ltd",1,$31.47,$28.61,$0.00,$0.00,$0.00,$0.00,$28.61,100
diagnosis,,,,,,1,$60.00,$54.55,$0.00,$0.00,$0.00,$0.00,$54.55,100
BELT - NON GATES BELT,,,,,,1,$40.00,$36.36,$0.00,$0.00,$0.00,$0.00,$36.36,100
X2 VSETT 10+ FIRST SERVICE HEADSET MAKING NOISE CHECK BOTH,,,,,,1,$0.00,$0.00,$0.00,$0.00,$0.00,$0.00,$0.00,0
ZERO 10X FULL SERVICE & REPAIR FLAT TYRE,,,,,,1,$40.00,$36.36,$0.00,$0.00,$40.00,$0.00,$36.36,100
REFUND ON INVOICE: 416 10X2.5 TUBE CASH,,,,,,1,$0.00,$0.00,$0.00,$0.00,$0.00,$0.00,$0.00,0
2X VSETT 8 FIRST SERVICE & FLAT TIRE 3 TIMES PLEASE FIND ISSUE.,,,,,,1,$130.00,$118.18,$0.00,$0.00,$130.00,$0.00,$118.18,100
EMOVE SCOOTER & CHARGER. NOT CHARGER TO FULL VOLTAGE & MINI SERVICE,,,,,,1,$0.00,$0.00,$0.00,$0.00,$0.00,$0.00,$0.00,0
Charger Repair,,,,,,1,$25.00,$22.73,$0.00,$0.00,$0.00,$0.00,$22.73,100
ZTTO GRIPS TEAL,,,,,,1,$25.00,$22.73,$0.00,$0.00,$0.00,$0.00,$22.73,100
SM Mud Guard/Sport / Pacer Rear,SM-MUD-GRD-BSC-SP-PAC-R,,68BFF04B,Smartmotion,"Kunshan Cyclisport Co., Ltd",1,$0.00,$0.00,$16.88,$0.00,$0.00,$10.23,-$10.23,0
ZERO 10X SERVICE/NEW TYRES/CHECK BRAKES/FRONT MOTOR FEELS LIKE LOCKING UP WHEN HOT,,,,,,1,$0.00,$0.00,$0.00,$0.00,$0.00,$0.00,$0.00,0
ZERO 10X SCOOTER REPAIR,,,,,,1,$655.00,$595.45,$0.00,$0.00,$0.00,$0.00,$595.45,100
J.0629 VSETT 9+,,,,,,1,$30.00,$27.27,$0.00,$0.00,$0.00,$0.00,$27.27,100
ZERO 10x FIRST SERVICE & LIGHT & ACC BAR,,,,,,1,$0.00,$0.00,$0.00,$0.00,$0.00,$0.00,$0.00,0
SCOOTER FIT NEW TIRE/TUBE,,,,,,1,$0.00,$0.00,$0.00,$0.00,$0.00,$0.00,$0.00,0
EY3 Minimotors Display Throttle,,,,,,1,$115.00,$104.55,$0.00,$0.00,$0.00,$115.00,-$10.45,-10
SCOOTER REPAIR FLAT TIRE & CHECK FOR S/HAND FENDER,,,,,,1,$40.00,$36.36,$0.00,$0.00,$40.00,$0.00,$36.36,100
Tyre - Tubeless 10x2.7-6.5,,,,,,1,$40.00,$36.36,$0.00,$0.00,$0.00,$40.00,-$3.64,-10
Tyre - tubeless 10x2.7-6.5,,,,,,1,$40.00,$36.36,$0.00,$0.00,$0.00,$40.00,-$3.64,-10
DRAGON REPAIR FLAT TYRE & SERVICE,,,,,,1,$40.00,$36.36,$0.00,$0.00,$40.00,$0.00,$36.36,100
Tyre 10x2,,,,,,1,$30.00,$27.27,$0.00,$0.00,$0.00,$0.00,$27.27,100
SM Handlebar / 25.4mm BLACK Swept Alloy / ECITY,SM-HB-EC25463500,,332757F4,Smartmotion,"Kunshan Cyclisport Co., Ltd",1,$30.00,$27.27,$0.00,$0.00,$0.00,$18.18,$9.09,33.33
plastic display for ninebot,,,,,,1,$20.00,$18.18,$0.00,$0.00,$0.00,$20.00,-$1.82,-10
SM Pacer Suspension Forks White,SM-PCR-SUS-FRK-W,,F31F491B,,,1,$0.00,$0.00,$192.31,$0.00,$0.00,$116.55,-$116.55,0
Fueltank BBB/BBC-03 Bottle Cage,,,,,,1,$15.00,$13.64,$0.00,$0.00,$0.00,$15.00,-$1.36,-10
Cagefix BBB/BBC-110 Bottle Cage Clamps,,,,,,1,$10.00,$9.09,$0.00,$0.00,$0.00,$10.00,-$0.91,-10
Fueltank BBB/BBc-03 Bottle Cage,,,,,,1,$15.00,$13.64,$0.00,$0.00,$0.00,$15.00,-$1.36,-10
Cagefix BBB/BBc-110 Bottle Cage Clamps,,,,,,1,$10.00,$9.09,$0.00,$0.00,$0.00,$10.00,-$0.91,-10
General Service,,,,,,1,$100.00,$90.91,$0.00,$0.00,$0.00,$0.00,$90.91,100
Sport battery 36v 16ah,,,,,,1,$741.54,$674.13,$0.00,$0.00,$0.00,$741.54,-$67.41,-10
INTERNAL BATTERY FUSE,,,,,,1,$0.00,$0.00,$5.00,$0.00,$0.00,$5.00,-$5.00,0
ZERO 8 Rear Fender/Mudguard / Short,ZER-8-REA-MUD-SHT,,B799EDB1,Zero,Falcon PEV Pte Ltd,1,$18.00,$16.36,$0.00,$0.00,$0.00,$12.60,$3.76,23
J.0939 ZERO 9 ERROR 10,,,,,,1,$0.00,$0.00,$0.00,$0.00,$0.00,$0.00,$0.00,0
GREEN HALL SENSOR MOTOR REPAIR,,,,,,1,$125.00,$113.64,$0.00,$0.00,$0.00,$0.00,$113.64,100
CONTROLLER,,,,,,1,$125.00,$113.64,$0.00,$0.00,$0.00,$0.00,$113.64,100
J.0948 LEITNER RED NO POWER,,,,,,1,$75.00,$68.18,$0.00,$0.00,$0.00,$0.00,$68.18,100
ELECTRIC MOTOR NOT WORKING,,,,,,1,$0.00,$0.00,$0.00,$0.00,$0.00,$0.00,$0.00,0
11X brake hose,,,,,,1,$13.97,$12.70,$0.00,$0.00,$0.00,$0.00,$12.70,100
SM Motor / Dapu Mid-Drive GEN1 w/CONTROL UNIT v1,SM-MTR-DMDGEN1CU1,,E4236C85,Smartmotion,"Kunshan Cyclisport Co., Ltd",1,$461.54,$419.58,$0.00,$0.00,$0.00,$279.72,$139.86,33.33
ZERO 10X FIRST SERVICE & REPAIR FLAT TIRE,,,,,,1,$40.00,$36.36,$0.00,$0.00,$0.00,$0.00,$36.36,100
BLACK SCOOTER INSTALLED SOLID TYRE SUPPLIED,,,,,,1,$50.00,$45.45,$0.00,$0.00,$50.00,$0.00,$45.45,100
DRAGON STYLE SCOOTER REPAIR REAR TYRE TUBE SUPPLIED,,,,,,1,$0.00,$0.00,$0.00,$0.00,$0.00,$0.00,$0.00,0
FREEGO BIKE QUOTE ON WIRING IN  LCD DISPLAY & GETTING UP RUNNING,,,,,,1,$0.00,$0.00,$0.00,$0.00,$0.00,$0.00,$0.00,0
E-CITY WONT TURN ON & CHARGER,,,,,,1,$0.00,$0.00,$0.00,$0.00,$0.00,$0.00,$0.00,0
OLD SCOOTER MOTOR NOT WORKING QUOTE ON REPAIR,,,,,,1,$0.00,$0.00,$0.00,$0.00,$0.00,$0.00,$0.00,0
X2 ZERO 10 LIMITED FIRST SERVICE & CHECK FRONT SHOCK BUSHES,,,,,,1,$0.00,$0.00,$0.00,$0.00,$0.00,$0.00,$0.00,0
FAT TYRE SCOOTER FIT NEW TYRE SUPPLIED,,,,,,1,$0.00,$0.00,$50.00,$0.00,$0.00,$0.00,$0.00,0
SEGWAY NINEBOT MAX REPAIR FLAT REAR TYRE,,,,,,1,$0.00,$0.00,$0.00,$0.00,$0.00,$0.00,$0.00,0
RECONDITIONED BATTERY - 15.6aH SLIMLINE,,,,,,1,$550.00,$500.00,$0.00,$0.00,$550.00,$0.00,$500.00,100
On Guard Pitbull Mini U-lock,U-LOCK-MINI,,87E3282E,On Guard,Bikecorp,1,$50.00,$45.45,$0.00,$0.00,$0.00,$36.81,$8.64,19.02
VSETT 8/8+ Front cover plate,VS-8/8+-F-COVER-PLTE,,5C902F6A,VSETT,Ningbo Vsett,1,$13.00,$11.82,$0.00,$0.00,$0.00,$9.36,$2.46,20.81
ZERO 8 SERVICE & LOOSE HANDLE BARS / MUDGUARD/FIT LIFT HANDLE,,,,,,1,$0.00,$0.00,$0.00,$0.00,$0.00,$0.00,$0.00,0
ZERO 9 BATTERY REPLACED,,,,,,1,$0.00,$0.00,$0.00,$0.00,$0.00,$0.00,$0.00,0
Helmet - STATUS / Black / MED,HELMET-STATUS-BL-MED,,4991A62A,,FE Sports,1,$0.00,$0.00,$299.99,$0.00,$0.00,$179.99,-$179.99,0
zero 10x rear suspension shaft,,,,,,1,$20.00,$18.18,$0.00,$0.00,$0.00,$20.00,-$1.82,-10
MATE BIKE BATTERY CHARGING PORT DAMAGED TOO LOOSE,,,,,,1,$50.00,$45.45,$0.00,$0.00,$50.00,$0.00,$45.45,100
ceramic pads,,,,,,1,$29.00,$26.36,$0.00,$0.00,$0.00,$0.00,$26.36,100
ZERO 8 SERVICE / FRONT FENDER / BELL MISSING /LOOSE STEM,,,,,,1,$0.00,$0.00,$0.00,$0.00,$0.00,$0.00,$0.00,0
ZERO 10 LOOSE HANDLE BARS/FRONT WHEEL BENT/BRAKES LOOSE/MUDGUARD LOOSE/SAFETY CHECK,,,,,,1,$0.00,$0.00,$0.00,$0.00,$0.00,$0.00,$0.00,0
EXTENSION FRAME,,,,,,1,$25.00,$22.73,$0.00,$0.00,$0.00,$0.00,$22.73,100
NiteRider Lumina Micro 850 Headlight,NIGHTRIDER-MICRO-850-HDLGT,,6A479F48,,FE Sports,1,$60.00,$54.55,$88.65,$0.00,$0.00,$148.65,-$94.10,-172.52
second hand rear suspension casing and new pair of shockers,,,,,,1,$60.00,$54.55,$0.00,$0.00,$0.00,$60.00,-$5.45,-10
VSETT 9 - SCOOTER NOT WORKING. CHECK NECK.,,,,,,1,$50.00,$45.45,$0.00,$0.00,$0.00,$0.00,$45.45,100
ZERO 8 SERVICE,,,,,,1,$60.00,$54.55,$0.00,$0.00,$0.00,$0.00,$54.55,100
SEGWAY NINEBOT MAX REPAIR REAR TIRE,,,,,,1,$40.00,$36.36,$0.00,$0.00,$40.00,$0.00,$36.36,100
E-BIKE MOTOR DAMAGED CABLES,,,,,,1,$0.00,$0.00,$0.00,$0.00,$0.00,$0.00,$0.00,0
Inner tube replacement Dragon GT V1 - Labour,,,,,,1,$45.00,$40.91,$0.00,$0.00,$0.00,$0.00,$40.91,100
2X ZERO 8 FIRST SERVICE,,,,,,1,$0.00,$0.00,$0.00,$0.00,$0.00,$0.00,$0.00,0
ZERO 9 REPAIR -  F9413200713071,,,,,,1,$0.00,$0.00,"$1,599.00",$0.00,$0.00,$0.00,$0.00,0
finger throttle,,,,,,1,$25.00,$22.73,$0.00,$0.00,$0.00,$25.00,-$2.27,-10
SUPER 73 5GI DAMAGED BIKE QUOTE ON REPAIR TO ALL WORKING ORDER PLUS NEW TYRE ASWELL,,,,,,1,$0.00,$0.00,$0.00,$0.00,$0.00,$0.00,$0.00,0
KRYPTONITE LOCK NEW YORK NOOSE,,,,,,1,$120.00,$109.09,$0.00,$0.00,$0.00,$0.00,$109.09,100
BLACK TORQ NO POWER TO BIKE,,,,,,1,$50.00,$45.45,$0.00,$0.00,$0.00,$0.00,$45.45,100
VSETT 9/9+ Single-drive one line,VS-9/9+-SGL-DRV-1-LINE,,99481EAA,VSETT,Ningbo Vsett,1,$0.00,$0.00,$17.51,$0.00,$0.00,$15.92,-$15.92,0
ZERO 10X Handlebar,ZER-10X-HAN,,86E725CC,Zero,Falcon PEV Pte Ltd,1,$25.00,$22.73,$11.00,$0.00,$0.00,$25.20,-$2.47,-10.88
SMARTMOTION E-CITY NOISE IN MOTOR PURCHASED AT PEDAL SHOP UNDER WARRANTY,,,,,,1,$0.00,$0.00,$0.00,$0.00,$0.00,$0.00,$0.00,0
SMARTMOTION CATALYST CAUGHT IN RAIN STORM WONT TURN ON PLUS FIT NEW KEY BARREL,,,,,,1,$100.00,$90.91,$0.00,$0.00,$100.00,$0.00,$90.91,100
safety check,,,,,,1,$50.00,$45.45,$0.00,$0.00,$0.00,$0.00,$45.45,100
ZERO T-Bar Folding Piece,ZER-T-BAR-FOL,,FB2A1D96,Zero,Falcon PEV Pte Ltd,1,$49.50,$45.00,$0.00,$0.00,$0.00,$27.45,$17.55,39
DUALTRON BATTERY ISSUE & SERVICE,,,,,,1,$0.00,$0.00,$0.00,$0.00,$0.00,$0.00,$0.00,0
VSETT 10+ FLAT REAR TIRE,,,,,,1,$35.00,$31.82,$0.00,$0.00,$35.00,$0.00,$31.82,100
SMARTMOTION E20 SERVICE & FAULTY BATTERY,,,,,,1,$0.00,$0.00,$0.00,$0.00,$0.00,$0.00,$0.00,0
SMARTMOTION CATALYST CHARGER ISSUE & ERROR 9 /8,,,,,,1,$0.00,$0.00,$0.00,$0.00,$0.00,$0.00,$0.00,0
VSETT 10+ TURNS ON BUT GO / VSETT 8 TURN ON BUT NO GO,,,,,,1,$0.00,$0.00,$0.00,$0.00,$0.00,$0.00,$0.00,0
EY3 dualtron controller,,,,,,1,$120.00,$109.09,$0.00,$0.00,$0.00,$120.00,-$10.91,-10
Kryptonite Evolution Lock,,,,,,1,$119.32,$108.47,$5.63,$0.00,$0.00,$124.95,-$16.48,-15.19
SMARTMOTION PACER BATTERY ISSUE POWER DROP & CRANKS LOOSE,,,,,,1,$0.00,$0.00,$0.00,$0.00,$0.00,$0.00,$0.00,0
VSETT Handlebar Grips Right / VSETT 8/8+,VS-HNDLBAR-GRIP-R-8/8+,,A17B6856,VSETT,Ningbo Vsett,1,$25.00,$22.73,$0.00,$0.00,$0.00,$6.88,$15.85,69.73
1 x SET ZERO 8 SUSPENSION SHOCKS,,,,,,1,$50.00,$45.45,$0.00,$0.00,$0.00,$50.00,-$4.55,-10
ZERO 9 FIRST SERVICE & FIT NEW POUCH,,,,,,1,$0.00,$0.00,$0.00,$0.00,$0.00,$0.00,$0.00,0
Swing arm axle,,,,,,1,$10.00,$9.09,$0.00,$0.00,$0.00,$0.00,$9.09,100
ZERO 10X LIMITED REAR FENDER TOP COVER,,,,,,1,$20.00,$18.18,$0.00,$0.00,$0.00,$0.00,$18.18,100
ZERO Wheel Bearing,ZER-WH-BRG,,2098E2B6,Zero,Falcon PEV Pte Ltd,1,$0.00,$0.00,$12.00,$0.00,$0.00,$9.23,-$9.23,0
KMC Chain,,,,,,1,$25.00,$22.73,$0.00,$0.00,$0.00,$0.00,$22.73,100
Cluster,,,,,,1,$45.00,$40.91,$0.00,$0.00,$0.00,$0.00,$40.91,100
vsett 9 handle tube,,,,,,1,$0.00,$0.00,$55.00,$0.00,$0.00,$0.00,$0.00,0
SM Chain guard Classic,SM-CHN-GRD-CLS,,51B49BD6,Smartmotion,"Kunshan Cyclisport Co., Ltd",1,$23.04,$20.95,$0.00,$0.00,$0.00,$13.96,$6.98,33.34
MOTOR FACE PLATE M123 DAPU - BASIC,,,,,,1,$0.00,$0.00,$30.64,$0.00,$0.00,$30.64,-$30.64,0
MI SCOOTER REPAIR BRAKE LEVER &  CHECK WORKING ORDER,,,,,,1,$0.00,$0.00,$0.00,$0.00,$0.00,$0.00,$0.00,0
SMARTMOTION E20 DRIVE ISSUES MOTOR PLAYING UP,,,,,,1,$0.00,$0.00,$0.00,$0.00,$0.00,$0.00,$0.00,0
Zero 10 service,,,,,,1,$0.00,$0.00,$0.00,$0.00,$0.00,$0.00,$0.00,0
SMARTMOTION E20 FIRST SERVICE,,,,,,1,$0.00,$0.00,$0.00,$0.00,$0.00,$0.00,$0.00,0
alarm installed,,,,,,1,$120.00,$109.09,$0.00,$0.00,$0.00,$120.00,-$10.91,-10
ZERO Throttle LCD / Thumb / With Key,ZER-THR-LCD-THB-KEY,,C54894E7,Zero,Falcon PEV Pte Ltd,1,$175.00,$159.09,$0.00,$0.00,$0.00,$134.61,$24.48,15.39
X2 E20 SERVICE ON ONE WITH NO KEY & FIT NEW BARREL/ REPAIR DAMAGED REAR WHEEL,,,,,,1,$0.00,$0.00,$0.00,$0.00,$0.00,$0.00,$0.00,0
MINI KUSH INSTALL NEW TYRE TO REAR SUPPLIED BY CUSTOMER,,,,,,1,$0.00,$0.00,$0.00,$0.00,$0.00,$0.00,$0.00,0
DROGON X10 REPAIR FLAT TYRE & LOCK-TITE SHOCK BOLTS & FIT RUGGED CLAMP,,,,,,1,$40.00,$36.36,$0.00,$0.00,$40.00,$0.00,$36.36,100
ZERO 8 INSTALL NEW SOLID REAR TYRE,,,,,,1,$0.00,$0.00,$0.00,$0.00,$0.00,$0.00,$0.00,0
SEGWAY NINE MAX REPAIR FLAT REAR TYRE/ SEGWAY ERROR CODE TERMINAL CONNECTION,,,,,,1,$50.00,$45.45,$0.00,$0.00,$50.00,$0.00,$45.45,100
2X VSETT 8 FIRST SERVICE,,,,,,1,$0.00,$0.00,$0.00,$0.00,$0.00,$0.00,$0.00,0
VSETT 10+ Horn Module,VS-10+-HORN-MOD,,92F6D2D9,VSETT,Ningbo Vsett,1,$0.00,$0.00,$9.28,$0.00,$0.00,$8.44,-$8.44,0
ZERO 8,,,,,,1,$0.00,$0.00,$0.00,$0.00,$0.00,$0.00,$0.00,0
MI brake lever,,,,,,1,$35.00,$31.82,$0.00,$0.00,$0.00,$0.00,$31.82,100
TYRE 10X3 S/HAND LIKE NEW,,,,,,1,$25.00,$22.73,$0.00,$0.00,$0.00,$0.00,$22.73,100
ZERO 11X NEW FRONT TYRE/ REAR DISC RUBBING/ CREAK IN STEM / CHECK SHOCK BOLTS & BRAKES,,,,,,1,$0.00,$0.00,$0.00,$0.00,$0.00,$0.00,$0.00,0
ZERO 9 LOOSE STEM. ZERO 10X REPAIR FLAT REAR FIT NEW TYRE & TUBE & FENDER,,,,,,1,$0.00,$0.00,$0.00,$0.00,$0.00,$0.00,$0.00,0
Battery check,,,,,,1,$50.00,$45.45,$0.00,$0.00,$50.00,$0.00,$45.45,100
tube repair (tube supplied. just labour),,,,,,1,$50.00,$45.45,$0.00,$0.00,$15.00,$0.00,$45.45,100
investigation fee,,,,,,1,$50.00,$45.45,$0.00,$0.00,$0.00,$50.00,-$4.55,-10
Trolley Wheels,,,,,,1,$42.75,$38.86,$2.25,$0.00,$0.00,$0.00,$38.86,100
TUBE TYRE,,,,,,1,$0.00,$0.00,$0.00,$0.00,$0.00,$0.00,$0.00,0
"SMARTMOTION E-CITY 24"" FRONT WHEEL",,,,,,1,$174.99,$159.08,$0.00,$0.00,$0.00,$174.99,-$15.91,-10
HERO S 9 WONT TURN ON MOTOR LOCKING UP CHECK CONTROLLER,,,,,,1,$0.00,$0.00,$0.00,$0.00,$0.00,$0.00,$0.00,0
ZERO 11X REPAIR FLAT REAR TIRE,,,,,,1,$0.00,$0.00,$0.00,$0.00,$0.00,$0.00,$0.00,0
"26"" ALEXRIMS RIM W/TYRE - SILVER",,,,,,1,$122.50,$111.36,$2.50,$0.00,$0.00,$125.00,-$13.64,-12.24
charger connector,,,,,,1,$7.00,$6.36,$0.00,$0.00,$0.00,$7.00,-$0.64,-10
Service / Standard,10062,,549FC067,,,1,$0.00,$0.00,$99.00,$0.00,$99.00,$0.00,$0.00,0
AXLE PIVOT ZERO 10,,,,,,1,$5.95,$5.41,$0.00,$0.00,$0.00,$0.00,$5.41,100
WingLights / FIXED V3,WING-LIGHTS-FV3,,1087377,CYCL,,1,$70.95,$64.50,$0.00,$0.00,$0.00,$0.00,$64.50,100
XIAOMI TYRE,,,,,,1,$30.00,$27.27,$0.00,$0.00,$0.00,$0.00,$27.27,100
ZERO 10X Electric Scooter / 60V 21AH LG,ZERO-10X-60V21,,C3F86A8C,Zero,Falcon PEV Pte Ltd,1,"$3,299.00","$2,999.09",$0.00,$0.00,$0.00,"$2,474.25",$524.84,17.5
ZERO 10X STYLE AXLE MOUNT FENDER,,,,,,1,$45.00,$40.91,$0.00,$0.00,$0.00,$0.00,$40.91,100
BENELLE SCOOTER. FIT NEW SOLID TYRES,,,,,,1,$90.00,$81.82,$10.00,$0.00,$0.00,$0.00,$81.82,100
KAABO MANTIC INSTALLED NEW TYRES SUPPLIED BY CUSTOMER & FIT NEW BRAKE PADS SUPPLIED IF NEEDED.,,,,,,1,$0.00,$0.00,$0.00,$0.00,$0.00,$0.00,$0.00,0
GOOD S/HAND BATTERY NOTE: NO WARRANTY,,,,,,1,$300.00,$272.73,$0.00,$0.00,$300.00,$0.00,$272.73,100
J.0918 E20 RED CHECK BATTERY & SCREEN,,,,,,1,$0.00,$0.00,$0.00,$0.00,$0.00,$0.00,$0.00,0
SRAM CASSETTE,,,,,,1,$99.99,$90.90,$0.00,$0.00,$0.00,$99.99,-$9.09,-10
s/hand rack (Smartmotion e20),,,,,,1,$50.00,$45.45,$0.00,$0.00,$0.00,$50.00,-$4.55,-10
s/hand battery (Smartmotion e20),,,,,,1,$350.00,$318.18,$0.00,$0.00,$0.00,$350.00,-$31.82,-10
Smartmotion e20 Controller,,,,,,1,$150.00,$136.36,$0.00,$0.00,$0.00,$150.00,-$13.64,-10
DRAGON V2 FIT NEW TYRE TO REAR,,,,,,1,$30.00,$27.27,$0.00,$0.00,$0.00,$0.00,$27.27,100
E20 RED FIT NEW ZOOM FORKS,,,,,,1,$0.00,$0.00,$0.00,$0.00,$0.00,$0.00,$0.00,0
SMARTMOTION PACER BATTERY ISSUE WONT TURN ON SOMETIMES & CUTS OUT MAYBE BMS,,,,,,1,$0.00,$0.00,$0.00,$0.00,$0.00,$0.00,$0.00,0
E-BIKE POWER CUTTING OUT,,,,,,1,$0.00,$0.00,$0.00,$0.00,$0.00,$0.00,$0.00,0
FITTING TYRE,,,,,,1,$50.00,$45.45,$0.00,$0.00,$0.00,$0.00,$45.45,100
S/HAND LCD DISPLAY,,,,,,1,$25.00,$22.73,$0.00,$0.00,$0.00,$0.00,$22.73,100
DRAGON NEEDS SERVICES / LIGHTS & HORN NOT WORKING / FIT NEW TYRE TO REAR / REPAIR MUDGUARD / LCD DISPLAY DAMAGED,,,,,,1,$0.00,$0.00,$0.00,$0.00,$0.00,$0.00,$0.00,0
ZERO 10X FIRST SERVICE,,,,,,1,$0.00,$0.00,$0.00,$0.00,$0.00,$0.00,$0.00,0
ZERO 10 SERVICE & REPAIR FLAT REAR TYRE,,,,,,1,$100.00,$90.91,$0.00,$0.00,$100.00,$0.00,$90.91,100
E20 ZOOM FORKS,,,,,,1,$135.00,$122.73,$0.00,$0.00,$0.00,$0.00,$122.73,100
E-20 KICK STAND,,,,,,1,$19.23,$17.48,$0.00,$0.00,$0.00,$19.23,-$1.75,-10
INSTALL TYRE AND TUBE ON EGLIDE (PARTS SUPPLIED),,,,,,1,$75.00,$68.18,$0.00,$0.00,$75.00,$0.00,$68.18,100
M365 NOT TURNING ON,,,,,,1,$50.00,$45.45,$0.00,$0.00,$50.00,$0.00,$45.45,100
Zero 10X rear mudguard,,,,,,1,$35.00,$31.82,$0.00,$0.00,$0.00,$0.00,$31.82,100
merchant fees -moula,,,,,,1,"-$1,935.56","-$1,759.60",$0.00,$0.00,$0.00,$0.00,"-$1,759.60",100
Torque Washer,,,,,,1,$0.00,$0.00,$5.00,$0.00,$0.00,$5.00,-$5.00,0
SM Front fork Essence,SM-FNT-FRK-ESS,,7F2777F2,Smartmotion,"Kunshan Cyclisport Co., Ltd",1,$0.00,$0.00,$100.00,$0.00,$0.00,$0.00,$0.00,0
xiaomi 8 inch tyre,,,,,,1,$30.00,$27.27,$0.00,$0.00,$0.00,$0.00,$27.27,100
black escooter ( CHARGER PORT ),,,,,,1,$50.00,$45.45,$0.00,$0.00,$50.00,$0.00,$45.45,100
MOTOR MAKING LOUD NOISE,,,,,,1,$0.00,$0.00,$0.00,$0.00,$0.00,$0.00,$0.00,0
ZERO Folding Tension Spring / ZERO 9,ZER-9-FOL-TEN-SPR,,BC7D2A11,Zero,Falcon PEV Pte Ltd,1,$3.15,$2.86,$0.00,$0.00,$0.00,$1.05,$1.81,63.33
New 10X rear mudguard,,,,,,1,$35.00,$31.82,$0.00,$0.00,$0.00,$35.00,-$3.18,-10
ZERO Folding Block,ZER-FOL-BLC,,4EE1E193,Zero,Falcon PEV Pte Ltd,1,$66.00,$60.00,$0.00,$0.00,$0.00,$23.00,$37.00,61.67
ZERO Octagonal Tube,ZER-OCT-TUB,,1B021E73,Zero,Falcon PEV Pte Ltd,1,$41.54,$37.76,$0.00,$0.00,$0.00,$18.90,$18.86,49.95
ZERO Lower Set Ring,ZER-LOW-RIN,,812B2B67,Zero,Falcon PEV Pte Ltd,1,$16.88,$15.35,$0.00,$0.00,$0.00,$7.88,$7.47,48.65
SM Battery end Classic 13 14 15 16,SM-BTRY-END-CLS,,47180FDC,,,1,$34.15,$31.05,$0.00,$0.00,$0.00,$0.00,$31.05,100
Suspension Cover,,,,,,1,$6.00,$5.45,$0.00,$0.00,$0.00,$0.00,$5.45,100
ZERO Suspension Spring / ZERO 10 Front,ZER-10-SUS-SPR,,F11EEB4A,Zero,Falcon PEV Pte Ltd,1,$4.61,$4.19,$0.00,$0.00,$0.00,$2.10,$2.09,49.89
KEY LOCK S/HAND,,,,,,1,$25.00,$22.73,$0.00,$0.00,$0.00,$0.00,$22.73,100
RIM REPAIR & 6 NEW SPOKES,,,,,,1,$50.00,$45.45,$0.00,$0.00,$0.00,$0.00,$45.45,100
STEERING ARM ZERO 10X,,,,,,1,$180.00,$163.64,$0.00,$0.00,$0.00,$0.00,$163.64,100
ZERO KEY AND VOLTMETER,,,,,,1,$31.50,$28.64,$0.00,$0.00,$0.00,$0.00,$28.64,100
SWING ARMS - LEFT AND RIGHT Z10X,,,,,,1,$45.00,$40.91,$0.00,$0.00,$0.00,$0.00,$40.91,100
FRONT STEERING BLOCK ZERO 10X,,,,,,1,$96.85,$88.05,$0.00,$0.00,$0.00,$0.00,$88.05,100
RH ZOOM BRAKE LEVER,,,,,,1,$45.95,$41.77,$0.00,$0.00,$0.00,$0.00,$41.77,100
MI SCOOTER INSTALL SOLID TYRES SUPPLIED BY CUSTOMER,,,,,,1,$0.00,$0.00,$0.00,$0.00,$0.00,$0.00,$0.00,0
RAZOR SCOOTER WONT CHARGE --QUOTE--,,,,,,1,$0.00,$0.00,$0.00,$0.00,$0.00,$0.00,$0.00,0
58.8V CHARGER GOOD S/HAND,,,,,,1,$50.00,$45.45,$0.00,$0.00,$0.00,$0.00,$45.45,100
CARGO BIKE BLUE. BEEN IN FLOOD QUOTE ON REPAIR,,,,,,1,$0.00,$0.00,$0.00,$0.00,$0.00,$0.00,$0.00,0
Bafang controller,,,,,,1,$0.00,$0.00,$120.00,$0.00,$0.00,$0.00,$0.00,0
LABOUR AND ASSESSMENT,,,,,,1,$50.00,$45.45,$0.00,$0.00,$0.00,$0.00,$45.45,100
ZERO 10X Brake Caliper / Front,ZER-10X-BRAK-CAL-FRN,,F802F2A9,Zero,Falcon PEV Pte Ltd,1,$19.98,$18.16,$29.97,$0.00,$0.00,$34.97,-$16.81,-92.53
Azur side Mirror,,,,,,1,$24.99,$22.72,$0.00,$0.00,$0.00,"$2,499.00","-$2,476.28",-10899.99
J:0123 MERCANE JUBEL. FIT NEW TYRES & REPAIR BRAKES & MUDGUARD,,,,,,1,$0.00,$0.00,$80.00,$0.00,$0.00,$0.00,$0.00,0
DUALTRON MOTOR CABLES DAMAGED SHORTED OUT TO FRAME CAUSING BRAKE CABLE TO MELT. QUOTE ON REPAIR ONLY,,,,,,1,$250.00,$227.27,$0.00,$0.00,$250.00,$0.00,$227.27,100
"ZERO 10 THROTTLE DAMAGED & FIT FENDER TO REAR ONLY IF IT CLEARS TYRE, ADJUST TO SUIT IF YA CAN.",,,,,,1,$50.00,$45.45,$0.00,$0.00,$50.00,$0.00,$45.45,100
INOKIM SCOOTER REPAIR FLAT TYRE REAR,,,,,,1,$50.00,$45.45,$0.00,$0.00,$50.00,$0.00,$45.45,100
CUTS OUT AFTER AROUND 100M SHOWS NO VOLTAGE,,,,,,1,$0.00,$0.00,$0.00,$0.00,$0.00,$0.00,$0.00,0
FENDER REAR S/HAND,,,,,,1,$10.00,$9.09,$0.00,$0.00,$0.00,$0.00,$9.09,100
LCD DISPLAY GOOD S/HAND,,,,,,1,$50.00,$45.45,$0.00,$0.00,$0.00,$0.00,$45.45,100
Electric Scooter - Zero 11X / Off-Road Tyre,,,,,,1,"$5,500.00","$5,000.00",$0.00,$0.00,$0.00,$0.00,"$5,000.00",100
Battery Button,,,,,,1,$6.15,$5.59,$0.00,$0.00,$0.00,$0.00,$5.59,100
VSETT 8 V8S48V6121070100 MOTOR MAKING NOISE,,,,,,1,$0.00,$0.00,$0.00,$0.00,$0.00,$0.00,$0.00,0
VSETT 8 CONTROLLER,,,,,,1,$0.00,$0.00,$120.00,$0.00,$0.00,$0.00,$0.00,0
ZERO 10 FLAT REAR TYRE,,,,,,1,$40.00,$36.36,$0.00,$0.00,$40.00,$0.00,$36.36,100
ZERO 9 FLAT FRONT TYRE & CHECK OVER,,,,,,1,$50.00,$45.45,$0.00,$0.00,$50.00,$0.00,$45.45,100
APOLLO PHANTOM REPAIR REAR TYRE,,,,,,1,$50.00,$45.45,$0.00,$0.00,$0.00,$0.00,$45.45,100
Dualtron Ultra II Disc Brake,,,,,,1,$50.00,$45.45,$0.00,$0.00,$0.00,$50.00,-$4.55,-10
ZERO 10X FLAT REAR TYRE,,,,,,1,$30.00,$27.27,$0.00,$0.00,$30.00,$0.00,$27.27,100
NEOCYCLE WENT UNDER WATER CHECK OVER,,,,,,1,$60.00,$54.55,$0.00,$0.00,$60.00,$0.00,$54.55,100
HERO S 9 CONTROLLER,,,,,,1,$100.00,$90.91,$0.00,$0.00,$0.00,$0.00,$90.91,100
"SM ECity Wheels / Rear 24""",SM-ECITY-WHEEL-R-24,,6E02550B,Smartmotion,"Kunshan Cyclisport Co., Ltd",1,$0.00,$0.00,$375.80,$0.00,$0.00,$175.20,-$175.20,0
rear 10X motor Rim and motor,,,,,,1,$150.00,$136.36,$0.00,$0.00,$0.00,$150.00,-$13.64,-10
HYPERSONIC FRAME REPLACEMENT,,,,,,1,$0.00,$0.00,$500.00,$0.00,$0.00,$0.00,$0.00,0
Nut Cap,,,,,,1,$2.50,$2.27,$0.00,$0.00,$0.00,$0.00,$2.27,100
Washer,,,,,,1,$0.00,$0.00,$0.50,$0.00,$0.00,$0.00,$0.00,0
BATTERY 48V-10.4AMP S/HAND NOTE:WARRANTY,,,,,,1,$150.00,$136.36,$0.00,$0.00,$0.00,$0.00,$136.36,100
BATTERY REPAIR 36V 15.6AH SLIMLINE,,,,,,1,$0.00,$0.00,$120.00,$0.00,$0.00,$0.00,$0.00,0
WIDE WHEEL REPAIR BRAKES & FIT MISSING IN HEADSET,,,,,,1,$50.00,$45.45,$0.00,$0.00,$50.00,$0.00,$45.45,100
ZERO FRONT WHEEL ASSY GOOD S/HAND,,,,,,1,$80.00,$72.73,$0.00,$0.00,$0.00,$0.00,$72.73,100
Park lock,,,,,,1,$19.47,$17.70,$10.53,$0.00,$0.00,$30.00,-$12.30,-69.48
Fuse housing battery connector,,,,,,1,$19.00,$17.27,$0.00,$0.00,$0.00,$19.00,-$1.73,-10
ZERO 8 / ZERO 9 S/HAND,,,,,,1,"$1,000.00",$909.09,$0.00,$0.00,$0.00,$0.00,$909.09,100
E-CITY BLUE FIT NEW HEAD LIGHT & BASKET & CHAIN & CHECH OVER,,,,,,1,$50.00,$45.45,$0.00,$0.00,$50.00,$0.00,$45.45,100
E20 ST RED NOT CHARGING,,,,,,1,$0.00,$0.00,$0.00,$0.00,$0.00,$0.00,$0.00,0
2X VSETT 10+ FIRST SERVICE PLUS FIT THUMB THROTTLES TO BOTH,,,,,,1,$0.00,$0.00,$0.00,$0.00,$0.00,$0.00,$0.00,0
ZERO 10X SCOOTER HAS FLOOD DAMAGE,,,,,,1,$0.00,$0.00,$0.00,$0.00,$0.00,$0.00,$0.00,0
ZERO 9 NOISE IN MOTOR / ZERO 10X IGNITION BARREL / MACHINE FOX CHARGER,,,,,,1,$100.00,$90.91,$0.00,$0.00,$100.00,$0.00,$90.91,100
3X BLACK SCOOTERS INSTALL 4X SOLID TYRES,,,,,,1,$0.00,$0.00,$0.00,$0.00,$0.00,$0.00,$0.00,0
VSETT 9+ WATER IN LCD DISPLAY SCOOTER SURGING FORWARD,,,,,,1,$35.00,$31.82,$0.00,$0.00,$35.00,$0.00,$31.82,100
SEGWAY NINEBOT MAX FIT NEW VALVE TO FRONT TYRE,,,,,,1,$35.00,$31.82,$0.00,$0.00,$35.00,$0.00,$31.82,100
VSETT 9/9+ Rear suspension spring,VS-9/9+-SUSP-SPR-R,,B9F6252A,VSETT,Ningbo Vsett,1,$15.00,$13.64,$0.00,$0.00,$0.00,$2.77,$10.87,79.69
VSETT 9/9+ Front suspension spring,VS-9/9+-SUSP-SPR-F,,57690A89,VSETT,Ningbo Vsett,1,$15.00,$13.64,$0.00,$0.00,$0.00,$2.77,$10.87,79.69
HEAD LIGHT GOOD S/HAND,,,,,,1,$30.00,$27.27,$0.00,$0.00,$0.00,$0.00,$27.27,100
SM E20 Battery Front Terminals,SM-BATT-F-TERM-E20,,A9215D34,Smartmotion,"Kunshan Cyclisport Co., Ltd",1,$2.85,$2.59,$0.00,$0.00,$0.00,$1.68,$0.91,35.16
Vsett 9 calliper bolts,,,,,,1,$0.00,$0.00,$0.00,$0.00,$0.00,$0.00,$0.00,0
ZERO 9 FLAT FRONT TYRE & THROTTLE BROKEN,,,,,,1,$50.00,$45.45,$0.00,$0.00,$50.00,$0.00,$45.45,100
TYRE 8.5 X 2 S/STEM STYLE,,,,,,1,$25.00,$22.73,$0.00,$0.00,$0.00,$0.00,$22.73,100
MI SCOOTER FIT NEW TYRE/TUBE,,,,,,1,$50.00,$45.45,$0.00,$0.00,$0.00,$0.00,$45.45,100
E20 step thru chain gaurd,,,,,,1,$0.00,$0.00,$15.95,$0.00,$0.00,$0.00,$0.00,0
MATE E-BIKE FLAT REAR TYRE,,,,,,1,$35.00,$31.82,$0.00,$0.00,$35.00,$0.00,$31.82,100
K5 E-BIKE WENT UNDER WATER IN FLOODS QUOTE ON REPAIR,,,,,,1,$0.00,$0.00,$0.00,$0.00,$0.00,$0.00,$0.00,0
ZERO 8X S:F8X518202003026 WONT TURN,,,,,,1,$0.00,$0.00,$0.00,$0.00,$0.00,$0.00,$0.00,0
TOMOLOO SCOOTER ADJUST BRAKE SYSTEM & CHECK OVER,,,,,,1,$50.00,$45.45,$0.00,$0.00,$50.00,$0.00,$45.45,100
Horizontal extension frame for bicycle,,,,,,1,$25.00,$22.73,$0.00,$0.00,$0.00,$25.00,-$2.27,-10
VSETT 11+ Front right suspension,VS-11+-F-SUSP-R,,B2460034,VSETT,Ningbo Vsett,1,$0.00,$0.00,$112.98,$0.00,$0.00,$102.71,-$102.71,0
VSETT 11+ Front left suspension,VS-11+-F-SUSP-L,,8403676,VSETT,Ningbo Vsett,1,$0.00,$0.00,$112.98,$0.00,$0.00,$102.71,-$102.71,0
E20 ST RED FIRST SERVICE,,,,,,1,$0.00,$0.00,$0.00,$0.00,$0.00,$0.00,$0.00,0
ESSENCE FRONT WHEEL,,,,,,1,$285.00,$259.09,$0.00,$0.00,$0.00,$0.00,$259.09,100
"X2 E20 ST RED/BLUE OLD STYLE. FIT TWO NEW KEY LOCKS & LCD DISPLAY, PRICE ON TRADE IN ON BOTH",,,,,,1,$50.00,$45.45,$0.00,$0.00,$50.00,$0.00,$45.45,100
"INOKIM LIGHT, INSTALL NEW TYRE/TUBE TO REAR SUPPLIED BY CUSTOMER",,,,,,1,$50.00,$45.45,$0.00,$0.00,$50.00,$0.00,$45.45,100
ZERO 10X UPGRADE TO HYDRO 52V-18AMP & REAR DISC DAMAGED.,,,,,,1,$0.00,$0.00,$0.00,$0.00,$0.00,$0.00,$0.00,0
DRAGON STYLE SCOOTER REPAIR FLAT REAR TYRE & CHECK DAMAGED TO MOTOR CABLE,,,,,,1,$50.00,$45.45,$0.00,$0.00,$50.00,$0.00,$45.45,100
WIND LIGHT,,,,,,1,$50.00,$45.45,$0.00,$0.00,$0.00,$0.00,$45.45,100
BICYLE REAR LIGHTS,,,,,,1,$50.00,$45.45,$0.00,$0.00,$0.00,$0.00,$45.45,100
ZERO Plastic Sleeve / ZERO Plastic Sleeve,ZER-PLS-SLE,,8422C0AB,Zero,Falcon PEV Pte Ltd,1,$4.50,$4.09,$0.00,$0.00,$0.00,$3.46,$0.63,15.42
vsett 8 drum brake,,,,,,1,$0.00,$0.00,$38.40,$0.00,$0.00,$0.00,$0.00,0
MI SCOOTER FIT TYRE/TUBE SUPPLIED BY CUSTOMER,,,,,,1,$50.00,$45.45,$0.00,$0.00,$50.00,$0.00,$45.45,100
zero suspension pin,,,,,,1,$8.00,$7.27,$0.00,$0.00,$0.00,$0.00,$7.27,100
Vsett 8 drum brake,,,,,,1,$38.40,$34.91,$0.00,$0.00,$0.00,$0.00,$34.91,100
General service,,,,,,1,$50.00,$45.45,$0.00,$0.00,$0.00,$0.00,$45.45,100
PEDAL SET S/HAND,,,,,,1,$30.00,$27.27,$0.00,$0.00,$0.00,$0.00,$27.27,100
TUBE 20X4,,,,,,1,$15.00,$13.64,$0.00,$0.00,$0.00,$0.00,$13.64,100
WARRANTY ITEM - VSETT 10+ CONTROLLER,,,,,,1,$0.00,$0.00,$150.00,$0.00,$0.00,$0.00,$0.00,0
WARRANTY ITEM - VSETT 9+ A,,,,,,1,$0.00,$0.00,$150.00,$0.00,$0.00,$0.00,$0.00,0
WARRANTY ITEM - PACER MOTOR CORE,,,,,,1,$0.00,$0.00,$150.00,$0.00,$0.00,$0.00,$0.00,0
WARRANTY ITEM ZERO 10X CONTROLLER B,,,,,,1,$0.00,$0.00,$159.00,$0.00,$0.00,$0.00,$0.00,0
WARRANTY ITEM - VSETT 9 CONTROLLER,,,,,,1,$0.00,$0.00,$120.00,$0.00,$0.00,$0.00,$0.00,0
WARRANTY CLAIM E20 FAULTY BATTERY,,,,,,1,$0.00,$0.00,$129.00,$0.00,$0.00,$0.00,$0.00,0
WARRANTY ITEM - PACER STRIP LIGHT 48V,,,,,,1,$0.00,$0.00,$35.95,$0.00,$0.00,$0.00,$0.00,0
SM Battery - Sport / 48V 12.8ah 3PIN,SM-BTRY-SPT-48V-12.8-3PIN,,943434F6,Smartmotion,"Kunshan Cyclisport Co., Ltd",1,$0.00,$0.00,$691.54,$0.00,$0.00,$419.11,-$419.11,0
Trike back end,,,,,,1,$0.00,$0.00,$0.00,$0.00,$0.00,$0.00,$0.00,0
Satellite On/Off - Pacer,,,,,,1,$34.95,$31.77,$0.00,$0.00,$0.00,$0.00,$31.77,100
KAABO WOLF KING SERVICE/BRAKE ISSUES/INSTALL NEW TYRES FRONT/REAR.,,,,,,1,$0.00,$0.00,$0.00,$0.00,$0.00,$0.00,$0.00,0
J.O908 CELL E-BIKE SPOKES BROKEN IN REAR TYRE & DAMAGED BRAKE LEVER,,,,,,1,$150.00,$136.36,$0.00,$0.00,$0.00,$0.00,$136.36,100
Gemma Calliper,,,,,,1,$0.00,$0.00,$32.14,$0.00,$0.00,$0.00,$0.00,0
"XIAOMI TYRE 8""",,,,,,1,$15.95,$14.50,$4.00,$0.00,$0.00,$0.00,$14.50,100
Sunrace Derailleur M50,,,,,,1,$0.00,$0.00,$24.50,$0.00,$0.00,$0.00,$0.00,0
BUTTON REPLACED,,,,,,1,$15.00,$13.64,$0.00,$0.00,$0.00,$0.00,$13.64,100
DUALTRON THUNDER,,,,,,1,"$4,481.40","$4,074.00",$0.00,$0.00,$0.00,$0.00,"$4,074.00",100
SMARTMOTION CATALYST HOUSING/BARREL LOCK,,,,,,1,$50.00,$45.45,$0.00,$0.00,$0.00,$0.00,$45.45,100
SMARTMOTION CATALYST BATTERY END-CAP,,,,,,1,$25.00,$22.73,$0.00,$0.00,$0.00,$0.00,$22.73,100
FITTING CHAIN & CASSETTE,,,,,,1,$20.00,$18.18,$0.00,$0.00,$0.00,$0.00,$18.18,100
CHAIN 9 SPEED,,,,,,1,$30.00,$27.27,$0.00,$0.00,$0.00,$0.00,$27.27,100
CASSETTE 9 SPEED,,,,,,1,$50.00,$45.45,$0.00,$0.00,$0.00,$0.00,$45.45,100
VSETT 9/9+ Folding Wrench Set,VS-9/9+-FLDG-WRNCH-SET,,B9AE0334,VSETT,Ningbo Vsett,1,$57.61,$52.37,$0.00,$0.00,$0.00,$52.37,$0.00,0
E20 FLOOD DAMAGE QUOTE ON REPAIR,,,,,,1,$0.00,$0.00,$0.00,$0.00,$0.00,$0.00,$0.00,0
INSPECTION FEE,,,,,,1,$50.00,$45.45,$0.00,$0.00,$0.00,$0.00,$45.45,100
VALK SCOOTER WONT POWER UP,,,,,,1,$50.00,$45.45,$0.00,$0.00,$50.00,$0.00,$45.45,100
DRAGON STYLE FLAT REAR TYRE,,,,,,1,$50.00,$45.45,$0.00,$0.00,$50.00,$0.00,$45.45,100
DRAGON STYLE FIT IGNITION KEY,,,,,,1,$50.00,$45.45,$0.00,$0.00,$50.00,$0.00,$45.45,100
FOCUS E-BIKE INSTALL NEW SHIFTER CABLE,,,,,,1,$50.00,$45.45,$0.00,$0.00,$50.00,$0.00,$45.45,100
PUT EGLIDE TYRE ON,,,,,,1,$40.00,$36.36,$0.00,$0.00,$0.00,$0.00,$36.36,100
Pacer 48V light strip,,,,,,1,$0.00,$0.00,$35.00,$0.00,$0.00,$0.00,$0.00,0
Smartmotion Catalyst 250W 48V / BLK / LGE / 12.8,SMB-CAT-LGE-12.8-BL,JL16100277,7F3E6168,,,1,"$2,200.00","$2,000.00",$0.00,$0.00,$0.00,"$1,674.63",$325.37,16.27
E-GLIDE SCOOTER FLAT TYRE,,,,,,1,$50.00,$45.45,$0.00,$0.00,$50.00,$0.00,$45.45,100
BLACK ELASTIC STRAP,,,,,,1,$0.00,$0.00,$0.00,$0.00,$0.00,$0.00,$0.00,0
SMARTMOTION COVER,,,,,,1,$0.00,$0.00,$0.00,$0.00,$0.00,$0.00,$0.00,0
MID DITY DERAILLUER,,,,,,1,$0.00,$0.00,$69.95,$0.00,$0.00,$0.00,$0.00,0
MAGNETIC DISC,,,,,,1,$20.00,$18.18,$0.00,$0.00,$0.00,$0.00,$18.18,100
VSETT 9+ REPAIR,,,,,,1,$210.00,$190.91,$0.00,$0.00,$0.00,$0.00,$190.91,100
WARRANTY REPAIR - ZERO 8,,,,,,1,$0.00,$0.00,$0.00,$0.00,$0.00,$0.00,$0.00,0
HYPERSONIC BATTERY - REPLACEMENT,,,,,,1,$0.00,$0.00,$0.00,$0.00,$0.00,$0.00,$0.00,0
HYPERSONIC BATTERY - NEO,,,,,,1,$0.00,$0.00,$0.00,$0.00,$0.00,$0.00,$0.00,0
Disc lock and alarm,,,,,,1,$31.00,$28.18,$0.00,$0.00,$0.00,$31.00,-$2.82,-10
SM Disc Rotor / E20 160MM,SM-DISC-ROTOR-E20,,9EE8E357,Smartmotion,"Kunshan Cyclisport Co., Ltd",1,$0.00,$0.00,$15.00,$0.00,$0.00,$0.00,$0.00,0
FULL SERVICE,,,,,,1,$80.00,$72.73,$0.00,$0.00,$0.00,$0.00,$72.73,100
BRAKE CALIPER S/HAND,,,,,,1,$30.00,$27.27,$0.00,$0.00,$0.00,$0.00,$27.27,100
BRAKE SYSTEM BLEED & FLUID,,,,,,1,$50.00,$45.45,$0.00,$0.00,$0.00,$0.00,$45.45,100
KAABO WOLF KING FULL SERVICE / NEW TYRES / BRAKE ISSUE,,,,,,1,$0.00,$0.00,$0.00,$0.00,$0.00,$0.00,$0.00,0
SM Skewer rear mid drive,,,,,,1,$12.31,$11.19,$0.00,$0.00,$0.00,$0.00,$11.19,100
WIND LIGHTS OLD STOCK,,,,,,1,$40.00,$36.36,$0.00,$0.00,$0.00,$0.00,$36.36,100
XIAOMI SOLID TYRE 8 X 2,,,,,,1,$30.00,$27.27,$0.00,$0.00,$0.00,$0.00,$27.27,100
DRAGON X10 INSTALL NUTT BRAKE KIT,,,,,,1,$100.00,$90.91,$0.00,$0.00,$100.00,$0.00,$90.91,100
ZERO 8 Locking Clip,ZER-8-LOC-CLIP,,8E3E7189,Zero,Falcon PEV Pte Ltd,1,$40.00,$36.36,$0.00,$0.00,$0.00,$28.00,$8.36,23
ZERO Wheel Axle / ZERO 8 Front Wheel Axle,ZER-8-WHE-AXL,,F600D117,Zero,Falcon PEV Pte Ltd,1,$6.00,$5.45,$0.00,$0.00,$0.00,$4.61,$0.84,15.48
ZERO Head Set Cup Upper (with bearing),ZER-HS-CUP-UPP,,D66B463D,Zero,Falcon PEV Pte Ltd,1,$40.00,$36.36,$0.00,$0.00,$0.00,$30.76,$5.60,15.41
E-BIKE RED POWER CUTTING OUT & ERROR 06 & CRANK LOOSE,,,,,,1,$100.00,$90.91,$0.00,$0.00,$100.00,$0.00,$90.91,100
SCT Bottle Cage / Black/Red,DUAL-CGE-BKRE,,4F8CC007,BBC,,1,$24.99,$22.72,$0.00,$0.00,$0.00,$19.06,$3.66,16.1
SCT Bottle Cage / Black/White,DUAL-CGE-BKWH,,DEA7AE13,BBC,,1,$24.99,$22.72,$0.00,$0.00,$0.00,$19.06,$3.66,16.1
E-BIKE BATTERY 36V NOT CHARGING,,,,,,1,$50.00,$45.45,$0.00,$0.00,$50.00,$0.00,$45.45,100
31.8mm Sports Handle bar,,,,,,1,$35.00,$31.82,$0.00,$0.00,$0.00,$35.00,-$3.18,-10
OnGuard 8268 Alarmed U-Lock,,,,,,1,$100.00,$90.91,$0.00,$0.00,$0.00,$0.00,$90.91,100
Smartmotion Catalyst 250W 48V / GRN / SML / 12.8,SMB-CAT-SM-12.8-GR,JL16100474,6CC9D9D1,,,1,"$2,200.00","$2,000.00",$0.00,$0.00,$0.00,"$1,538.46",$461.54,23.08
SCT Billy Helmet / Matt Black / 55-58CM,BILLY-HELMET-BK,,6C8F93A6,,Cambak Pty Ltd,1,$54.64,$49.67,$5.35,$0.00,$0.00,$0.00,$49.67,100
VSETT 11+ Motor / 60V Rear,VS-11+-R-MOTOR-60V,,0305F56C,VSETT,,1,$377.06,$342.78,$0.00,$0.00,$0.00,$342.78,$0.00,0
Pacer GT battery End Connectors,,,,,,1,$30.00,$27.27,$0.00,$0.00,$0.00,$0.00,$27.27,100
SM Pacer Display 36V,SM-PACER-DISP,,B64BD20B,Smartmotion,"Kunshan Cyclisport Co., Ltd",1,$84.16,$76.51,$0.00,$0.00,$0.00,$69.55,$6.96,9.1
Rock N Roll - holy cow,,,,,,1,$14.99,$13.63,$0.00,$0.00,$0.00,$0.00,$13.63,100
200KM complimentary first service,,,,,,1,$0.00,$0.00,$100.00,$0.00,$0.00,$0.00,$0.00,0
Loan Scooter: Vsett 9+,,,,,,1,$150.00,$136.36,$0.00,$0.00,$150.00,$0.00,$136.36,100
Essence Rear wheel set,,,,,,1,$161.15,$146.50,$0.00,$0.00,$0.15,$0.00,$146.50,100
"SM Rim / AlexRims DP23 - 26"" (559x23) / ECITY/EURBAN",SM-WHL-RIM-CLS,,22623373,Smartmotion,"Kunshan Cyclisport Co., Ltd",1,$47.96,$43.60,$11.99,$0.00,$59.95,$0.00,$43.60,100
PROGRAMMING CABLE AND USB X-CITY/MID-CITY,,,,,,1,$59.95,$54.50,$0.00,$0.00,$0.00,$0.00,$54.50,100
PLASTIC RING FOR E-20 FOLDING MECHANISM,,,,,,1,$5.95,$5.41,$0.00,$0.00,$0.00,$5.95,-$0.54,-10
ZERO Shock Absorber Block / ZERO 9,ZER-9-SHO-ABS-BLC,,C85DB44A,Zero,Falcon PEV Pte Ltd,1,$28.00,$25.45,$0.00,$0.00,$0.00,$12.60,$12.85,50.5
ZERO 8 REPAIR LCD DISPLAY,,,,,,1,$50.00,$45.45,$0.00,$0.00,$50.00,$0.00,$45.45,100
XIAOMI SCOOTER WONT TURN ON,,,,,,1,$30.00,$27.27,$0.00,$0.00,$30.00,$0.00,$27.27,100
HERO 8 REPAIR FRONT TYRE,,,,,,1,$50.00,$45.45,$0.00,$0.00,$0.00,$0.00,$45.45,100
Smartmotion Essence 250w 10.4AH / Blue,SMB-ESS-BLUE,JL17071113,C841C6E0,Smartmotion,"Kunshan Cyclisport Co., Ltd",1,$0.00,$0.00,"$1,397.90",$0.00,$0.00,$903.90,-$903.90,0
MID-CITY FIRST SERVICE,,,,,,1,$0.00,$0.00,$0.00,$0.00,$0.00,$0.00,$0.00,0
disk lock,,,,,,1,$40.00,$36.36,$0.00,$0.00,$0.00,$0.00,$36.36,100
Service / Plus,10069,,C33608F5,,,1,$199.00,$180.91,$0.00,$0.00,$0.00,$0.00,$180.91,100
RE Vibration alarm,,,,,,1,$121.50,$110.46,$3.45,$0.00,$0.00,$124.95,-$14.49,-13.12
Tubeless valve,,,,,,1,$10.00,$9.09,$0.00,$0.00,$0.00,$0.00,$9.09,100
111 DAPU NYLON GEAR,,,,,,1,$50.00,$45.45,$0.00,$0.00,$0.00,$50.00,-$4.55,-10
111 INNER GEAR CABLE,,,,,,1,$15.00,$13.64,$0.00,$0.00,$0.00,$15.00,-$1.36,-10
CATALYST NO DRIVE,,,,,,1,$50.00,$45.45,$0.00,$0.00,$0.00,$0.00,$45.45,100
P.A.S SENSOR,,,,,,1,$25.00,$22.73,$0.00,$0.00,$0.00,$0.00,$22.73,100
NRC11 E-BIKE WIRING LOOM DAMAGED & CHECK OVER,,,,,,1,$100.00,$90.91,$0.00,$0.00,$100.00,$0.00,$90.91,100
WORKSHOP SUPPLIES CONNECTORS/SOLDER/HEAT SHRINK,,,,,,1,$25.00,$22.73,$0.00,$0.00,$0.00,$0.00,$22.73,100
DUALCAGE BOTTLE HOLDER,,,,,,1,$20.00,$18.18,$0.00,$0.00,$0.00,$0.00,$18.18,100
CAGEFIX STRAPS,,,,,,1,$10.00,$9.09,$0.00,$0.00,$0.00,$0.00,$9.09,100
VSETT 11+ SERVICE BRAKE SYSTEM,,,,,,1,$0.00,$0.00,$0.00,$0.00,$0.00,$0.00,$0.00,0
SEGWAY STYLE NINEBOT INSTALL TYRE/VALVE SUPPLIED BY CUSTOMER,,,,,,1,$70.00,$63.64,$0.00,$0.00,$70.00,$0.00,$63.64,100
"E-GLIDE FRONT WHEEL DAMAGED, HUB LOCKING UP",,,,,,1,$50.00,$45.45,$0.00,$0.00,$50.00,$0.00,$45.45,100
VSETT 10+ Light module,VS-10+-LIGHT-MLD,,B2682FF7,VSETT,Ningbo Vsett,1,$15.45,$14.05,$0.00,$0.00,$0.00,$14.05,$0.00,0
ZERO 10X Front Swing Arms,ZER-10X-FRO-FOR,,A0FA0842,Zero,Falcon PEV Pte Ltd,1,$210.00,$190.91,$0.00,$0.00,$0.00,$115.50,$75.41,39.5
KUSH MINI REPAIR FLAT REAR,,,,,,1,$50.00,$45.45,$0.00,$0.00,$50.00,$0.00,$45.45,100
Quando midcity / xcity hub,,,,,,1,$34.38,$31.25,$12.12,$0.00,$0.00,$0.00,$31.25,100
SEGWAY NINEBOT INSTALL SOLID TYRE SUPPLIED BY CUSTOMER,,,,,,1,$100.00,$90.91,$0.00,$0.00,$100.00,$0.00,$90.91,100
Hypersonic Neo Forks,HYP-NEO-FORK,,96EBF094,Smartmotion,"Kunshan Cyclisport Co., Ltd",1,$195.66,$177.87,$0.00,$0.00,$0.00,$127.05,$50.82,28.57
sm classic comms,,,,,,1,$18.17,$16.51,$7.79,$0.00,$0.00,$0.00,$16.51,100
sm classic manifold,,,,,,1,$35.00,$31.82,$15.00,$0.00,$0.00,$0.00,$31.82,100
Sm classic controller,,,,,,1,$105.00,$95.45,$45.00,$0.00,$0.00,$0.00,$95.45,100
VSETT 9/9+ Cover plate (rubber),VS-9/9+-COVR-PLT-RUBBER,,EB84D4ED,VSETT,Ningbo Vsett,1,$0.00,$0.00,$24.40,$0.00,$0.00,$22.18,-$22.18,0
VSETT 9/9+ Main board,VS-9/9+-MAIN-BRD,,129CE2C0,VSETT,Ningbo Vsett,1,$0.00,$0.00,$100.93,$0.00,$0.00,$91.75,-$91.75,0
ZERO 8 THROTTLE BROKEN & WONT TURN ON,,,,,,1,$50.00,$45.45,$0.00,$0.00,$50.00,$0.00,$45.45,100
E-GLIDE REPAIR FLAT FRONT TYRE,,,,,,1,$50.00,$45.45,$0.00,$0.00,$50.00,$0.00,$45.45,100
MID-CITY WHHEL BLACK - REAR,,,,,,1,$0.00,$0.00,$139.95,$0.00,$0.00,$139.95,-$139.95,0
MID-CITY WHEEL - BLACK FRONT,,,,,,1,$0.00,$0.00,$99.99,$0.00,$0.00,$99.99,-$99.99,0
GOOD S/HAND LCD DISPLAY,,,,,,1,$60.00,$54.55,$0.00,$0.00,$0.00,$0.00,$54.55,100
VSETT 10+/ZERO 10X FIRST SERVICE,,,,,,1,$50.00,$45.45,$0.00,$0.00,$50.00,$0.00,$45.45,100
Ninebot Tyre - Low Profile,,,,,,1,$75.00,$68.18,$0.00,$0.00,$0.00,$75.00,-$6.82,-10
Gub Phone Holder,,,,,,1,$22.46,$20.41,$2.50,$0.00,$0.00,$24.95,-$4.54,-22.22
ZERO 10 POWER CUT OUT BATTERY ISSUE,,,,,,1,$0.00,$0.00,$0.00,$0.00,$0.00,$0.00,$0.00,0
VSETT 10+ DOWN ON POWER & BATTERY RUN TIME,,,,,,1,$0.00,$0.00,$0.00,$0.00,$0.00,$0.00,$0.00,0
VSETT 9 LOOSE HANDLE BAR & CHECK OVER,,,,,,1,$0.00,$0.00,$0.00,$0.00,$0.00,$0.00,$0.00,0
VSETT 10+ CUTTING OUT ERROR 06,,,,,,1,$0.00,$0.00,$0.00,$0.00,$0.00,$0.00,$0.00,0
2X ZER0 9 SERVICE / CHECK FORKS / SHOCK BUSHES,,,,,,1,$200.00,$181.82,$0.00,$0.00,$200.00,$0.00,$181.82,100
VSETT 8 FULL SERVICE & REPAIR FLAT TYRE,,,,,,1,$100.00,$90.91,$0.00,$0.00,$0.00,$0.00,$90.91,100
VSETT 8 S:V8S48V61070036 DECK CRACKED NEEDS REPLACING & FRONT SHOCK BOLT BROKEN,,,,,,1,$0.00,$0.00,$0.00,$0.00,$0.00,$0.00,$0.00,0
VSETT 8 DECK,,,,,,1,$0.00,$0.00,$0.00,$0.00,$0.00,$0.00,$0.00,0
MI SCOOTER INSTALL SOLID TYRE TO REAR,,,,,,1,$50.00,$45.45,$0.00,$0.00,$50.00,$0.00,$45.45,100
ZOOM REAR CALIPER,,,,,,1,$95.00,$86.36,$0.00,$0.00,$0.00,$0.00,$86.36,100
smartmotion docking station mid/Xcity,,,,,,1,$49.95,$45.41,$0.00,$0.00,$0.00,$49.95,-$4.54,-10
"XIAOMI TYRES 8"" SOLID",,,,,,1,$14.00,$12.73,$0.00,$0.00,$0.00,$14.00,-$1.27,-10
ZERO 8X Controller / 52V 26Ah - Front,ZER-8X-CON-52V26-A,,1C1B8979,Zero,Falcon PEV Pte Ltd,1,$105.00,$95.45,$0.00,$0.00,$0.00,$50.40,$45.05,47.2
ZERO 8 Folding Lever,ZER-8-FOL-LEV,,E20034A2,Zero,Falcon PEV Pte Ltd,1,$9.10,$8.27,$0.00,$0.00,$0.00,$4.20,$4.07,49.23
SM Smart BMS for Battery / 48V (13S),SM-SMRT-BMS-48V,,F02D782C,Zero,Falcon PEV Pte Ltd,1,$0.00,$0.00,$25.95,$0.00,$0.00,$25.95,-$25.95,0
"20"" TUBE",,,,,,1,$13.00,$11.82,$0.00,$0.00,$13.00,$0.00,$11.82,100
"SCHWABLE BIG APPLE 20"" TYRE",,,,,,1,$60.00,$54.55,$0.00,$0.00,$0.00,$60.00,-$5.45,-10
"SM Rim / Alexrims X2100 - 26"" / ESSENCE",SM-WHL-RIM-ES559190,,49C9197E,Smartmotion,"Kunshan Cyclisport Co., Ltd",1,$38.46,$34.96,$0.00,$0.00,$0.00,$23.31,$11.65,33.33
DRAGON X9 FIT NEW BRAKE LEVER,,,,,,1,$50.00,$45.45,$0.00,$0.00,$0.00,$0.00,$45.45,100
Kryptonite Evolution U-Lock,,,,,,1,$124.95,$113.59,$0.00,$0.00,$0.00,$124.95,-$11.36,-10
E-GLIDE REPAIR BATTERY CONNECTION PORT,,,,,,1,$50.00,$45.45,$0.00,$0.00,$50.00,$0.00,$45.45,100
"ZERO 8 WON'T CHARGE OR TURN ON,",,,,,,1,$0.00,$0.00,$0.00,$0.00,$0.00,$0.00,$0.00,0
ZERO 8 INSTALL NEW DECK & CHECK OVER,,,,,,1,$150.00,$136.36,$0.00,$0.00,$150.00,$0.00,$136.36,100
ZERO 10X REPAIR FLAT REAR TYRE,,,,,,1,$50.00,$45.45,$0.00,$0.00,$0.00,$0.00,$45.45,100
VSETT 9 V9S52V6121030053 LOOSE RIGHT SIDE HANDLE BAR,,,,,,1,$0.00,$0.00,$0.00,$0.00,$0.00,$0.00,$0.00,0
DC to DC 12 Volt converter,,,,,,1,$32.00,$29.09,$0.00,$0.00,$0.00,$32.00,-$2.91,-10
SEGWAY NINEBOT MAX ERROR 15 BRAKE LEVER,,,,,,1,$50.00,$45.45,$0.00,$0.00,$0.00,$0.00,$45.45,100
SM Classic Brake set front,SM-CLS-BRK-SET-FNT,,25C919FC,Smartmotion,"Kunshan Cyclisport Co., Ltd",1,$0.00,$0.00,$89.95,$0.00,$0.00,$0.00,$0.00,0
Tube 10x2.125 Straight Valve,,,,,,1,$20.00,$18.18,$0.00,$0.00,$0.00,$20.00,-$1.82,-10
10x2.125 Non Series Tyre (SEGWAY),,,,,,1,$35.00,$31.82,$0.00,$0.00,$0.00,$35.00,-$3.18,-10
Tyre Hugger,,,,,,1,$35.00,$31.82,$0.00,$0.00,$0.00,$0.00,$31.82,100
BBB 1500 Lumens Lighjt,,,,,,1,$50.00,$45.45,$0.00,$0.00,$0.00,$0.00,$45.45,100
GAIN HELMET - HOT PINK,,,,,,1,$55.00,$50.00,$0.00,$0.00,$0.00,$55.00,-$5.00,-10
ZERO 8X Controller / 52V 18Ah - Rear,ZER-8X-CON-52V18-B,,C120713C,Zero,Falcon PEV Pte Ltd,1,$105.00,$95.45,$0.00,$0.00,$0.00,$50.40,$45.05,47.2
ZERO 8X Controller / 52V 18Ah - Front,ZER-8X-CON-52V18-A,,34F506DE,Zero,Falcon PEV Pte Ltd,1,$0.00,$0.00,$105.00,$0.00,$0.00,$50.40,-$50.40,0
SM Battery/36V/HyperSonic / Black/Orange,SM-BAT-36V-HS-B/O,WDDHL360145519120048,BBF2021C,Smartmotion,"Kunshan Cyclisport Co., Ltd",1,$0.00,$0.00,$724.68,$0.00,$0.00,$549.00,-$549.00,0
ZERO LEVER [ONLY],,,,,,1,$15.00,$13.64,$0.00,$0.00,$0.00,$0.00,$13.64,100
ZERO Main Steering Tube / ZERO 8X,ZER-8X-MAI-STE,,576722EB,Zero,Falcon PEV Pte Ltd,1,$0.00,$0.00,$90.00,$0.00,$0.00,$62.30,-$62.30,0
"Kaiser Baas 8"" tyre",,,,,,1,$40.00,$36.36,$0.00,$0.00,$0.00,$0.00,$36.36,100
2X X-CITY FIRTS SERVICE,,,,,,1,$0.00,$0.00,$0.00,$0.00,$0.00,$0.00,$0.00,0
"KAABO MANTIC 8"" HEADSET BEARINGS DAMAGED & CHECK BRAKES",,,,,,1,$100.00,$90.91,$0.00,$0.00,$100.00,$0.00,$90.91,100
1% CREDIT CARD SURCHARGE,,,,,,1,$424.10,$385.55,$0.00,$0.00,$0.00,$0.00,$385.55,100
KUSH SERVICE/CHECK BRAKES & FLUID/HEADSET LOOSE/THROTTLE GRIP/HEAD LIGHTS,,,,,,1,$150.00,$136.36,$0.00,$0.00,$0.00,$0.00,$136.36,100
ZERO BRAKE CALLIPER,,,,,,1,$45.00,$40.91,$0.00,$0.00,$0.00,$0.00,$40.91,100
E20 FOLDING HANDLEBAR LEVER/LATCH,,,,,,1,$0.00,$0.00,$28.00,$0.00,$0.00,$28.00,-$28.00,0
SM Sport Catalyst forks,SM-SPT-CL-FRK,,62EA6AD3,Smartmotion,"Kunshan Cyclisport Co., Ltd",1,$185.25,$168.41,$9.75,$0.00,$0.00,$150.00,$18.41,10.93
VSETT 10+ PINS AND SCREWS FOLDING MECHANSIMS,,,,,,1,$24.95,$22.68,$0.00,$0.00,$0.00,$0.00,$22.68,100
VSETT 10+ FOLDING CLASP PIN,,,,,,1,$10.95,$9.95,$0.00,$0.00,$0.00,$0.00,$9.95,100
VSETT 10+ STEERING POLE MOUNT,,,,,,1,$21.95,$19.95,$0.00,$0.00,$0.00,$0.00,$19.95,100
VSETT 10+ Main tube,VS-10+-MAIN-TUBE,,FC6B67A2,VSETT,Ningbo Vsett,1,$137.42,$124.93,$0.00,$0.00,$0.00,$124.93,$0.00,0
TRINX E-BIKE MOTOR LOCKING MAYBE CABLE DAMAGE & QUOTE ON REPAIRING UP TO RUNNING SPEC,,,,,,1,$100.00,$90.91,$0.00,$0.00,$100.00,$0.00,$90.91,100
11X Motor Rim,,,,,,1,$25.00,$22.73,$0.00,$0.00,$0.00,$0.00,$22.73,100
VSETT 8+/9+  communication cable,VS-8+/9+-ONE-LINE,,E2237253,VSETT,Ningbo Vsett,1,$14.45,$13.14,$0.00,$0.00,$0.00,$13.14,$0.00,0
VSETT 8+/9+ Single/Dual Button Switch,VS-8+/9/9+-BTN-SWTCH,,7C2785DC,VSETT,Ningbo Vsett,1,$12.99,$11.81,$0.00,$0.00,$0.00,$11.81,$0.00,0
KAABO WOLF INSTALL TYRE SUPPLIED BY CUSTOMER,,,,,,1,$100.00,$90.91,$0.00,$0.00,$100.00,$0.00,$90.91,100
VSETT REPAIR FLAT TYRE,,,,,,1,$50.00,$45.45,$0.00,$0.00,$0.00,$0.00,$45.45,100
TUBE 11X4 BENT STEM,,,,,,1,$22.50,$20.45,$0.00,$0.00,$0.00,$0.00,$20.45,100
FRONT CALLIPER BRACKET,,,,,,1,$8.25,$7.50,$0.00,$0.00,$0.00,$8.25,-$0.75,-10
ZERO 10X REPAIR FLAT TYRE,,,,,,1,$50.00,$45.45,$0.00,$0.00,$0.00,$0.00,$45.45,100
BATTERY REPAIR - ROCKER SWITCH,,,,,,1,$9.95,$9.05,$0.00,$0.00,$0.00,$0.00,$9.05,100
S/HAND POUCH,,,,,,1,$15.00,$13.64,$0.00,$0.00,$0.00,$0.00,$13.64,100
SM Battery/Docking/Station / Battery Rail w/o Key,SM-DOC-ST-RAIL,,AF1B2661,Smartmotion,"Kunshan Cyclisport Co., Ltd",1,$0.00,$0.00,$46.15,$0.00,$0.00,$27.97,-$27.97,0
VSETT 11+ Left Rocker Arm Rear,VS-11+-LEFT-RKR-ARM-R,,3625C4FC - copy,VSETT,Ningbo Vsett,1,$62.84,$57.13,$0.00,$0.00,$0.00,$20.95,$36.18,63.33
VSETT 11+ Right rocker arm Rear,VS-11+-RIGHT-RKR-ARM-R,,4E4FFDA4,VSETT,Ningbo Vsett,1,$62.84,$57.13,$0.00,$0.00,$0.00,$20.95,$36.18,63.33
SM Pedals / 9/16 Comfort Wellgo C169 / MIDCITY,SM-PDS-WCOMFORT01,,0F6A735D,Smartmotion,"Kunshan Cyclisport Co., Ltd",1,$20.00,$18.18,$1.00,$0.00,$0.00,$16.15,$2.03,11.17
Proviz Reflective 360 / UK12 / Gilet,PROVIZ-362-12-GIL,,502AECB0,,,1,$55.00,$50.00,$45.00,$0.00,$0.00,$100.00,-$50.00,-100
TUBE 10X2 S/STEM,,,,,,1,$20.00,$18.18,$0.00,$0.00,$0.00,$0.00,$18.18,100
MI SCOOTER REPAIR FLAT TYRE,,,,,,1,$50.00,$45.45,$0.00,$0.00,$50.00,$0.00,$45.45,100
DRAGON STYLE REPAIR BRAKE SYSTEM,,,,,,1,$50.00,$45.45,$0.00,$0.00,$50.00,$0.00,$45.45,100
SMARTMOTION X-CITY ERROR CODE 4,,,,,,1,$0.00,$0.00,$0.00,$0.00,$0.00,$0.00,$0.00,0
BRAKE CABLE INNER,,,,,,1,$15.00,$13.64,$0.00,$0.00,$0.00,$0.00,$13.64,100
ZERO 8 DECK BOLT,,,,,,1,$5.95,$5.41,$0.00,$0.00,$5.95,$0.00,$5.41,100
"XIAOMI 8"" SOLID TYRE",,,,,,1,$30.00,$27.27,$0.00,$0.00,$0.00,$30.00,-$2.73,-10
PROGRAMMING CABLE,,,,,,1,$29.50,$26.82,$0.00,$0.00,$0.00,$0.00,$26.82,100
SM BATTERY 36V-15.6AMP S:WDDHB36015S20120187 WONT CHARGE,,,,,,1,$0.00,$0.00,$0.00,$0.00,$0.00,$0.00,$0.00,0
SM Motor Core / Dapu M155 CD 36-48v / E20/ECITY/EURB,SM-MTR-CR-DRHAM15500,,1C2A31EF,Smartmotion,"Kunshan Cyclisport Co., Ltd",1,$0.00,$0.00,$192.31,$0.00,$0.00,$116.55,-$116.55,0
NINEBOT STYLE INSTALL KICK STAND SUPPLIED BY CUSTOMER & CHECK OVER,,,,,,1,$50.00,$45.45,$0.00,$0.00,$50.00,$0.00,$45.45,100
TYRE 50/75-6.1,,,,,,1,$10.00,$9.09,$0.00,$0.00,$0.00,$0.00,$9.09,100
10A FUSE,,,,,,1,$0.00,$0.00,$1.00,$0.00,$0.00,$0.00,$0.00,0
Sunrace Race 11 - 42T Cassette,,,,,,1,$60.12,$54.65,$9.87,$0.00,$0.00,$69.99,-$15.34,-28.06
VSETT 9+ 48V-15.6AMP TRADE-IN S:V9P48V6121030007,,,,,,1,"$1,300.00","$1,181.82",$0.00,$0.00,$0.00,$0.00,"$1,181.82",100
AFTERSHOKZ AEROPLEX Wireless Bluetooth Headphones / Cosmic Black,AFTRSHKZ-HDPHNS- BL,,358D2A7E,,FE Sports,1,$219.00,$199.09,$30.00,$0.00,$0.00,$249.00,-$49.91,-25.07
SMARTMOTION  ESSENCE FRONT CALIPER,,,,,,1,$0.00,$0.00,$30.00,$0.00,$0.00,$0.00,$0.00,0
SM Classic Brake Light,SM-CLS-BRK-LGT,,2E3D8F17,Smartmotion,"Kunshan Cyclisport Co., Ltd",1,$0.00,$0.00,$20.95,$0.00,$0.00,$0.00,$0.00,0
OLD STYLE E-BIKE QUOTE ON REPAIR,,,,,,1,$50.00,$45.45,$0.00,$0.00,$50.00,$0.00,$45.45,100
Smartmotion Pacer 250W 48V / ORANGE / LGE / 12.8,,,,,,1,"$2,200.00","$2,000.00",$110.00,$0.00,$0.00,$0.00,"$2,000.00",100
WIDE WHEEL SERVICE / CHECK BRAKES,,,,,,1,$100.00,$90.91,$0.00,$0.00,$100.00,$0.00,$90.91,100
WIRE BASKET,,,,,,1,$49.98,$45.43,$49.98,$0.00,$0.00,$0.00,$45.43,100
Valve Stem,,,,,,1,$9.95,$9.05,$0.00,$0.00,$0.00,$0.00,$9.05,100
111 Fuse,,,,,,1,$5.00,$4.55,$0.00,$0.00,$0.00,$5.00,-$0.45,-10
MOTOR CABLE PACER,,,,,,1,$24.95,$22.68,$0.00,$0.00,$0.00,$0.00,$22.68,100
Yakima Tow Ball,,,,,,1,$35.95,$32.68,$0.00,$0.00,$0.00,$0.00,$32.68,100
Basil Cento Rattan Look MIK,,,,,,1,$159.95,$145.41,$0.00,$0.00,$0.00,$0.00,$145.41,100
CARRO TRIKE MOTOR CABLE DAMAGED,,,,,,1,$50.00,$45.45,$0.00,$0.00,$0.00,$0.00,$45.45,100
DRAGON GTR ERROR LIGHT & NO POWER,,,,,,1,$50.00,$45.45,$0.00,$0.00,$50.00,$0.00,$45.45,100
MID-CITY BLUE FULL SERVICE & FIT THROTTLE,,,,,,1,$100.00,$90.91,$0.00,$0.00,$100.00,$0.00,$90.91,100
SATELLITE BUTTON ON/OFF SWITCH / Colour LCD - C800S - MID DRIVE,SAT-ON-OFF-BUT-MID-CLR,,5520F944,Smartmotion,"Kunshan Cyclisport Co., Ltd",1,$31.00,$28.18,$0.00,$0.00,$0.00,$16.50,$11.68,41.45
SM Sport Left side crank,SM-SPT-L-SD-CRNK,,CD1C3F18,Smartmotion,"Kunshan Cyclisport Co., Ltd",1,$0.00,$0.00,$25.17,$0.00,$0.00,$0.00,$0.00,0
toggle switch,,,,,,1,$0.00,$0.00,$7.00,$0.00,$0.00,$0.00,$0.00,0
Yakima JustClick 2,YAK-JUSTClICK-2,,AA317405,Yakima,Yakima Australia Pty Ltd,1,$899.00,$817.27,$200.00,$0.00,$0.00,$624.43,$192.84,23.6
ZERO S/HAND SPARE PARTS,,,,,,1,$150.00,$136.36,$0.00,$0.00,$0.00,$0.00,$136.36,100
ZERO 10X REPLACE DAMAGED STEM & OTHER PARTS NEED & CHECK OVER,,,,,,1,$300.00,$272.73,$0.00,$0.00,$0.00,$0.00,$272.73,100
KUSH STYLE SCOOTER REAR MOTOR ISSUES,,,,,,1,$250.00,$227.27,$0.00,$0.00,$250.00,$0.00,$227.27,100
WIRE BASKET - FITTED,,,,,,1,$35.00,$31.82,$0.00,$0.00,$0.00,$0.00,$31.82,100
SM Cassette- Sunrace 8 speed / M66 11-32T,SM-CSST-SUN-8SPM66,,F8146A21,Sunrace,,1,$35.00,$31.82,$0.00,$0.00,$0.00,$19.91,$11.91,37.43
ZERO 10X Front Connector Arm,ZER-10X-ARM-FRN,,97CF317D,Zero,Falcon PEV Pte Ltd,1,$180.00,$163.64,$0.00,$0.00,$0.00,$115.50,$48.14,29.42
ZERO 10X Suspension Pivot Axle Upper,ZER-10X-SUS-SHA-UPPER,,A09194B4,Zero,Falcon PEV Pte Ltd,1,$10.89,$9.90,$0.00,$0.00,$0.00,$6.60,$3.30,33.33
ZERO 8 Folding Block,ZER-8-FOL-BLK,,FE0CA5C2,Zero,Falcon PEV Pte Ltd,1,$29.04,$26.40,$0.00,$0.00,$0.00,$16.50,$9.90,37.5
Velo Seat,,,,,,1,$65.00,$59.09,$0.00,$0.00,$0.00,$65.00,-$5.91,-10
BATTERY 48V S/HAND,,,,,,1,$300.00,$272.73,$0.00,$0.00,$0.00,$0.00,$272.73,100
Helmet - TRAJECTA w Fidlock / Maton / LGE,HELMET-TRAJECTA-MATON-LGE,,625B2B1D,,FE Sports,1,$264.00,$240.00,$0.00,$0.00,$0.00,$240.00,$0.00,0
Helmet - TRAJECTA w Fidlock / Maton / XL,HELMET-TRAJECTA-MATON-XL,,ABE63E89,,FE Sports,1,$264.00,$240.00,$0.00,$0.00,$0.00,$240.00,$0.00,0
Yakima Hold Up Evo 2,YAK-HLDUPEVO-2,,EB666962,Yakima,Yakima Australia Pty Ltd,1,$600.00,$545.45,$139.00,$0.00,$0.00,$0.00,$545.45,100
SM SATELLITE BUTTON ON/OFF SWITCH / Colour LCD - C800S - MID DRIVE,SAT-ON-OFF-BUT-MID-CLR,,5520F944,Smartmotion,"Kunshan Cyclisport Co., Ltd",1,$0.00,$0.00,$31.00,$0.00,$0.00,$16.50,-$16.50,0
VSETT 8/9  Communication Cable,VS-8/9-SGL-DRV-1-LINE,,99481EAA,VSETT,Ningbo Vsett,1,$0.00,$0.00,$17.51,$0.00,$0.00,$15.92,-$15.92,0
E-20 MANIFOLD BRACKET,,,,,,1,$2.95,$2.68,$0.00,$0.00,$0.00,$0.00,$2.68,100
DRAGON LIGHTNING V2 INSTALL TYRES SUPPLIED BY CUSTOMER & CHECK FRONT CALIPER,,,,,,1,$150.00,$136.36,$0.00,$0.00,$0.00,$0.00,$136.36,100
BENELLE SCOOTER REAR SHOCK MOUNT BROKEN,,,,,,1,$100.00,$90.91,$0.00,$0.00,$0.00,$0.00,$90.91,100
EXTENSION CABLE FOR BOTTOM BRACKET,,,,,,1,$0.00,$0.00,$0.00,$0.00,$0.00,$0.00,$0.00,0
AZUR COVE,,,,,,1,$38.00,$34.55,$0.00,$0.00,$0.00,$0.00,$34.55,100
ZERO 10 FULL SERVICE/REPAIR KICK STAND/CHECK BRAKES/LED DECK LIGHT ISSUE,,,,,,1,$150.00,$136.36,$0.00,$0.00,$50.00,$0.00,$136.36,100
FITTING,,,,,,1,$25.00,$22.73,$0.00,$0.00,$0.00,$0.00,$22.73,100
Power button for 48V Sports Battery,,,,,,1,$14.00,$12.73,$0.00,$0.00,$0.00,$0.00,$12.73,100
NRG11 E-BIKE WIRING LOOM DAMAGED & REAR WHEEL LOOSE,,,,,,1,$100.00,$90.91,$0.00,$0.00,$100.00,$0.00,$90.91,100
SM Hypersonic G5 Throttles,SM-HYPER G5-THROTTLE,,,,,1,$24.81,$22.55,$0.00,$0.00,$0.00,$7.52,$15.03,66.66
2X VSETT 8 INSTALL SOLID TYRES TO BOTH,,,,,,1,$65.00,$59.09,$0.00,$0.00,$65.00,$0.00,$59.09,100
VSETT 8 V8S48V6121070007 DECK BROKEN [WARRANTY],,,,,,1,$0.00,$0.00,$0.00,$0.00,$0.00,$0.00,$0.00,0
VSETT 8 V8S48V61030005 ERROR CODE 10 [WARRANTY],,,,,,1,$0.00,$0.00,$0.00,$0.00,$0.00,$0.00,$0.00,0
MACHINE FOX REPAIR FLAT REAR TYRE,,,,,,1,$50.00,$45.45,$0.00,$0.00,$0.00,$0.00,$45.45,100
EXTENSION CORD FOR BOTTOM BRACKET,,,,,,1,$0.00,$0.00,$0.00,$0.00,$0.00,$0.00,$0.00,0
BLACK SCOOTER FULL SERVICE/CHECK BRAKES/CHAIN/SPEED DISPLAY/POWER CONTROL,,,,,,1,$100.00,$90.91,$0.00,$0.00,$0.00,$0.00,$90.91,100
SMARTMOTION BMS,,,,,,1,$49.95,$45.41,$0.00,$0.00,$0.00,$0.00,$45.41,100
SM Smart BMS / 36V without DC to DC,SM-BMS-36,,6DB3B7B6,Smartmotion,"Kunshan Cyclisport Co., Ltd",1,$49.95,$45.41,$0.00,$0.00,$0.00,$34.96,$10.45,23.01
VSETT 10+ 60V-20.8AMP ONLY CHARGING TO 65.2VOLTS/ERROR CODE 06 SHUTTING OFF/LCD DISPLAY READING 72.3VOLTS,,,,,,1,$0.00,$0.00,$0.00,$0.00,$0.00,$0.00,$0.00,0
E20ST FRONT WHEEL S/HAND,,,,,,1,$50.00,$45.45,$0.00,$0.00,$0.00,$0.00,$45.45,100
E20ST INSTALL TYRE SUPPLIED BY CUSTOMER & CHECK FOR SHARP EDGES IN RIM,,,,,,1,$50.00,$45.45,$0.00,$0.00,$0.00,$0.00,$45.45,100
SM Rear Rack / CLASSIC/BASIC with lights,SM-R-RK-CLS-BSC,,9495C6F6,Smartmotion,"Kunshan Cyclisport Co., Ltd",1,$153.85,$139.86,$0.00,$0.00,$0.00,$93.24,$46.62,33.33
SM KEY AND LOCK - CLASSIC G3,,,,,,1,$38.42,$34.93,$0.00,$0.00,$0.00,$0.00,$34.93,100
TUBE 20X2,,,,,,1,$13.00,$11.82,$0.00,$0.00,$0.00,$0.00,$11.82,100
VSETT 10+ T bar block cover,VS-10+-TBAR-BLK-CVR,,46595EBE,VSETT,Ningbo Vsett,1,$7.54,$6.85,$0.00,$0.00,$0.00,$6.85,$0.00,0
KAABO CONTROLLER,,,,,,1,$120.00,$109.09,$0.00,$0.00,$0.00,$0.00,$109.09,100
C1 Bicycle Rear light,C1-BI-RE-LGT,,ABDB4195,C1,,1,$69.00,$62.73,$0.00,$0.00,$0.00,$0.00,$62.73,100
ZERO 10 REPAIR FLAT TYRE & CHECK OVER,,,,,,1,$50.00,$45.45,$0.00,$0.00,$0.00,$0.00,$45.45,100
VSETT 11+ NOISE IN REAR MOTOR BEARINGS WORN/LIGHTING BOX ISSUES/FLAT FRONT TYRE/CHECK BRAKES,,,,,,1,$222.50,$202.27,$0.00,$0.00,$222.50,$0.00,$202.27,100
PLEASE SEE JOSH FOR PART DETAILS,,,,,,1,$0.00,$0.00,$0.00,$0.00,$0.00,$0.00,$0.00,0
Centre Mount Kickstand,,,,,,1,$45.95,$41.77,$0.00,$0.00,$0.00,$0.00,$41.77,100
BATTERY 36V-15.6AMP NOT CHARGING,,,,,,1,$50.00,$45.45,$0.00,$0.00,$0.00,$0.00,$45.45,100
ZERO 9 FULL SERVICE,,,,,,1,$100.00,$90.91,$0.00,$0.00,$0.00,$0.00,$90.91,100
On Guard  OG Series mini u lock - Keyed 5810,MINI-DTULOCK-KEY -5810,,B96AF1D3,On Guard,Bikecorp,1,$35.96,$32.69,$4.00,$0.00,$0.00,$24.24,$8.45,25.84
BATTERY BUTTON SWITCH - SLIM LINE,,,,,,1,$5.00,$4.55,$0.00,$0.00,$0.00,$0.00,$4.55,100
VSETT 11+ Light,VS-11+-LIGHT,,9F6D072C,VSETT,Ningbo Vsett,1,$0.00,$0.00,$123.23,$0.00,$0.00,$112.03,-$112.03,0
KUSH SCOOTER BRAKE LEVER ISSUES,,,,,,1,$50.00,$45.45,$0.00,$0.00,$50.00,$0.00,$45.45,100
VSETT 10+$299 MAJOR SERVICE/BLINKER NOT WORKING/BRAKE BLEED/TYRES REPLACED,,,,,,1,$134.10,$121.91,$0.00,$0.00,$134.10,$0.00,$121.91,100
VSETT 9 REPAIR FLAT TYRE,,,,,,1,$50.00,$45.45,$0.00,$0.00,$50.00,$0.00,$45.45,100
SM Classic Controller 2014 15 16,SM-CLS-CON-2014,,FAA8A34C,Smartmotion,"Kunshan Cyclisport Co., Ltd",1,$0.00,$0.00,$104.90,$0.00,$0.00,$0.00,$0.00,0
Dualtron Thunder 2,DUALTRON-THNDR -2,TAKEN,B246B886,Dualtron,Extreme Toys,1,"$6,449.00","$5,862.73",$0.00,$0.00,$0.00,"$4,935.00",$927.73,15.82
DRAGON X10 REPAIR FLAT REAR  TYRE,,,,,,1,$100.00,$90.91,$0.00,$0.00,$100.00,$0.00,$90.91,100
"KAABO MANTIC 10"" REAR DISC DAMAGED",,,,,,1,$50.00,$45.45,$0.00,$0.00,$50.00,$0.00,$45.45,100
ZERO 9 / VSETT 9 BOTH REAR TYRES FLAT & FIRST SERVICE ON VSETT 9,,,,,,1,$100.00,$90.91,$0.00,$0.00,$100.00,$0.00,$90.91,100
NAMI Burn-E Viper V2,NAMI-BURN-E-V2,TBA,40F991A4,NAMI,,1,"$3,747.44","$3,406.76",$0.00,$0.00,$0.00,"$3,406.77",$0.00,0
E-20 BATTERY TERMINAL END,,,,,,1,$0.00,$0.00,$0.00,$0.00,$0.00,$0.00,$0.00,0
Hypersonic Neo Motor - Montinova,HYP-NEO-MOTOR,,4301890F,Smartmotion,"Kunshan Cyclisport Co., Ltd",1,$0.00,$0.00,$700.00,$0.00,$0.00,$440.00,-$440.00,0
SM Inner Tubes / 27.5 X 2.10-2.4,SM-IN-27-2.10,,F402E02C,,,1,$13.00,$11.82,$0.00,$0.00,$13.00,$0.00,$11.82,100
SM Controller/MidDrive/PacerGT,SM-CONT-MID-PGT,,721DA342,Smartmotion,"Kunshan Cyclisport Co., Ltd",1,$150.00,$136.36,$0.00,$0.00,$0.00,$104.90,$31.46,23.07
Zero Motor Cable / ZERO 10 / 10X / 8X,ZER-MOT-CBL-10,,40E7DEC4,,Zero E-Scooters Australia,1,$16.17,$14.70,$0.00,$0.00,$0.00,$10.50,$4.20,28.57
CATALYST SERVICE & FLAT REAR TYRE & WRAP RIM TAPE & BATTERY LOOSE,,,,,,1,$100.00,$90.91,$0.00,$0.00,$100.00,$0.00,$90.91,100
8.5-2 low profile tyre,,,,,,1,$25.00,$22.73,$0.00,$0.00,$0.00,$0.00,$22.73,100
RIGHT HAND BRAKE LEVER UNIT,,,,,,1,$75.00,$68.18,$0.00,$0.00,$0.00,$0.00,$68.18,100
ZERO 8 Front Wheel Hub,ZER-8-WHE-HUB,,36B2AE60,Zero,Falcon PEV Pte Ltd,1,$31.50,$28.64,$0.00,$0.00,$0.00,$15.75,$12.89,45
"Smartmotion Xurban Neo 18"" / Teal",SM-Xurban-NEO-18-TEAL copy,G5XC210510,16F0D20B,Smartmotion,"Kunshan Cyclisport Co., Ltd",1,"$3,654.15","$3,321.95",$644.85,$0.00,$0.00,"$3,006.29",$315.66,9.5
Rock n Roll,,,,,,1,$20.00,$18.18,$0.00,$0.00,$0.00,$0.00,$18.18,100
VSETT 10+ Headlights (white),VS-10+-HDLGHTS- W,,AD087A31,VSETT,Ningbo Vsett,1,$11.58,$10.63,$1.42,$0.00,$0.00,$9.28,$1.35,12.73
ZERO 8 FIRST SERVICE & FIX KICK STAND,,,,,,1,$20.00,$18.18,$0.00,$0.00,$0.00,$0.00,$18.18,100
SM Saddle / Mid Range - Black,SM-SAD-MID-RNG,,98899D48,Smartmotion,"Kunshan Cyclisport Co., Ltd",1,$89.10,$81.00,$9.90,$0.00,$34.00,$50.00,$31.00,38.27
E20 Battery Repair,,,,,,1,$0.00,$0.00,$0.00,$0.00,$0.00,$0.00,$0.00,0
REID E-BIKE INSTALL NEW TYRES & CHECK OVER,,,,,,1,$50.00,$45.45,$0.00,$0.00,$50.00,$0.00,$45.45,100
SM Side Bags - Satchel Bag,SM-SIDEBAG -SAT,,8BD7DB23,Smartmotion,"Kunshan Cyclisport Co., Ltd",1,$89.10,$81.00,$9.90,$0.00,$0.00,$54.95,$26.05,32.16
SM BARREL LOCK HOUSING/KEYS,,,,,,1,$40.00,$36.36,$0.00,$0.00,$0.00,$0.00,$36.36,100
SM TUBE 27.5 X 2.25,,,,,,1,$13.00,$11.82,$0.00,$0.00,$0.00,$0.00,$11.82,100
SM TYRE 27.5 X2.25,,,,,,1,$20.00,$18.18,$0.00,$0.00,$0.00,$0.00,$18.18,100
GOOD S/HAND CHAIN,,,,,,1,$15.00,$13.64,$0.00,$0.00,$0.00,$0.00,$13.64,100
Mid Drive pedal assist sensor,,,,,,1,$0.00,$0.00,$19.47,$0.00,$0.00,$0.00,$0.00,0
SM E20 Thumb Throttle,,,,,,1,$0.00,$0.00,$0.00,$0.00,$0.00,$0.00,$0.00,0
PACER RACK WIRING LOOM DAMAGED,,,,,,1,$50.00,$45.45,$0.00,$0.00,$0.00,$0.00,$45.45,100
ALP Paragon Lite Elbow Protector - Black / Medium,ALP-PR-ELBW-LITE-BK-M,,9A7DBE79,Alpinestars,Bikesportz Imports Pty Ltd,1,$85.46,$77.69,$9.49,$0.00,$0.00,$0.00,$77.69,100
ALP Paragon Plus KneeProtector - Black / Medium,ALP-PR-KNEE-PLUS-BK-M,,A48F2E1D,Alpinestars,Bikesportz Imports Pty Ltd,1,$80.96,$73.60,$8.99,$0.00,$0.00,$0.00,$73.60,100
Cycle On Helmet,,,,,,1,$30.00,$27.27,$0.00,$0.00,$0.00,$0.00,$27.27,100
ALP Drop 6.0 Gloves - Black / Small,ALP-GL-DROP6.0-BK-S,,7AC99C1C,Alpinestars,Bikesportz Imports Pty Ltd,1,$53.96,$49.05,$6.00,$0.00,$0.00,$59.95,-$10.90,-22.22
Helmet - STATUS / Black / XS,HELMET-STATUS-BL-XS,,9DDFDB41,,FE Sports,1,$269.99,$245.45,$30.00,$0.00,$0.00,$179.99,$65.46,26.67
ALP Paragon Lite Elbow Protector - Black / Small,ALP-PR-ELBW-LITE-BK-S,,E9A3E4AA,Alpinestars,Bikesportz Imports Pty Ltd,1,$85.46,$77.69,$9.49,$0.00,$0.00,$0.00,$77.69,100
ALP Paragon Plus KneeProtector - Black / Large,ALP-PR-KNEE-PLUS-BK-L,,6FBA3F34,Alpinestars,Bikesportz Imports Pty Ltd,1,$80.96,$73.60,$8.99,$0.00,$0.00,$0.00,$73.60,100
SLIMLINE BATTERY 15.6AH TEST AND REPAIR,,,,,,1,$0.00,$0.00,$0.00,$0.00,$0.00,$0.00,$0.00,0
WARRANTY BATTERY REPAIR AND CHARGER,,,,,,1,$0.00,$0.00,$0.00,$0.00,$0.00,$0.00,$0.00,0
VSETT 8/8+ LED strip (main pole),VS-8/8+-LED-STRIP,,8FEEF1F1,VSETT,Ningbo Vsett,1,$0.00,$0.00,$4.02,$0.00,$0.00,$3.65,-$3.65,0
SM Cassette - Sunrace 9 Speed,SM-CSST- SUN-9SP,,9153ED5A,Smartmotion,"Kunshan Cyclisport Co., Ltd",1,$0.00,$0.00,$28.96,$0.00,$0.00,$21.94,-$21.94,0
111 Inner Gear Cable 3M,,,,,,1,$13.00,$11.82,$0.00,$0.00,$0.00,$0.00,$11.82,100
SM Dapu Wheel Speed Sensor,,,,,,1,$0.00,$0.00,$27.45,$0.00,$26.45,$0.00,$0.00,0
Wheel Magnet,,,,,,1,$0.00,$0.00,$5.00,$0.00,$0.00,$0.00,$0.00,0
XCITY SAND WARRANTY REPAIR,,,,,,1,$0.00,$0.00,$0.00,$0.00,$0.00,$0.00,$0.00,0
BATTERY REPAIR WARRANTY 15.6AH SLIMLINE,,,,,,1,$0.00,$0.00,$0.00,$0.00,$0.00,$0.00,$0.00,0
KUSH INSPECT & QUOTE ON FITTING NEW BATTERY,,,,,,1,$50.00,$45.45,$0.00,$0.00,$50.00,$0.00,$45.45,100
"DRAGON/ ZERO 10X INSTALL OFF ROAD TYRES & HEADSET REPAIR, CHECK OVER ON DRAGON",,,,,,1,$170.00,$154.55,$0.00,$0.00,$170.00,$0.00,$154.55,100
ZERO 8 WONT CHARGE & TURN ON,,,,,,1,$50.00,$45.45,$0.00,$0.00,$0.00,$0.00,$45.45,100
Vsett BMS 10+,,,,,,1,$0.00,$0.00,$33.00,$0.00,$0.00,$0.00,$0.00,0
SM Rear Wheel E20 ST,SM-R-WHEEL-E20,,2C37CFA4,,,1,$0.00,$32.13,$353.47,$0.00,$0.00,$164.79,-$132.66,-412.83
TUBE 27.5 X 2.20,,,,,,1,$13.00,$11.82,$0.00,$0.00,$0.00,$0.00,$11.82,100
Madbike glove xl,,,,,,1,$35.00,$31.82,$0.00,$0.00,$0.00,$0.00,$31.82,100
2X ZERO 10 FIRST SERVICE,,,,,,1,$0.00,$0.00,$0.00,$0.00,$0.00,$0.00,$0.00,0
"MI 365 SCOOTER GOT WET WONT TURN ON, INSPECT & QUOTE ON REPAIR",,,,,,1,$0.00,$0.00,$0.00,$0.00,$0.00,$0.00,$0.00,0
DRAGON GTS REPAIR BRAKE SYSTEM,,,,,,1,$50.00,$45.45,$0.00,$0.00,$0.00,$0.00,$45.45,100
ZERO Head Stem / Black,ZER-WAKE-STEM-BLK,,63D07FF4,Zero,Falcon PEV Pte Ltd,1,$55.00,$50.00,$0.00,$0.00,$0.00,$38.50,$11.50,23
E-CITY BLUE FIT KICK STAND & REPAIR LCD DISPLY HOUSING,,,,,,1,$50.00,$45.45,$0.00,$0.00,$50.00,$0.00,$45.45,100
VSETT 8+ Battery,VS-8+-BATT-48V16-LG,,038DFDB3,VSETT,Ningbo Vsett,1,$0.00,$0.00,$588.00,$0.00,$0.00,$534.55,-$534.55,0
POSTAGE,,,,,,1,$12.85,$11.68,$0.00,$0.00,$0.00,$0.00,$11.68,100
\SM BRAKE LEAVER - LEFT,,,,,,1,$45.95,$41.77,$0.00,$0.00,$0.00,$0.00,$41.77,100
"DRAGON STYLE SCOOTER WENT THROUGH CREEK, WONT TURN ON QUOTE ON REPAIR",,,,,,1,$50.00,$45.45,$0.00,$0.00,$50.00,$0.00,$45.45,100
RED GO-KART SET-UP UNIT & CHECK SETTINGS,,,,,,1,$50.00,$45.45,$0.00,$0.00,$0.00,$0.00,$45.45,100
MI 365 SCOOTER REPAIR FLAT FRONT TYRE,,,,,,1,$45.55,$41.41,$0.00,$0.00,$45.55,$0.00,$41.41,100
ZERO Steering Damper Kit / ZERO 10X - stock 245mm,ZER-STE-DMP-10X,,68A32AB5,Zero,Falcon PEV Pte Ltd,1,$123.08,$111.89,$0.00,$0.00,$0.00,$71.40,$40.49,36.19
VSETT 9/9+ Motor cover,VS-9/9+-MOTOR-COVR,,3538A7DD,VSETT,Ningbo Vsett,1,$2.26,$2.05,$0.00,$0.00,$0.00,$2.05,$0.00,0
ZERO 8 Battery / 48V 13AH,ZER-8-BATT-48V13,LGS-19X07K12D1020,AF05012C,Zero,Falcon PEV Pte Ltd,1,$525.00,$477.27,$0.00,$0.00,$0.00,$294.00,$183.27,38.4
ZERO 8 S:F8410210805188 THROTTLE RANDOMLY NOT WORKING -WARRANTY-,,,,,,1,$0.00,$0.00,$0.00,$0.00,$0.00,$0.00,$0.00,0
Schwarble Big Apple 26 x 2.00 Tyre,,,,,,1,$65.00,$59.09,$0.00,$0.00,$0.00,$0.00,$59.09,100
SM Power Rocker Switch/Button,,,,,,1,$9.95,$9.05,$0.00,$0.00,$0.00,$9.95,-$0.90,-10
SM classic controller,,,,,,1,$150.00,$136.36,$0.00,$0.00,$0.00,$150.00,-$13.64,-10
KWT Bike Storage Super Stand,KWT-BIKE-STAND,,2D5BDEDC,KWT,KWT Imports,1,$45.00,$40.91,$0.00,$0.00,$0.00,$19.31,$21.60,52.81
WORK SHOP SUPPLY,,,,,,1,$11.00,$10.00,$0.00,$0.00,$0.00,$0.00,$10.00,100
BRAKE CABLE INNER 3M,,,,,,1,$15.00,$13.64,$0.00,$0.00,$0.00,$0.00,$13.64,100
DUALTRON HAD CRASH DAMAGED MOTOR CABLE,,,,,,1,$200.00,$181.82,$0.00,$0.00,$0.00,$0.00,$181.82,100
G4 CONTROLLER,,,,,,1,$115.50,$105.00,$0.00,$0.00,$0.50,$0.00,$105.00,100
Freight and Deliver,,,,,,1,$0.00,$0.00,$0.00,$0.00,$0.00,$0.00,$0.00,0
MID CITY SPEED SENSOR,,,,,,1,$0.00,$0.00,$27.33,$0.00,$0.00,$0.00,$0.00,0
ZERO Single/Dual Change Line Switch,ZER-DUAL-SWT,,E237BE4F,Zero,Falcon PEV Pte Ltd,1,$17.50,$15.91,$7.50,$0.00,$0.00,$19.23,-$3.32,-20.87
SM E20 Battery Ends Step Thru,SM-BATT-ENDS-E20,,DA0B106E,Smartmotion,"Kunshan Cyclisport Co., Ltd",1,$0.00,$0.00,$12.15,$0.00,$0.00,$6.74,-$6.74,0
NR MICRO 850,,,,,,1,$46.00,$41.82,$0.00,$0.00,$0.00,$0.00,$41.82,100
SM e20st Battery button/indicator board,,,,,,1,$18.50,$16.82,$0.00,$0.00,$0.00,$18.50,-$1.68,-10
"DRAGON STYLE, REAR MOTOR PLAYING UP, INSPECT & QUOTE",,,,,,1,$30.00,$27.27,$0.00,$0.00,$30.00,$0.00,$27.27,100
ZERO Deck Cover / ZERO 8X Deck Cover,ZER-8X-DEC-COV,,4101D304,Zero,Falcon PEV Pte Ltd,1,$45.00,$40.91,$0.00,$0.00,$0.00,$28.00,$12.91,31.56
SM Crank Arm left Basic range,SM-CRNK-L-BSC-RNG,,2F0BB594,Smartmotion,"Kunshan Cyclisport Co., Ltd",1,$35.00,$31.82,$0.00,$0.00,$0.00,$26.92,$4.90,15.39
e20 throttle thumb style,,,,,,1,$0.00,$0.00,$0.00,$0.00,$0.00,$0.00,$0.00,0
Smartmotion e20 (Red) 36V 12.8Ah,,,,,,1,"$1,699.00","$1,544.55",$0.00,$0.00,$0.00,"$1,699.00",-$154.45,-10
36V Sports Battery Circuit Board,,,,,,1,$46.00,$41.82,$0.00,$0.00,$1.00,$45.00,-$3.18,-7.61
X-DEMO SM BATTERY 36V-15A WDDHB36015S20110072,,,,,,1,$500.00,$454.55,$0.00,$0.00,$0.00,$0.00,$454.55,100
VSETT 8 S:V8S48V611030005 DECK CRACKED [ CROOZE WARRANTY ] CUSTOMER BOBBY KUNST 0401093252,,,,,,1,$0.00,$0.00,$0.00,$0.00,$0.00,$0.00,$0.00,0
ZERO 8 S:F8410210805188 THROTTLE NOT WORKING RANDOMLY,,,,,,1,$0.00,$0.00,$0.00,$0.00,$0.00,$0.00,$0.00,0
ZERO BRAKE LEVER SWITCH,,,,,,1,$0.00,$0.00,$5.00,$0.00,$0.00,$0.00,$0.00,0
VSETT 8S:V8S48V61030005 DECK CRACKED [ CROOZE WARRANTY ],,,,,,1,$0.00,$0.00,$0.00,$0.00,$0.00,$0.00,$0.00,0
VSETT 8 S:V8S48V6121070100 FRONT BRAKE CABLE BROKEN,,,,,,1,$50.00,$45.45,$0.00,$0.00,$0.00,$0.00,$45.45,100
SM PAWLS - Dapu Gen 1 Chainring Service  Kit,SM-MT-DMDG1PAWL0,,BE6574FD,Smartmotion,"Kunshan Cyclisport Co., Ltd",1,$4.62,$4.20,$0.00,$0.00,$0.00,$2.80,$1.40,33.4
SM Speed Sensor Hypersonic / 6 Pin,SM-SP-SENSOR-6PIN,,D1592149,Smartmotion,"Kunshan Cyclisport Co., Ltd",1,$27.45,$24.95,$0.00,$0.00,$0.00,$0.00,$24.95,100
ZERO 10X Deck Frame,ZER-10X-DEC-FRA,,3C119569,Zero,Falcon PEV Pte Ltd,1,$230.00,$209.09,$0.00,$0.00,$0.00,$161.00,$48.09,23
ZERO 10X LIMITED HAD CRASH QUOTE ON ALL PARTS DAMAGED,,,,,,1,$0.00,$0.00,$0.00,$0.00,$0.00,$0.00,$0.00,0
Battery test,,,,,,1,$0.00,$0.00,$65.00,$0.00,$0.00,$0.00,$0.00,0
SMARTMOTION PACER GT SUSPENSION FORK,,,,,,1,$96.00,$87.27,$96.00,$0.00,$0.00,$0.00,$87.27,100
VSETT 9+ Charger,VS-9+-CHARGER- 48V,,44603D8D,VSETT,Ningbo Vsett,1,$45.39,$41.26,$0.00,$0.00,$0.00,$17.46,$23.80,57.69
VSETT 9/9+ Motor Rim,VS-9/9+-MOTOR-RIM,,E69B7022,VSETT,Ningbo Vsett,1,$14.24,$12.95,$0.00,$0.00,$0.00,$12.95,$0.00,0
BENELLE SCOOTER REPAIR FLAT TYRE,,,,,,1,$40.00,$36.36,$0.00,$0.00,$0.00,$0.00,$36.36,100
HYPERSONIC NEO AXEL SKEWER,,,,,,1,$0.00,$0.00,$0.00,$0.00,$0.00,$0.00,$0.00,0
XIAOMI SCOOTER REPAIR FLAT TYRE,,,,,,1,$40.00,$36.36,$0.00,$0.00,$0.00,$0.00,$36.36,100
ZERO 9 INSTALL SOLID TYRE SUPPLIED BY CUSTOMER,,,,,,1,$50.00,$45.45,$0.00,$0.00,$0.00,$0.00,$45.45,100
Vsett 8 Solid Rear Tyre,VSETT-8-SLD- TYRE,,363A015F,,,1,$35.00,$31.82,$0.00,$0.00,$0.00,$22.40,$9.42,29.6
BATTERY LOCK HOUSING WITHOUT BARREL,,,,,,1,$20.00,$18.18,$0.00,$0.00,$0.00,$0.00,$18.18,100
SM CATALYST TYRES REPLACED / CHECK DISCS & PADS / BATTERY HARD TO GET OUT HOUSING CRACKED / NOISE IN CRANKS,,,,,,1,$125.00,$113.64,$0.00,$0.00,$0.00,$0.00,$113.64,100
MI 365 SCOOTER FIT NEW TYRE,,,,,,1,$40.00,$36.36,$0.00,$0.00,$0.00,$0.00,$36.36,100
SM Brake Pads / Ashima AD0104 (New Ecity),SM-BRK-PADS-ASHIMA,,A0159210,Smartmotion,"Kunshan Cyclisport Co., Ltd",1,$13.97,$12.70,$5.99,$0.00,$0.00,$11.67,$1.03,8.08
Poistage,,,,,,1,$15.95,$15.95,$0.00,$0.00,$0.00,$15.95,$0.00,0
MACHINE SCOOTER REPAIR BOTH FLAT TYRES,,,,,,1,$60.00,$54.55,$0.00,$0.00,$0.00,$0.00,$54.55,100
SM Bottle Cage Sports,,,,,,1,$20.00,$18.18,$0.00,$0.00,$0.00,$0.00,$18.18,100
Helicoil,,,,,,1,$8.00,$7.27,$0.00,$0.00,$0.00,$8.00,-$0.73,-10
"SM Wheelset / 27.5"" Front w/Deep Black Rim / MID-CITY",SM-WHL-SET-F-27.5-BLK,,E92FFFCC,,,1,$97.50,$88.64,$0.00,$0.00,$97.50,$0.00,$88.64,100
Road Freight,,,,,,1,$69.50,$69.50,$0.00,$0.00,$0.00,$0.00,$69.50,100
ZERO Steering Neck / ZERO 10 Steering Neck,ZER-10-STE-NEC,,9A7633E9,Zero,Falcon PEV Pte Ltd,1,$0.00,$0.00,$88.46,$0.00,$0.00,$42.00,-$42.00,0
SM SPORTS SEAT POST,,,,,,1,$0.00,$0.00,$0.00,$0.00,$0.00,$0.00,$0.00,0
"X-CITY TEAL 24"" FIRST SERVICE",,,,,,1,$0.00,$0.00,$0.00,$0.00,$0.00,$0.00,$0.00,0
Tri Flow Oil Wet Drip 170ml,TRI-FLOW-OIL,,2146B837,,Bicycle Parts Wholesale,1,$7.34,$6.67,$4.34,$0.00,$0.00,$10.62,-$3.95,-59.17
KAABO MANTIS REPAIR FLAT REAR TYRE & CHECK OVER,,,,,,1,$50.00,$45.45,$0.00,$0.00,$0.00,$0.00,$45.45,100
Volt foam Grips,VOLT-FOAM-GRIPS-1,,56A8E02E,,,1,$25.00,$22.73,$0.00,$0.00,$0.00,$25.00,-$2.27,-10
urban x5 tyre,,,,,,1,$35.00,$31.82,$0.00,$0.00,$35.00,$0.00,$31.82,100
BLACK MID-CITY 27.5 FIRST SERVICE,,,,,,1,$0.00,$0.00,$0.00,$0.00,$0.00,$0.00,$0.00,0
Oxford Mini Flick Bell,OX-MIN-FL-BELL,,D4B9010A,OXFORD,,1,$5.95,$5.41,$0.00,$0.00,$0.00,$0.00,$5.41,100
VSETT 8 INSTALL SOLID TYRE,,,,,,1,$65.00,$59.09,$0.00,$0.00,$0.00,$0.00,$59.09,100
"VSETT 8 V8S48V61070007 DECK REPLACEMENT, CROOZE WARRANTY CUSTOMER BOBBY KUNST PH:0401093252",,,,,,1,$0.00,$0.00,$0.00,$0.00,$0.00,$0.00,$0.00,0
express post,,,,,,1,$12.55,$12.55,$0.00,$0.00,$0.00,$0.00,$12.55,100
SM Throttle / LH Thumb / HYPERSONIC,SM-TH-LHJ3PF2000,,572E0593,Smartmotion,"Kunshan Cyclisport Co., Ltd",1,$26.92,$24.47,$0.00,$0.00,$0.00,$16.32,$8.16,33.33
"SM E-CITY BLUE, HIT BY CAR QUOTE ON ALL PARTS DAMAGED",,,,,,1,$150.00,$136.36,$0.00,$0.00,$150.00,$0.00,$136.36,100
Parcel Post,,,,,,1,$9.30,$9.30,$0.00,$0.00,$0.00,$0.00,$9.30,100
FLIGHT E-BIKE POWER CUTTING IN &  OUT & POWER DAMAGED & CHECK BRAKES,,,,,,1,$100.00,$90.91,$0.00,$0.00,$100.00,$0.00,$90.91,100
tyre and tube in the past,,,,,,1,$50.00,$45.45,$0.00,$0.00,$0.00,$0.00,$45.45,100
vsett 9 motor,,,,,,1,$170.00,$154.55,$0.00,$0.00,$0.00,$0.00,$154.55,100
Hydraulic Mineral Oil 100ml,,,,,,1,$18.95,$17.23,$0.00,$0.00,$0.00,$0.00,$17.23,100
EZmtb universal Bleed Kit,UBK,,B0CD0481,Elite,Bikecorp,1,$29.99,$27.26,$0.00,$0.00,$0.00,$16.49,$10.77,39.52
CLARKS GEAR WIRE S/S,,,,,,1,$15.00,$13.64,$0.00,$0.00,$0.00,$0.00,$13.64,100
SM CRANK SET S/HAND,,,,,,1,$50.00,$45.45,$0.00,$0.00,$0.00,$0.00,$45.45,100
SM Saddle / Basic Range - Black,SM-SAD-BSC-RNG,,A2F33632,Smartmotion,"Kunshan Cyclisport Co., Ltd",1,$0.00,$0.00,$55.00,$0.00,$0.00,$42.31,-$42.31,0
CALLIPER,,,,,,1,$0.00,$0.00,$65.00,$0.00,$0.00,$0.00,$0.00,0
SM Rear Rack / w/o Light/Wires / E20,SM-R-RK-E2S-R20N0,,CEC86982,Smartmotion,"Kunshan Cyclisport Co., Ltd",1,$99.00,$90.00,$0.00,$0.00,$45.15,$32.63,$57.37,63.74
AFTERSHOKZ AEROPLEX Wireless Bluetooth Headphones / Lunar Grey,AFTRSHKZ-HDPHNS-GY,,657D88B1,,FE Sports,1,$200.00,$181.82,$49.00,$0.00,$0.00,$249.00,-$67.18,-36.95
Smartmortion e20 stepthrough,,,,,,1,"$1,699.00","$1,544.55",$0.00,$0.00,"$1,699.00",$0.00,"$1,544.55",100
Tubeless Valve,,,,,,1,$10.00,$9.09,$0.00,$0.00,$0.00,$0.00,$9.09,100
ZERO 10X LTD BATTERY POUCH,,,,,,1,$150.00,$136.36,$0.00,$0.00,$0.00,$0.00,$136.36,100
VSETT 10+ Cover plate (plastic),VS-10+-COVR-PLT-PLASTIC,,675A467C,VSETT,Ningbo Vsett,1,$32.94,$30.40,$7.06,$0.00,$0.00,$30.56,-$0.16,-0.54
"FRONT FORKS TO SUIT SM X-CITY 27.5""",,,,,,1,$199.00,$180.91,$0.01,$0.00,$0.00,$199.01,-$18.10,-10.01
SM Battery/Part/End/Classic / SL Trm/End / Non fuse Terminal End,SM-BAT-PRT-END-CL-H-TERM,,,,,1,$49.95,$45.41,$0.00,$0.00,$15.80,$34.15,$11.26,24.79
On Guard - Alarm,,,,,,1,$100.00,$90.91,$0.00,$0.00,$0.00,$0.00,$90.91,100
OLD S/HAND BATTERY. NOTE NO WARRANTY,,,,,,1,$350.00,$318.18,$0.00,$0.00,$0.00,$0.00,$318.18,100
Warranty Work,,,,,,1,$74.25,$67.50,$0.00,$0.00,$0.00,$74.25,-$6.75,-10
workshop labour,,,,,,1,$55.00,$50.00,$0.00,$0.00,$0.00,$0.00,$50.00,100
Cobra Scooter,,,,,,0,$0.00,$0.00,$0.00,$0.00,$0.00,$0.00,$0.00,0
Azur Dual Mini Light,,,,,,0,$0.00,$0.00,$0.00,$0.00,$0.00,$0.00,$0.00,0
LED STRIP REAR CARGO MID CITY,,,,,,0,$0.00,$0.00,$0.00,$0.00,$0.00,$0.00,$0.00,0
ZOOM LH BRAKE LEVER,,,,,,0,$0.00,$0.00,$0.00,$0.00,$0.00,$0.00,$0.00,0
CATALYST SCREEN C800,,,,,,0,$0.00,$0.00,$0.00,$0.00,$0.00,$0.00,$0.00,0
MIDCITY DERAILIER,,,,,,0,$0.00,$0.00,$0.00,$0.00,$0.00,$0.00,$0.00,0
SM Free Hub Dapu M155 - E20/ECITY/PACER/CATALYST,SM-FRE-HUB-DAPU,,E1FE15D8,Smartmotion,"Kunshan Cyclisport Co., Ltd",0,$0.00,$0.00,$0.00,$0.00,$0.00,$0.00,$0.00,0
SM Brake Lever Hydraulic Tektro / Standard Left,SM-BRK-LVR-HYD-TKT-STD-L,,A4F33231,Smartmotion,"Kunshan Cyclisport Co., Ltd",0,$0.00,$0.00,$0.00,$0.00,$0.00,$0.00,$0.00,0
ZERO 10X Battery / 18.2Ah,ZER-BATT-10X-52V18.2,"Nill, Nill",246723AE,Zero,Falcon PEV Pte Ltd,0,$0.00,$0.00,$0.00,$0.00,$0.00,$0.00,$0.00,0
SM Battery - Sport / 48V 17.5AH Single Pin,SM-BTRY-SPT-48V-17.5-STD,,61823151,Smartmotion,"Kunshan Cyclisport Co., Ltd",0,$0.00,$0.00,$0.00,$0.00,$0.00,$0.00,$0.00,0
SM Display Screen / Colour LCD - C800S -HYPERSONIC - NEO,SM-DIS-HS-NEO,,4BFC9AD6,Smartmotion,"Kunshan Cyclisport Co., Ltd",0,$0.00,$0.00,$0.00,$0.00,$0.00,$0.00,$0.00,0
wheel magnet,,,,,,0,$0.00,$0.00,$0.00,$0.00,$0.00,$0.00,$0.00,0
Dapu speed sensor,,,,,,0,$0.00,$0.00,$0.00,$0.00,$2.90,$0.00,$0.00,0
Freight,,,,,,0,$0.00,$0.00,$0.00,$0.00,$0.00,$0.00,$0.00,0
